2025-05-23 10:00:59,378 INFO SparkSession initialized
2025-05-23 10:01:01,692 ERROR Failed to read streaming data: An error occurred while calling o40.csv.
: org.apache.hadoop.security.KerberosAuthException: failure to login: javax.security.auth.login.LoginException: java.lang.NullPointerException: invalid null input: name
	at jdk.security.auth/com.sun.security.auth.UnixPrincipal.<init>(UnixPrincipal.java:71)
	at jdk.security.auth/com.sun.security.auth.module.UnixLoginModule.login(UnixLoginModule.java:134)
	at java.base/javax.security.auth.login.LoginContext.invoke(LoginContext.java:755)
	at java.base/javax.security.auth.login.LoginContext$4.run(LoginContext.java:679)
	at java.base/javax.security.auth.login.LoginContext$4.run(LoginContext.java:677)
	at java.base/java.security.AccessController.doPrivileged(AccessController.java:712)
	at java.base/javax.security.auth.login.LoginContext.invokePriv(LoginContext.java:677)
	at java.base/javax.security.auth.login.LoginContext.login(LoginContext.java:587)
	at org.apache.hadoop.security.UserGroupInformation$HadoopLoginContext.login(UserGroupInformation.java:2065)
	at org.apache.hadoop.security.UserGroupInformation.doSubjectLogin(UserGroupInformation.java:1975)
	at org.apache.hadoop.security.UserGroupInformation.createLoginUser(UserGroupInformation.java:719)
	at org.apache.hadoop.security.UserGroupInformation.getLoginUser(UserGroupInformation.java:669)
	at org.apache.hadoop.security.UserGroupInformation.getCurrentUser(UserGroupInformation.java:579)
	at org.apache.hadoop.fs.FileSystem$Cache$Key.<init>(FileSystem.java:3746)
	at org.apache.hadoop.fs.FileSystem$Cache$Key.<init>(FileSystem.java:3736)
	at org.apache.hadoop.fs.FileSystem$Cache.get(FileSystem.java:3520)
	at org.apache.hadoop.fs.FileSystem.get(FileSystem.java:540)
	at org.apache.hadoop.fs.FileSystem.get(FileSystem.java:288)
	at org.apache.hadoop.fs.FileSystem.get(FileSystem.java:524)
	at org.apache.hadoop.fs.Path.getFileSystem(Path.java:365)
	at org.apache.spark.sql.execution.datasources.DataSource.sourceSchema(DataSource.scala:246)
	at org.apache.spark.sql.execution.datasources.DataSource.sourceInfo$lzycompute(DataSource.scala:118)
	at org.apache.spark.sql.execution.datasources.DataSource.sourceInfo(DataSource.scala:118)
	at org.apache.spark.sql.execution.streaming.StreamingRelation$.apply(StreamingRelation.scala:36)
	at org.apache.spark.sql.streaming.DataStreamReader.loadInternal(DataStreamReader.scala:198)
	at org.apache.spark.sql.streaming.DataStreamReader.load(DataStreamReader.scala:212)
	at org.apache.spark.sql.streaming.DataStreamReader.csv(DataStreamReader.scala:260)
	at java.base/jdk.internal.reflect.NativeMethodAccessorImpl.invoke0(Native Method)
	at java.base/jdk.internal.reflect.NativeMethodAccessorImpl.invoke(NativeMethodAccessorImpl.java:77)
	at java.base/jdk.internal.reflect.DelegatingMethodAccessorImpl.invoke(DelegatingMethodAccessorImpl.java:43)
	at java.base/java.lang.reflect.Method.invoke(Method.java:568)
	at py4j.reflection.MethodInvoker.invoke(MethodInvoker.java:244)
	at py4j.reflection.ReflectionEngine.invoke(ReflectionEngine.java:374)
	at py4j.Gateway.invoke(Gateway.java:282)
	at py4j.commands.AbstractCommand.invokeMethod(AbstractCommand.java:132)
	at py4j.commands.CallCommand.execute(CallCommand.java:79)
	at py4j.ClientServerConnection.waitForCommands(ClientServerConnection.java:182)
	at py4j.ClientServerConnection.run(ClientServerConnection.java:106)
	at java.base/java.lang.Thread.run(Thread.java:840)

	at org.apache.hadoop.security.UserGroupInformation.doSubjectLogin(UserGroupInformation.java:1986)
	at org.apache.hadoop.security.UserGroupInformation.createLoginUser(UserGroupInformation.java:719)
	at org.apache.hadoop.security.UserGroupInformation.getLoginUser(UserGroupInformation.java:669)
	at org.apache.hadoop.security.UserGroupInformation.getCurrentUser(UserGroupInformation.java:579)
	at org.apache.hadoop.fs.FileSystem$Cache$Key.<init>(FileSystem.java:3746)
	at org.apache.hadoop.fs.FileSystem$Cache$Key.<init>(FileSystem.java:3736)
	at org.apache.hadoop.fs.FileSystem$Cache.get(FileSystem.java:3520)
	at org.apache.hadoop.fs.FileSystem.get(FileSystem.java:540)
	at org.apache.hadoop.fs.FileSystem.get(FileSystem.java:288)
	at org.apache.hadoop.fs.FileSystem.get(FileSystem.java:524)
	at org.apache.hadoop.fs.Path.getFileSystem(Path.java:365)
	at org.apache.spark.sql.execution.datasources.DataSource.sourceSchema(DataSource.scala:246)
	at org.apache.spark.sql.execution.datasources.DataSource.sourceInfo$lzycompute(DataSource.scala:118)
	at org.apache.spark.sql.execution.datasources.DataSource.sourceInfo(DataSource.scala:118)
	at org.apache.spark.sql.execution.streaming.StreamingRelation$.apply(StreamingRelation.scala:36)
	at org.apache.spark.sql.streaming.DataStreamReader.loadInternal(DataStreamReader.scala:198)
	at org.apache.spark.sql.streaming.DataStreamReader.load(DataStreamReader.scala:212)
	at org.apache.spark.sql.streaming.DataStreamReader.csv(DataStreamReader.scala:260)
	at java.base/jdk.internal.reflect.NativeMethodAccessorImpl.invoke0(Native Method)
	at java.base/jdk.internal.reflect.NativeMethodAccessorImpl.invoke(NativeMethodAccessorImpl.java:77)
	at java.base/jdk.internal.reflect.DelegatingMethodAccessorImpl.invoke(DelegatingMethodAccessorImpl.java:43)
	at java.base/java.lang.reflect.Method.invoke(Method.java:568)
	at py4j.reflection.MethodInvoker.invoke(MethodInvoker.java:244)
	at py4j.reflection.ReflectionEngine.invoke(ReflectionEngine.java:374)
	at py4j.Gateway.invoke(Gateway.java:282)
	at py4j.commands.AbstractCommand.invokeMethod(AbstractCommand.java:132)
	at py4j.commands.CallCommand.execute(CallCommand.java:79)
	at py4j.ClientServerConnection.waitForCommands(ClientServerConnection.java:182)
	at py4j.ClientServerConnection.run(ClientServerConnection.java:106)
	at java.base/java.lang.Thread.run(Thread.java:840)
Caused by: javax.security.auth.login.LoginException: java.lang.NullPointerException: invalid null input: name
	at jdk.security.auth/com.sun.security.auth.UnixPrincipal.<init>(UnixPrincipal.java:71)
	at jdk.security.auth/com.sun.security.auth.module.UnixLoginModule.login(UnixLoginModule.java:134)
	at java.base/javax.security.auth.login.LoginContext.invoke(LoginContext.java:755)
	at java.base/javax.security.auth.login.LoginContext$4.run(LoginContext.java:679)
	at java.base/javax.security.auth.login.LoginContext$4.run(LoginContext.java:677)
	at java.base/java.security.AccessController.doPrivileged(AccessController.java:712)
	at java.base/javax.security.auth.login.LoginContext.invokePriv(LoginContext.java:677)
	at java.base/javax.security.auth.login.LoginContext.login(LoginContext.java:587)
	at org.apache.hadoop.security.UserGroupInformation$HadoopLoginContext.login(UserGroupInformation.java:2065)
	at org.apache.hadoop.security.UserGroupInformation.doSubjectLogin(UserGroupInformation.java:1975)
	at org.apache.hadoop.security.UserGroupInformation.createLoginUser(UserGroupInformation.java:719)
	at org.apache.hadoop.security.UserGroupInformation.getLoginUser(UserGroupInformation.java:669)
	at org.apache.hadoop.security.UserGroupInformation.getCurrentUser(UserGroupInformation.java:579)
	at org.apache.hadoop.fs.FileSystem$Cache$Key.<init>(FileSystem.java:3746)
	at org.apache.hadoop.fs.FileSystem$Cache$Key.<init>(FileSystem.java:3736)
	at org.apache.hadoop.fs.FileSystem$Cache.get(FileSystem.java:3520)
	at org.apache.hadoop.fs.FileSystem.get(FileSystem.java:540)
	at org.apache.hadoop.fs.FileSystem.get(FileSystem.java:288)
	at org.apache.hadoop.fs.FileSystem.get(FileSystem.java:524)
	at org.apache.hadoop.fs.Path.getFileSystem(Path.java:365)
	at org.apache.spark.sql.execution.datasources.DataSource.sourceSchema(DataSource.scala:246)
	at org.apache.spark.sql.execution.datasources.DataSource.sourceInfo$lzycompute(DataSource.scala:118)
	at org.apache.spark.sql.execution.datasources.DataSource.sourceInfo(DataSource.scala:118)
	at org.apache.spark.sql.execution.streaming.StreamingRelation$.apply(StreamingRelation.scala:36)
	at org.apache.spark.sql.streaming.DataStreamReader.loadInternal(DataStreamReader.scala:198)
	at org.apache.spark.sql.streaming.DataStreamReader.load(DataStreamReader.scala:212)
	at org.apache.spark.sql.streaming.DataStreamReader.csv(DataStreamReader.scala:260)
	at java.base/jdk.internal.reflect.NativeMethodAccessorImpl.invoke0(Native Method)
	at java.base/jdk.internal.reflect.NativeMethodAccessorImpl.invoke(NativeMethodAccessorImpl.java:77)
	at java.base/jdk.internal.reflect.DelegatingMethodAccessorImpl.invoke(DelegatingMethodAccessorImpl.java:43)
	at java.base/java.lang.reflect.Method.invoke(Method.java:568)
	at py4j.reflection.MethodInvoker.invoke(MethodInvoker.java:244)
	at py4j.reflection.ReflectionEngine.invoke(ReflectionEngine.java:374)
	at py4j.Gateway.invoke(Gateway.java:282)
	at py4j.commands.AbstractCommand.invokeMethod(AbstractCommand.java:132)
	at py4j.commands.CallCommand.execute(CallCommand.java:79)
	at py4j.ClientServerConnection.waitForCommands(ClientServerConnection.java:182)
	at py4j.ClientServerConnection.run(ClientServerConnection.java:106)
	at java.base/java.lang.Thread.run(Thread.java:840)

	at java.base/javax.security.auth.login.LoginContext.invoke(LoginContext.java:850)
	at java.base/javax.security.auth.login.LoginContext$4.run(LoginContext.java:679)
	at java.base/javax.security.auth.login.LoginContext$4.run(LoginContext.java:677)
	at java.base/java.security.AccessController.doPrivileged(AccessController.java:712)
	at java.base/javax.security.auth.login.LoginContext.invokePriv(LoginContext.java:677)
	at java.base/javax.security.auth.login.LoginContext.login(LoginContext.java:587)
	at org.apache.hadoop.security.UserGroupInformation$HadoopLoginContext.login(UserGroupInformation.java:2065)
	at org.apache.hadoop.security.UserGroupInformation.doSubjectLogin(UserGroupInformation.java:1975)
	... 29 more

2025-05-23 10:01:02,142 ERROR Application failed: An error occurred while calling o40.csv.
: org.apache.hadoop.security.KerberosAuthException: failure to login: javax.security.auth.login.LoginException: java.lang.NullPointerException: invalid null input: name
	at jdk.security.auth/com.sun.security.auth.UnixPrincipal.<init>(UnixPrincipal.java:71)
	at jdk.security.auth/com.sun.security.auth.module.UnixLoginModule.login(UnixLoginModule.java:134)
	at java.base/javax.security.auth.login.LoginContext.invoke(LoginContext.java:755)
	at java.base/javax.security.auth.login.LoginContext$4.run(LoginContext.java:679)
	at java.base/javax.security.auth.login.LoginContext$4.run(LoginContext.java:677)
	at java.base/java.security.AccessController.doPrivileged(AccessController.java:712)
	at java.base/javax.security.auth.login.LoginContext.invokePriv(LoginContext.java:677)
	at java.base/javax.security.auth.login.LoginContext.login(LoginContext.java:587)
	at org.apache.hadoop.security.UserGroupInformation$HadoopLoginContext.login(UserGroupInformation.java:2065)
	at org.apache.hadoop.security.UserGroupInformation.doSubjectLogin(UserGroupInformation.java:1975)
	at org.apache.hadoop.security.UserGroupInformation.createLoginUser(UserGroupInformation.java:719)
	at org.apache.hadoop.security.UserGroupInformation.getLoginUser(UserGroupInformation.java:669)
	at org.apache.hadoop.security.UserGroupInformation.getCurrentUser(UserGroupInformation.java:579)
	at org.apache.hadoop.fs.FileSystem$Cache$Key.<init>(FileSystem.java:3746)
	at org.apache.hadoop.fs.FileSystem$Cache$Key.<init>(FileSystem.java:3736)
	at org.apache.hadoop.fs.FileSystem$Cache.get(FileSystem.java:3520)
	at org.apache.hadoop.fs.FileSystem.get(FileSystem.java:540)
	at org.apache.hadoop.fs.FileSystem.get(FileSystem.java:288)
	at org.apache.hadoop.fs.FileSystem.get(FileSystem.java:524)
	at org.apache.hadoop.fs.Path.getFileSystem(Path.java:365)
	at org.apache.spark.sql.execution.datasources.DataSource.sourceSchema(DataSource.scala:246)
	at org.apache.spark.sql.execution.datasources.DataSource.sourceInfo$lzycompute(DataSource.scala:118)
	at org.apache.spark.sql.execution.datasources.DataSource.sourceInfo(DataSource.scala:118)
	at org.apache.spark.sql.execution.streaming.StreamingRelation$.apply(StreamingRelation.scala:36)
	at org.apache.spark.sql.streaming.DataStreamReader.loadInternal(DataStreamReader.scala:198)
	at org.apache.spark.sql.streaming.DataStreamReader.load(DataStreamReader.scala:212)
	at org.apache.spark.sql.streaming.DataStreamReader.csv(DataStreamReader.scala:260)
	at java.base/jdk.internal.reflect.NativeMethodAccessorImpl.invoke0(Native Method)
	at java.base/jdk.internal.reflect.NativeMethodAccessorImpl.invoke(NativeMethodAccessorImpl.java:77)
	at java.base/jdk.internal.reflect.DelegatingMethodAccessorImpl.invoke(DelegatingMethodAccessorImpl.java:43)
	at java.base/java.lang.reflect.Method.invoke(Method.java:568)
	at py4j.reflection.MethodInvoker.invoke(MethodInvoker.java:244)
	at py4j.reflection.ReflectionEngine.invoke(ReflectionEngine.java:374)
	at py4j.Gateway.invoke(Gateway.java:282)
	at py4j.commands.AbstractCommand.invokeMethod(AbstractCommand.java:132)
	at py4j.commands.CallCommand.execute(CallCommand.java:79)
	at py4j.ClientServerConnection.waitForCommands(ClientServerConnection.java:182)
	at py4j.ClientServerConnection.run(ClientServerConnection.java:106)
	at java.base/java.lang.Thread.run(Thread.java:840)

	at org.apache.hadoop.security.UserGroupInformation.doSubjectLogin(UserGroupInformation.java:1986)
	at org.apache.hadoop.security.UserGroupInformation.createLoginUser(UserGroupInformation.java:719)
	at org.apache.hadoop.security.UserGroupInformation.getLoginUser(UserGroupInformation.java:669)
	at org.apache.hadoop.security.UserGroupInformation.getCurrentUser(UserGroupInformation.java:579)
	at org.apache.hadoop.fs.FileSystem$Cache$Key.<init>(FileSystem.java:3746)
	at org.apache.hadoop.fs.FileSystem$Cache$Key.<init>(FileSystem.java:3736)
	at org.apache.hadoop.fs.FileSystem$Cache.get(FileSystem.java:3520)
	at org.apache.hadoop.fs.FileSystem.get(FileSystem.java:540)
	at org.apache.hadoop.fs.FileSystem.get(FileSystem.java:288)
	at org.apache.hadoop.fs.FileSystem.get(FileSystem.java:524)
	at org.apache.hadoop.fs.Path.getFileSystem(Path.java:365)
	at org.apache.spark.sql.execution.datasources.DataSource.sourceSchema(DataSource.scala:246)
	at org.apache.spark.sql.execution.datasources.DataSource.sourceInfo$lzycompute(DataSource.scala:118)
	at org.apache.spark.sql.execution.datasources.DataSource.sourceInfo(DataSource.scala:118)
	at org.apache.spark.sql.execution.streaming.StreamingRelation$.apply(StreamingRelation.scala:36)
	at org.apache.spark.sql.streaming.DataStreamReader.loadInternal(DataStreamReader.scala:198)
	at org.apache.spark.sql.streaming.DataStreamReader.load(DataStreamReader.scala:212)
	at org.apache.spark.sql.streaming.DataStreamReader.csv(DataStreamReader.scala:260)
	at java.base/jdk.internal.reflect.NativeMethodAccessorImpl.invoke0(Native Method)
	at java.base/jdk.internal.reflect.NativeMethodAccessorImpl.invoke(NativeMethodAccessorImpl.java:77)
	at java.base/jdk.internal.reflect.DelegatingMethodAccessorImpl.invoke(DelegatingMethodAccessorImpl.java:43)
	at java.base/java.lang.reflect.Method.invoke(Method.java:568)
	at py4j.reflection.MethodInvoker.invoke(MethodInvoker.java:244)
	at py4j.reflection.ReflectionEngine.invoke(ReflectionEngine.java:374)
	at py4j.Gateway.invoke(Gateway.java:282)
	at py4j.commands.AbstractCommand.invokeMethod(AbstractCommand.java:132)
	at py4j.commands.CallCommand.execute(CallCommand.java:79)
	at py4j.ClientServerConnection.waitForCommands(ClientServerConnection.java:182)
	at py4j.ClientServerConnection.run(ClientServerConnection.java:106)
	at java.base/java.lang.Thread.run(Thread.java:840)
Caused by: javax.security.auth.login.LoginException: java.lang.NullPointerException: invalid null input: name
	at jdk.security.auth/com.sun.security.auth.UnixPrincipal.<init>(UnixPrincipal.java:71)
	at jdk.security.auth/com.sun.security.auth.module.UnixLoginModule.login(UnixLoginModule.java:134)
	at java.base/javax.security.auth.login.LoginContext.invoke(LoginContext.java:755)
	at java.base/javax.security.auth.login.LoginContext$4.run(LoginContext.java:679)
	at java.base/javax.security.auth.login.LoginContext$4.run(LoginContext.java:677)
	at java.base/java.security.AccessController.doPrivileged(AccessController.java:712)
	at java.base/javax.security.auth.login.LoginContext.invokePriv(LoginContext.java:677)
	at java.base/javax.security.auth.login.LoginContext.login(LoginContext.java:587)
	at org.apache.hadoop.security.UserGroupInformation$HadoopLoginContext.login(UserGroupInformation.java:2065)
	at org.apache.hadoop.security.UserGroupInformation.doSubjectLogin(UserGroupInformation.java:1975)
	at org.apache.hadoop.security.UserGroupInformation.createLoginUser(UserGroupInformation.java:719)
	at org.apache.hadoop.security.UserGroupInformation.getLoginUser(UserGroupInformation.java:669)
	at org.apache.hadoop.security.UserGroupInformation.getCurrentUser(UserGroupInformation.java:579)
	at org.apache.hadoop.fs.FileSystem$Cache$Key.<init>(FileSystem.java:3746)
	at org.apache.hadoop.fs.FileSystem$Cache$Key.<init>(FileSystem.java:3736)
	at org.apache.hadoop.fs.FileSystem$Cache.get(FileSystem.java:3520)
	at org.apache.hadoop.fs.FileSystem.get(FileSystem.java:540)
	at org.apache.hadoop.fs.FileSystem.get(FileSystem.java:288)
	at org.apache.hadoop.fs.FileSystem.get(FileSystem.java:524)
	at org.apache.hadoop.fs.Path.getFileSystem(Path.java:365)
	at org.apache.spark.sql.execution.datasources.DataSource.sourceSchema(DataSource.scala:246)
	at org.apache.spark.sql.execution.datasources.DataSource.sourceInfo$lzycompute(DataSource.scala:118)
	at org.apache.spark.sql.execution.datasources.DataSource.sourceInfo(DataSource.scala:118)
	at org.apache.spark.sql.execution.streaming.StreamingRelation$.apply(StreamingRelation.scala:36)
	at org.apache.spark.sql.streaming.DataStreamReader.loadInternal(DataStreamReader.scala:198)
	at org.apache.spark.sql.streaming.DataStreamReader.load(DataStreamReader.scala:212)
	at org.apache.spark.sql.streaming.DataStreamReader.csv(DataStreamReader.scala:260)
	at java.base/jdk.internal.reflect.NativeMethodAccessorImpl.invoke0(Native Method)
	at java.base/jdk.internal.reflect.NativeMethodAccessorImpl.invoke(NativeMethodAccessorImpl.java:77)
	at java.base/jdk.internal.reflect.DelegatingMethodAccessorImpl.invoke(DelegatingMethodAccessorImpl.java:43)
	at java.base/java.lang.reflect.Method.invoke(Method.java:568)
	at py4j.reflection.MethodInvoker.invoke(MethodInvoker.java:244)
	at py4j.reflection.ReflectionEngine.invoke(ReflectionEngine.java:374)
	at py4j.Gateway.invoke(Gateway.java:282)
	at py4j.commands.AbstractCommand.invokeMethod(AbstractCommand.java:132)
	at py4j.commands.CallCommand.execute(CallCommand.java:79)
	at py4j.ClientServerConnection.waitForCommands(ClientServerConnection.java:182)
	at py4j.ClientServerConnection.run(ClientServerConnection.java:106)
	at java.base/java.lang.Thread.run(Thread.java:840)

	at java.base/javax.security.auth.login.LoginContext.invoke(LoginContext.java:850)
	at java.base/javax.security.auth.login.LoginContext$4.run(LoginContext.java:679)
	at java.base/javax.security.auth.login.LoginContext$4.run(LoginContext.java:677)
	at java.base/java.security.AccessController.doPrivileged(AccessController.java:712)
	at java.base/javax.security.auth.login.LoginContext.invokePriv(LoginContext.java:677)
	at java.base/javax.security.auth.login.LoginContext.login(LoginContext.java:587)
	at org.apache.hadoop.security.UserGroupInformation$HadoopLoginContext.login(UserGroupInformation.java:2065)
	at org.apache.hadoop.security.UserGroupInformation.doSubjectLogin(UserGroupInformation.java:1975)
	... 29 more

2025-05-23 10:01:02,194 INFO Closing down clientserver connection
2025-05-23 10:01:11,328 INFO SparkSession initialized
2025-05-23 10:01:13,372 ERROR Failed to read streaming data: An error occurred while calling o40.csv.
: org.apache.hadoop.security.KerberosAuthException: failure to login: javax.security.auth.login.LoginException: java.lang.NullPointerException: invalid null input: name
	at jdk.security.auth/com.sun.security.auth.UnixPrincipal.<init>(UnixPrincipal.java:71)
	at jdk.security.auth/com.sun.security.auth.module.UnixLoginModule.login(UnixLoginModule.java:134)
	at java.base/javax.security.auth.login.LoginContext.invoke(LoginContext.java:755)
	at java.base/javax.security.auth.login.LoginContext$4.run(LoginContext.java:679)
	at java.base/javax.security.auth.login.LoginContext$4.run(LoginContext.java:677)
	at java.base/java.security.AccessController.doPrivileged(AccessController.java:712)
	at java.base/javax.security.auth.login.LoginContext.invokePriv(LoginContext.java:677)
	at java.base/javax.security.auth.login.LoginContext.login(LoginContext.java:587)
	at org.apache.hadoop.security.UserGroupInformation$HadoopLoginContext.login(UserGroupInformation.java:2065)
	at org.apache.hadoop.security.UserGroupInformation.doSubjectLogin(UserGroupInformation.java:1975)
	at org.apache.hadoop.security.UserGroupInformation.createLoginUser(UserGroupInformation.java:719)
	at org.apache.hadoop.security.UserGroupInformation.getLoginUser(UserGroupInformation.java:669)
	at org.apache.hadoop.security.UserGroupInformation.getCurrentUser(UserGroupInformation.java:579)
	at org.apache.hadoop.fs.FileSystem$Cache$Key.<init>(FileSystem.java:3746)
	at org.apache.hadoop.fs.FileSystem$Cache$Key.<init>(FileSystem.java:3736)
	at org.apache.hadoop.fs.FileSystem$Cache.get(FileSystem.java:3520)
	at org.apache.hadoop.fs.FileSystem.get(FileSystem.java:540)
	at org.apache.hadoop.fs.FileSystem.get(FileSystem.java:288)
	at org.apache.hadoop.fs.FileSystem.get(FileSystem.java:524)
	at org.apache.hadoop.fs.Path.getFileSystem(Path.java:365)
	at org.apache.spark.sql.execution.datasources.DataSource.sourceSchema(DataSource.scala:246)
	at org.apache.spark.sql.execution.datasources.DataSource.sourceInfo$lzycompute(DataSource.scala:118)
	at org.apache.spark.sql.execution.datasources.DataSource.sourceInfo(DataSource.scala:118)
	at org.apache.spark.sql.execution.streaming.StreamingRelation$.apply(StreamingRelation.scala:36)
	at org.apache.spark.sql.streaming.DataStreamReader.loadInternal(DataStreamReader.scala:198)
	at org.apache.spark.sql.streaming.DataStreamReader.load(DataStreamReader.scala:212)
	at org.apache.spark.sql.streaming.DataStreamReader.csv(DataStreamReader.scala:260)
	at java.base/jdk.internal.reflect.NativeMethodAccessorImpl.invoke0(Native Method)
	at java.base/jdk.internal.reflect.NativeMethodAccessorImpl.invoke(NativeMethodAccessorImpl.java:77)
	at java.base/jdk.internal.reflect.DelegatingMethodAccessorImpl.invoke(DelegatingMethodAccessorImpl.java:43)
	at java.base/java.lang.reflect.Method.invoke(Method.java:568)
	at py4j.reflection.MethodInvoker.invoke(MethodInvoker.java:244)
	at py4j.reflection.ReflectionEngine.invoke(ReflectionEngine.java:374)
	at py4j.Gateway.invoke(Gateway.java:282)
	at py4j.commands.AbstractCommand.invokeMethod(AbstractCommand.java:132)
	at py4j.commands.CallCommand.execute(CallCommand.java:79)
	at py4j.ClientServerConnection.waitForCommands(ClientServerConnection.java:182)
	at py4j.ClientServerConnection.run(ClientServerConnection.java:106)
	at java.base/java.lang.Thread.run(Thread.java:840)

	at org.apache.hadoop.security.UserGroupInformation.doSubjectLogin(UserGroupInformation.java:1986)
	at org.apache.hadoop.security.UserGroupInformation.createLoginUser(UserGroupInformation.java:719)
	at org.apache.hadoop.security.UserGroupInformation.getLoginUser(UserGroupInformation.java:669)
	at org.apache.hadoop.security.UserGroupInformation.getCurrentUser(UserGroupInformation.java:579)
	at org.apache.hadoop.fs.FileSystem$Cache$Key.<init>(FileSystem.java:3746)
	at org.apache.hadoop.fs.FileSystem$Cache$Key.<init>(FileSystem.java:3736)
	at org.apache.hadoop.fs.FileSystem$Cache.get(FileSystem.java:3520)
	at org.apache.hadoop.fs.FileSystem.get(FileSystem.java:540)
	at org.apache.hadoop.fs.FileSystem.get(FileSystem.java:288)
	at org.apache.hadoop.fs.FileSystem.get(FileSystem.java:524)
	at org.apache.hadoop.fs.Path.getFileSystem(Path.java:365)
	at org.apache.spark.sql.execution.datasources.DataSource.sourceSchema(DataSource.scala:246)
	at org.apache.spark.sql.execution.datasources.DataSource.sourceInfo$lzycompute(DataSource.scala:118)
	at org.apache.spark.sql.execution.datasources.DataSource.sourceInfo(DataSource.scala:118)
	at org.apache.spark.sql.execution.streaming.StreamingRelation$.apply(StreamingRelation.scala:36)
	at org.apache.spark.sql.streaming.DataStreamReader.loadInternal(DataStreamReader.scala:198)
	at org.apache.spark.sql.streaming.DataStreamReader.load(DataStreamReader.scala:212)
	at org.apache.spark.sql.streaming.DataStreamReader.csv(DataStreamReader.scala:260)
	at java.base/jdk.internal.reflect.NativeMethodAccessorImpl.invoke0(Native Method)
	at java.base/jdk.internal.reflect.NativeMethodAccessorImpl.invoke(NativeMethodAccessorImpl.java:77)
	at java.base/jdk.internal.reflect.DelegatingMethodAccessorImpl.invoke(DelegatingMethodAccessorImpl.java:43)
	at java.base/java.lang.reflect.Method.invoke(Method.java:568)
	at py4j.reflection.MethodInvoker.invoke(MethodInvoker.java:244)
	at py4j.reflection.ReflectionEngine.invoke(ReflectionEngine.java:374)
	at py4j.Gateway.invoke(Gateway.java:282)
	at py4j.commands.AbstractCommand.invokeMethod(AbstractCommand.java:132)
	at py4j.commands.CallCommand.execute(CallCommand.java:79)
	at py4j.ClientServerConnection.waitForCommands(ClientServerConnection.java:182)
	at py4j.ClientServerConnection.run(ClientServerConnection.java:106)
	at java.base/java.lang.Thread.run(Thread.java:840)
Caused by: javax.security.auth.login.LoginException: java.lang.NullPointerException: invalid null input: name
	at jdk.security.auth/com.sun.security.auth.UnixPrincipal.<init>(UnixPrincipal.java:71)
	at jdk.security.auth/com.sun.security.auth.module.UnixLoginModule.login(UnixLoginModule.java:134)
	at java.base/javax.security.auth.login.LoginContext.invoke(LoginContext.java:755)
	at java.base/javax.security.auth.login.LoginContext$4.run(LoginContext.java:679)
	at java.base/javax.security.auth.login.LoginContext$4.run(LoginContext.java:677)
	at java.base/java.security.AccessController.doPrivileged(AccessController.java:712)
	at java.base/javax.security.auth.login.LoginContext.invokePriv(LoginContext.java:677)
	at java.base/javax.security.auth.login.LoginContext.login(LoginContext.java:587)
	at org.apache.hadoop.security.UserGroupInformation$HadoopLoginContext.login(UserGroupInformation.java:2065)
	at org.apache.hadoop.security.UserGroupInformation.doSubjectLogin(UserGroupInformation.java:1975)
	at org.apache.hadoop.security.UserGroupInformation.createLoginUser(UserGroupInformation.java:719)
	at org.apache.hadoop.security.UserGroupInformation.getLoginUser(UserGroupInformation.java:669)
	at org.apache.hadoop.security.UserGroupInformation.getCurrentUser(UserGroupInformation.java:579)
	at org.apache.hadoop.fs.FileSystem$Cache$Key.<init>(FileSystem.java:3746)
	at org.apache.hadoop.fs.FileSystem$Cache$Key.<init>(FileSystem.java:3736)
	at org.apache.hadoop.fs.FileSystem$Cache.get(FileSystem.java:3520)
	at org.apache.hadoop.fs.FileSystem.get(FileSystem.java:540)
	at org.apache.hadoop.fs.FileSystem.get(FileSystem.java:288)
	at org.apache.hadoop.fs.FileSystem.get(FileSystem.java:524)
	at org.apache.hadoop.fs.Path.getFileSystem(Path.java:365)
	at org.apache.spark.sql.execution.datasources.DataSource.sourceSchema(DataSource.scala:246)
	at org.apache.spark.sql.execution.datasources.DataSource.sourceInfo$lzycompute(DataSource.scala:118)
	at org.apache.spark.sql.execution.datasources.DataSource.sourceInfo(DataSource.scala:118)
	at org.apache.spark.sql.execution.streaming.StreamingRelation$.apply(StreamingRelation.scala:36)
	at org.apache.spark.sql.streaming.DataStreamReader.loadInternal(DataStreamReader.scala:198)
	at org.apache.spark.sql.streaming.DataStreamReader.load(DataStreamReader.scala:212)
	at org.apache.spark.sql.streaming.DataStreamReader.csv(DataStreamReader.scala:260)
	at java.base/jdk.internal.reflect.NativeMethodAccessorImpl.invoke0(Native Method)
	at java.base/jdk.internal.reflect.NativeMethodAccessorImpl.invoke(NativeMethodAccessorImpl.java:77)
	at java.base/jdk.internal.reflect.DelegatingMethodAccessorImpl.invoke(DelegatingMethodAccessorImpl.java:43)
	at java.base/java.lang.reflect.Method.invoke(Method.java:568)
	at py4j.reflection.MethodInvoker.invoke(MethodInvoker.java:244)
	at py4j.reflection.ReflectionEngine.invoke(ReflectionEngine.java:374)
	at py4j.Gateway.invoke(Gateway.java:282)
	at py4j.commands.AbstractCommand.invokeMethod(AbstractCommand.java:132)
	at py4j.commands.CallCommand.execute(CallCommand.java:79)
	at py4j.ClientServerConnection.waitForCommands(ClientServerConnection.java:182)
	at py4j.ClientServerConnection.run(ClientServerConnection.java:106)
	at java.base/java.lang.Thread.run(Thread.java:840)

	at java.base/javax.security.auth.login.LoginContext.invoke(LoginContext.java:850)
	at java.base/javax.security.auth.login.LoginContext$4.run(LoginContext.java:679)
	at java.base/javax.security.auth.login.LoginContext$4.run(LoginContext.java:677)
	at java.base/java.security.AccessController.doPrivileged(AccessController.java:712)
	at java.base/javax.security.auth.login.LoginContext.invokePriv(LoginContext.java:677)
	at java.base/javax.security.auth.login.LoginContext.login(LoginContext.java:587)
	at org.apache.hadoop.security.UserGroupInformation$HadoopLoginContext.login(UserGroupInformation.java:2065)
	at org.apache.hadoop.security.UserGroupInformation.doSubjectLogin(UserGroupInformation.java:1975)
	... 29 more

2025-05-23 10:01:14,072 ERROR Application failed: An error occurred while calling o40.csv.
: org.apache.hadoop.security.KerberosAuthException: failure to login: javax.security.auth.login.LoginException: java.lang.NullPointerException: invalid null input: name
	at jdk.security.auth/com.sun.security.auth.UnixPrincipal.<init>(UnixPrincipal.java:71)
	at jdk.security.auth/com.sun.security.auth.module.UnixLoginModule.login(UnixLoginModule.java:134)
	at java.base/javax.security.auth.login.LoginContext.invoke(LoginContext.java:755)
	at java.base/javax.security.auth.login.LoginContext$4.run(LoginContext.java:679)
	at java.base/javax.security.auth.login.LoginContext$4.run(LoginContext.java:677)
	at java.base/java.security.AccessController.doPrivileged(AccessController.java:712)
	at java.base/javax.security.auth.login.LoginContext.invokePriv(LoginContext.java:677)
	at java.base/javax.security.auth.login.LoginContext.login(LoginContext.java:587)
	at org.apache.hadoop.security.UserGroupInformation$HadoopLoginContext.login(UserGroupInformation.java:2065)
	at org.apache.hadoop.security.UserGroupInformation.doSubjectLogin(UserGroupInformation.java:1975)
	at org.apache.hadoop.security.UserGroupInformation.createLoginUser(UserGroupInformation.java:719)
	at org.apache.hadoop.security.UserGroupInformation.getLoginUser(UserGroupInformation.java:669)
	at org.apache.hadoop.security.UserGroupInformation.getCurrentUser(UserGroupInformation.java:579)
	at org.apache.hadoop.fs.FileSystem$Cache$Key.<init>(FileSystem.java:3746)
	at org.apache.hadoop.fs.FileSystem$Cache$Key.<init>(FileSystem.java:3736)
	at org.apache.hadoop.fs.FileSystem$Cache.get(FileSystem.java:3520)
	at org.apache.hadoop.fs.FileSystem.get(FileSystem.java:540)
	at org.apache.hadoop.fs.FileSystem.get(FileSystem.java:288)
	at org.apache.hadoop.fs.FileSystem.get(FileSystem.java:524)
	at org.apache.hadoop.fs.Path.getFileSystem(Path.java:365)
	at org.apache.spark.sql.execution.datasources.DataSource.sourceSchema(DataSource.scala:246)
	at org.apache.spark.sql.execution.datasources.DataSource.sourceInfo$lzycompute(DataSource.scala:118)
	at org.apache.spark.sql.execution.datasources.DataSource.sourceInfo(DataSource.scala:118)
	at org.apache.spark.sql.execution.streaming.StreamingRelation$.apply(StreamingRelation.scala:36)
	at org.apache.spark.sql.streaming.DataStreamReader.loadInternal(DataStreamReader.scala:198)
	at org.apache.spark.sql.streaming.DataStreamReader.load(DataStreamReader.scala:212)
	at org.apache.spark.sql.streaming.DataStreamReader.csv(DataStreamReader.scala:260)
	at java.base/jdk.internal.reflect.NativeMethodAccessorImpl.invoke0(Native Method)
	at java.base/jdk.internal.reflect.NativeMethodAccessorImpl.invoke(NativeMethodAccessorImpl.java:77)
	at java.base/jdk.internal.reflect.DelegatingMethodAccessorImpl.invoke(DelegatingMethodAccessorImpl.java:43)
	at java.base/java.lang.reflect.Method.invoke(Method.java:568)
	at py4j.reflection.MethodInvoker.invoke(MethodInvoker.java:244)
	at py4j.reflection.ReflectionEngine.invoke(ReflectionEngine.java:374)
	at py4j.Gateway.invoke(Gateway.java:282)
	at py4j.commands.AbstractCommand.invokeMethod(AbstractCommand.java:132)
	at py4j.commands.CallCommand.execute(CallCommand.java:79)
	at py4j.ClientServerConnection.waitForCommands(ClientServerConnection.java:182)
	at py4j.ClientServerConnection.run(ClientServerConnection.java:106)
	at java.base/java.lang.Thread.run(Thread.java:840)

	at org.apache.hadoop.security.UserGroupInformation.doSubjectLogin(UserGroupInformation.java:1986)
	at org.apache.hadoop.security.UserGroupInformation.createLoginUser(UserGroupInformation.java:719)
	at org.apache.hadoop.security.UserGroupInformation.getLoginUser(UserGroupInformation.java:669)
	at org.apache.hadoop.security.UserGroupInformation.getCurrentUser(UserGroupInformation.java:579)
	at org.apache.hadoop.fs.FileSystem$Cache$Key.<init>(FileSystem.java:3746)
	at org.apache.hadoop.fs.FileSystem$Cache$Key.<init>(FileSystem.java:3736)
	at org.apache.hadoop.fs.FileSystem$Cache.get(FileSystem.java:3520)
	at org.apache.hadoop.fs.FileSystem.get(FileSystem.java:540)
	at org.apache.hadoop.fs.FileSystem.get(FileSystem.java:288)
	at org.apache.hadoop.fs.FileSystem.get(FileSystem.java:524)
	at org.apache.hadoop.fs.Path.getFileSystem(Path.java:365)
	at org.apache.spark.sql.execution.datasources.DataSource.sourceSchema(DataSource.scala:246)
	at org.apache.spark.sql.execution.datasources.DataSource.sourceInfo$lzycompute(DataSource.scala:118)
	at org.apache.spark.sql.execution.datasources.DataSource.sourceInfo(DataSource.scala:118)
	at org.apache.spark.sql.execution.streaming.StreamingRelation$.apply(StreamingRelation.scala:36)
	at org.apache.spark.sql.streaming.DataStreamReader.loadInternal(DataStreamReader.scala:198)
	at org.apache.spark.sql.streaming.DataStreamReader.load(DataStreamReader.scala:212)
	at org.apache.spark.sql.streaming.DataStreamReader.csv(DataStreamReader.scala:260)
	at java.base/jdk.internal.reflect.NativeMethodAccessorImpl.invoke0(Native Method)
	at java.base/jdk.internal.reflect.NativeMethodAccessorImpl.invoke(NativeMethodAccessorImpl.java:77)
	at java.base/jdk.internal.reflect.DelegatingMethodAccessorImpl.invoke(DelegatingMethodAccessorImpl.java:43)
	at java.base/java.lang.reflect.Method.invoke(Method.java:568)
	at py4j.reflection.MethodInvoker.invoke(MethodInvoker.java:244)
	at py4j.reflection.ReflectionEngine.invoke(ReflectionEngine.java:374)
	at py4j.Gateway.invoke(Gateway.java:282)
	at py4j.commands.AbstractCommand.invokeMethod(AbstractCommand.java:132)
	at py4j.commands.CallCommand.execute(CallCommand.java:79)
	at py4j.ClientServerConnection.waitForCommands(ClientServerConnection.java:182)
	at py4j.ClientServerConnection.run(ClientServerConnection.java:106)
	at java.base/java.lang.Thread.run(Thread.java:840)
Caused by: javax.security.auth.login.LoginException: java.lang.NullPointerException: invalid null input: name
	at jdk.security.auth/com.sun.security.auth.UnixPrincipal.<init>(UnixPrincipal.java:71)
	at jdk.security.auth/com.sun.security.auth.module.UnixLoginModule.login(UnixLoginModule.java:134)
	at java.base/javax.security.auth.login.LoginContext.invoke(LoginContext.java:755)
	at java.base/javax.security.auth.login.LoginContext$4.run(LoginContext.java:679)
	at java.base/javax.security.auth.login.LoginContext$4.run(LoginContext.java:677)
	at java.base/java.security.AccessController.doPrivileged(AccessController.java:712)
	at java.base/javax.security.auth.login.LoginContext.invokePriv(LoginContext.java:677)
	at java.base/javax.security.auth.login.LoginContext.login(LoginContext.java:587)
	at org.apache.hadoop.security.UserGroupInformation$HadoopLoginContext.login(UserGroupInformation.java:2065)
	at org.apache.hadoop.security.UserGroupInformation.doSubjectLogin(UserGroupInformation.java:1975)
	at org.apache.hadoop.security.UserGroupInformation.createLoginUser(UserGroupInformation.java:719)
	at org.apache.hadoop.security.UserGroupInformation.getLoginUser(UserGroupInformation.java:669)
	at org.apache.hadoop.security.UserGroupInformation.getCurrentUser(UserGroupInformation.java:579)
	at org.apache.hadoop.fs.FileSystem$Cache$Key.<init>(FileSystem.java:3746)
	at org.apache.hadoop.fs.FileSystem$Cache$Key.<init>(FileSystem.java:3736)
	at org.apache.hadoop.fs.FileSystem$Cache.get(FileSystem.java:3520)
	at org.apache.hadoop.fs.FileSystem.get(FileSystem.java:540)
	at org.apache.hadoop.fs.FileSystem.get(FileSystem.java:288)
	at org.apache.hadoop.fs.FileSystem.get(FileSystem.java:524)
	at org.apache.hadoop.fs.Path.getFileSystem(Path.java:365)
	at org.apache.spark.sql.execution.datasources.DataSource.sourceSchema(DataSource.scala:246)
	at org.apache.spark.sql.execution.datasources.DataSource.sourceInfo$lzycompute(DataSource.scala:118)
	at org.apache.spark.sql.execution.datasources.DataSource.sourceInfo(DataSource.scala:118)
	at org.apache.spark.sql.execution.streaming.StreamingRelation$.apply(StreamingRelation.scala:36)
	at org.apache.spark.sql.streaming.DataStreamReader.loadInternal(DataStreamReader.scala:198)
	at org.apache.spark.sql.streaming.DataStreamReader.load(DataStreamReader.scala:212)
	at org.apache.spark.sql.streaming.DataStreamReader.csv(DataStreamReader.scala:260)
	at java.base/jdk.internal.reflect.NativeMethodAccessorImpl.invoke0(Native Method)
	at java.base/jdk.internal.reflect.NativeMethodAccessorImpl.invoke(NativeMethodAccessorImpl.java:77)
	at java.base/jdk.internal.reflect.DelegatingMethodAccessorImpl.invoke(DelegatingMethodAccessorImpl.java:43)
	at java.base/java.lang.reflect.Method.invoke(Method.java:568)
	at py4j.reflection.MethodInvoker.invoke(MethodInvoker.java:244)
	at py4j.reflection.ReflectionEngine.invoke(ReflectionEngine.java:374)
	at py4j.Gateway.invoke(Gateway.java:282)
	at py4j.commands.AbstractCommand.invokeMethod(AbstractCommand.java:132)
	at py4j.commands.CallCommand.execute(CallCommand.java:79)
	at py4j.ClientServerConnection.waitForCommands(ClientServerConnection.java:182)
	at py4j.ClientServerConnection.run(ClientServerConnection.java:106)
	at java.base/java.lang.Thread.run(Thread.java:840)

	at java.base/javax.security.auth.login.LoginContext.invoke(LoginContext.java:850)
	at java.base/javax.security.auth.login.LoginContext$4.run(LoginContext.java:679)
	at java.base/javax.security.auth.login.LoginContext$4.run(LoginContext.java:677)
	at java.base/java.security.AccessController.doPrivileged(AccessController.java:712)
	at java.base/javax.security.auth.login.LoginContext.invokePriv(LoginContext.java:677)
	at java.base/javax.security.auth.login.LoginContext.login(LoginContext.java:587)
	at org.apache.hadoop.security.UserGroupInformation$HadoopLoginContext.login(UserGroupInformation.java:2065)
	at org.apache.hadoop.security.UserGroupInformation.doSubjectLogin(UserGroupInformation.java:1975)
	... 29 more

2025-05-23 10:01:14,124 INFO Closing down clientserver connection
2025-05-23 10:01:22,201 INFO SparkSession initialized
2025-05-23 10:01:24,273 ERROR Failed to read streaming data: An error occurred while calling o40.csv.
: org.apache.hadoop.security.KerberosAuthException: failure to login: javax.security.auth.login.LoginException: java.lang.NullPointerException: invalid null input: name
	at jdk.security.auth/com.sun.security.auth.UnixPrincipal.<init>(UnixPrincipal.java:71)
	at jdk.security.auth/com.sun.security.auth.module.UnixLoginModule.login(UnixLoginModule.java:134)
	at java.base/javax.security.auth.login.LoginContext.invoke(LoginContext.java:755)
	at java.base/javax.security.auth.login.LoginContext$4.run(LoginContext.java:679)
	at java.base/javax.security.auth.login.LoginContext$4.run(LoginContext.java:677)
	at java.base/java.security.AccessController.doPrivileged(AccessController.java:712)
	at java.base/javax.security.auth.login.LoginContext.invokePriv(LoginContext.java:677)
	at java.base/javax.security.auth.login.LoginContext.login(LoginContext.java:587)
	at org.apache.hadoop.security.UserGroupInformation$HadoopLoginContext.login(UserGroupInformation.java:2065)
	at org.apache.hadoop.security.UserGroupInformation.doSubjectLogin(UserGroupInformation.java:1975)
	at org.apache.hadoop.security.UserGroupInformation.createLoginUser(UserGroupInformation.java:719)
	at org.apache.hadoop.security.UserGroupInformation.getLoginUser(UserGroupInformation.java:669)
	at org.apache.hadoop.security.UserGroupInformation.getCurrentUser(UserGroupInformation.java:579)
	at org.apache.hadoop.fs.FileSystem$Cache$Key.<init>(FileSystem.java:3746)
	at org.apache.hadoop.fs.FileSystem$Cache$Key.<init>(FileSystem.java:3736)
	at org.apache.hadoop.fs.FileSystem$Cache.get(FileSystem.java:3520)
	at org.apache.hadoop.fs.FileSystem.get(FileSystem.java:540)
	at org.apache.hadoop.fs.FileSystem.get(FileSystem.java:288)
	at org.apache.hadoop.fs.FileSystem.get(FileSystem.java:524)
	at org.apache.hadoop.fs.Path.getFileSystem(Path.java:365)
	at org.apache.spark.sql.execution.datasources.DataSource.sourceSchema(DataSource.scala:246)
	at org.apache.spark.sql.execution.datasources.DataSource.sourceInfo$lzycompute(DataSource.scala:118)
	at org.apache.spark.sql.execution.datasources.DataSource.sourceInfo(DataSource.scala:118)
	at org.apache.spark.sql.execution.streaming.StreamingRelation$.apply(StreamingRelation.scala:36)
	at org.apache.spark.sql.streaming.DataStreamReader.loadInternal(DataStreamReader.scala:198)
	at org.apache.spark.sql.streaming.DataStreamReader.load(DataStreamReader.scala:212)
	at org.apache.spark.sql.streaming.DataStreamReader.csv(DataStreamReader.scala:260)
	at java.base/jdk.internal.reflect.NativeMethodAccessorImpl.invoke0(Native Method)
	at java.base/jdk.internal.reflect.NativeMethodAccessorImpl.invoke(NativeMethodAccessorImpl.java:77)
	at java.base/jdk.internal.reflect.DelegatingMethodAccessorImpl.invoke(DelegatingMethodAccessorImpl.java:43)
	at java.base/java.lang.reflect.Method.invoke(Method.java:568)
	at py4j.reflection.MethodInvoker.invoke(MethodInvoker.java:244)
	at py4j.reflection.ReflectionEngine.invoke(ReflectionEngine.java:374)
	at py4j.Gateway.invoke(Gateway.java:282)
	at py4j.commands.AbstractCommand.invokeMethod(AbstractCommand.java:132)
	at py4j.commands.CallCommand.execute(CallCommand.java:79)
	at py4j.ClientServerConnection.waitForCommands(ClientServerConnection.java:182)
	at py4j.ClientServerConnection.run(ClientServerConnection.java:106)
	at java.base/java.lang.Thread.run(Thread.java:840)

	at org.apache.hadoop.security.UserGroupInformation.doSubjectLogin(UserGroupInformation.java:1986)
	at org.apache.hadoop.security.UserGroupInformation.createLoginUser(UserGroupInformation.java:719)
	at org.apache.hadoop.security.UserGroupInformation.getLoginUser(UserGroupInformation.java:669)
	at org.apache.hadoop.security.UserGroupInformation.getCurrentUser(UserGroupInformation.java:579)
	at org.apache.hadoop.fs.FileSystem$Cache$Key.<init>(FileSystem.java:3746)
	at org.apache.hadoop.fs.FileSystem$Cache$Key.<init>(FileSystem.java:3736)
	at org.apache.hadoop.fs.FileSystem$Cache.get(FileSystem.java:3520)
	at org.apache.hadoop.fs.FileSystem.get(FileSystem.java:540)
	at org.apache.hadoop.fs.FileSystem.get(FileSystem.java:288)
	at org.apache.hadoop.fs.FileSystem.get(FileSystem.java:524)
	at org.apache.hadoop.fs.Path.getFileSystem(Path.java:365)
	at org.apache.spark.sql.execution.datasources.DataSource.sourceSchema(DataSource.scala:246)
	at org.apache.spark.sql.execution.datasources.DataSource.sourceInfo$lzycompute(DataSource.scala:118)
	at org.apache.spark.sql.execution.datasources.DataSource.sourceInfo(DataSource.scala:118)
	at org.apache.spark.sql.execution.streaming.StreamingRelation$.apply(StreamingRelation.scala:36)
	at org.apache.spark.sql.streaming.DataStreamReader.loadInternal(DataStreamReader.scala:198)
	at org.apache.spark.sql.streaming.DataStreamReader.load(DataStreamReader.scala:212)
	at org.apache.spark.sql.streaming.DataStreamReader.csv(DataStreamReader.scala:260)
	at java.base/jdk.internal.reflect.NativeMethodAccessorImpl.invoke0(Native Method)
	at java.base/jdk.internal.reflect.NativeMethodAccessorImpl.invoke(NativeMethodAccessorImpl.java:77)
	at java.base/jdk.internal.reflect.DelegatingMethodAccessorImpl.invoke(DelegatingMethodAccessorImpl.java:43)
	at java.base/java.lang.reflect.Method.invoke(Method.java:568)
	at py4j.reflection.MethodInvoker.invoke(MethodInvoker.java:244)
	at py4j.reflection.ReflectionEngine.invoke(ReflectionEngine.java:374)
	at py4j.Gateway.invoke(Gateway.java:282)
	at py4j.commands.AbstractCommand.invokeMethod(AbstractCommand.java:132)
	at py4j.commands.CallCommand.execute(CallCommand.java:79)
	at py4j.ClientServerConnection.waitForCommands(ClientServerConnection.java:182)
	at py4j.ClientServerConnection.run(ClientServerConnection.java:106)
	at java.base/java.lang.Thread.run(Thread.java:840)
Caused by: javax.security.auth.login.LoginException: java.lang.NullPointerException: invalid null input: name
	at jdk.security.auth/com.sun.security.auth.UnixPrincipal.<init>(UnixPrincipal.java:71)
	at jdk.security.auth/com.sun.security.auth.module.UnixLoginModule.login(UnixLoginModule.java:134)
	at java.base/javax.security.auth.login.LoginContext.invoke(LoginContext.java:755)
	at java.base/javax.security.auth.login.LoginContext$4.run(LoginContext.java:679)
	at java.base/javax.security.auth.login.LoginContext$4.run(LoginContext.java:677)
	at java.base/java.security.AccessController.doPrivileged(AccessController.java:712)
	at java.base/javax.security.auth.login.LoginContext.invokePriv(LoginContext.java:677)
	at java.base/javax.security.auth.login.LoginContext.login(LoginContext.java:587)
	at org.apache.hadoop.security.UserGroupInformation$HadoopLoginContext.login(UserGroupInformation.java:2065)
	at org.apache.hadoop.security.UserGroupInformation.doSubjectLogin(UserGroupInformation.java:1975)
	at org.apache.hadoop.security.UserGroupInformation.createLoginUser(UserGroupInformation.java:719)
	at org.apache.hadoop.security.UserGroupInformation.getLoginUser(UserGroupInformation.java:669)
	at org.apache.hadoop.security.UserGroupInformation.getCurrentUser(UserGroupInformation.java:579)
	at org.apache.hadoop.fs.FileSystem$Cache$Key.<init>(FileSystem.java:3746)
	at org.apache.hadoop.fs.FileSystem$Cache$Key.<init>(FileSystem.java:3736)
	at org.apache.hadoop.fs.FileSystem$Cache.get(FileSystem.java:3520)
	at org.apache.hadoop.fs.FileSystem.get(FileSystem.java:540)
	at org.apache.hadoop.fs.FileSystem.get(FileSystem.java:288)
	at org.apache.hadoop.fs.FileSystem.get(FileSystem.java:524)
	at org.apache.hadoop.fs.Path.getFileSystem(Path.java:365)
	at org.apache.spark.sql.execution.datasources.DataSource.sourceSchema(DataSource.scala:246)
	at org.apache.spark.sql.execution.datasources.DataSource.sourceInfo$lzycompute(DataSource.scala:118)
	at org.apache.spark.sql.execution.datasources.DataSource.sourceInfo(DataSource.scala:118)
	at org.apache.spark.sql.execution.streaming.StreamingRelation$.apply(StreamingRelation.scala:36)
	at org.apache.spark.sql.streaming.DataStreamReader.loadInternal(DataStreamReader.scala:198)
	at org.apache.spark.sql.streaming.DataStreamReader.load(DataStreamReader.scala:212)
	at org.apache.spark.sql.streaming.DataStreamReader.csv(DataStreamReader.scala:260)
	at java.base/jdk.internal.reflect.NativeMethodAccessorImpl.invoke0(Native Method)
	at java.base/jdk.internal.reflect.NativeMethodAccessorImpl.invoke(NativeMethodAccessorImpl.java:77)
	at java.base/jdk.internal.reflect.DelegatingMethodAccessorImpl.invoke(DelegatingMethodAccessorImpl.java:43)
	at java.base/java.lang.reflect.Method.invoke(Method.java:568)
	at py4j.reflection.MethodInvoker.invoke(MethodInvoker.java:244)
	at py4j.reflection.ReflectionEngine.invoke(ReflectionEngine.java:374)
	at py4j.Gateway.invoke(Gateway.java:282)
	at py4j.commands.AbstractCommand.invokeMethod(AbstractCommand.java:132)
	at py4j.commands.CallCommand.execute(CallCommand.java:79)
	at py4j.ClientServerConnection.waitForCommands(ClientServerConnection.java:182)
	at py4j.ClientServerConnection.run(ClientServerConnection.java:106)
	at java.base/java.lang.Thread.run(Thread.java:840)

	at java.base/javax.security.auth.login.LoginContext.invoke(LoginContext.java:850)
	at java.base/javax.security.auth.login.LoginContext$4.run(LoginContext.java:679)
	at java.base/javax.security.auth.login.LoginContext$4.run(LoginContext.java:677)
	at java.base/java.security.AccessController.doPrivileged(AccessController.java:712)
	at java.base/javax.security.auth.login.LoginContext.invokePriv(LoginContext.java:677)
	at java.base/javax.security.auth.login.LoginContext.login(LoginContext.java:587)
	at org.apache.hadoop.security.UserGroupInformation$HadoopLoginContext.login(UserGroupInformation.java:2065)
	at org.apache.hadoop.security.UserGroupInformation.doSubjectLogin(UserGroupInformation.java:1975)
	... 29 more

2025-05-23 10:01:24,973 ERROR Application failed: An error occurred while calling o40.csv.
: org.apache.hadoop.security.KerberosAuthException: failure to login: javax.security.auth.login.LoginException: java.lang.NullPointerException: invalid null input: name
	at jdk.security.auth/com.sun.security.auth.UnixPrincipal.<init>(UnixPrincipal.java:71)
	at jdk.security.auth/com.sun.security.auth.module.UnixLoginModule.login(UnixLoginModule.java:134)
	at java.base/javax.security.auth.login.LoginContext.invoke(LoginContext.java:755)
	at java.base/javax.security.auth.login.LoginContext$4.run(LoginContext.java:679)
	at java.base/javax.security.auth.login.LoginContext$4.run(LoginContext.java:677)
	at java.base/java.security.AccessController.doPrivileged(AccessController.java:712)
	at java.base/javax.security.auth.login.LoginContext.invokePriv(LoginContext.java:677)
	at java.base/javax.security.auth.login.LoginContext.login(LoginContext.java:587)
	at org.apache.hadoop.security.UserGroupInformation$HadoopLoginContext.login(UserGroupInformation.java:2065)
	at org.apache.hadoop.security.UserGroupInformation.doSubjectLogin(UserGroupInformation.java:1975)
	at org.apache.hadoop.security.UserGroupInformation.createLoginUser(UserGroupInformation.java:719)
	at org.apache.hadoop.security.UserGroupInformation.getLoginUser(UserGroupInformation.java:669)
	at org.apache.hadoop.security.UserGroupInformation.getCurrentUser(UserGroupInformation.java:579)
	at org.apache.hadoop.fs.FileSystem$Cache$Key.<init>(FileSystem.java:3746)
	at org.apache.hadoop.fs.FileSystem$Cache$Key.<init>(FileSystem.java:3736)
	at org.apache.hadoop.fs.FileSystem$Cache.get(FileSystem.java:3520)
	at org.apache.hadoop.fs.FileSystem.get(FileSystem.java:540)
	at org.apache.hadoop.fs.FileSystem.get(FileSystem.java:288)
	at org.apache.hadoop.fs.FileSystem.get(FileSystem.java:524)
	at org.apache.hadoop.fs.Path.getFileSystem(Path.java:365)
	at org.apache.spark.sql.execution.datasources.DataSource.sourceSchema(DataSource.scala:246)
	at org.apache.spark.sql.execution.datasources.DataSource.sourceInfo$lzycompute(DataSource.scala:118)
	at org.apache.spark.sql.execution.datasources.DataSource.sourceInfo(DataSource.scala:118)
	at org.apache.spark.sql.execution.streaming.StreamingRelation$.apply(StreamingRelation.scala:36)
	at org.apache.spark.sql.streaming.DataStreamReader.loadInternal(DataStreamReader.scala:198)
	at org.apache.spark.sql.streaming.DataStreamReader.load(DataStreamReader.scala:212)
	at org.apache.spark.sql.streaming.DataStreamReader.csv(DataStreamReader.scala:260)
	at java.base/jdk.internal.reflect.NativeMethodAccessorImpl.invoke0(Native Method)
	at java.base/jdk.internal.reflect.NativeMethodAccessorImpl.invoke(NativeMethodAccessorImpl.java:77)
	at java.base/jdk.internal.reflect.DelegatingMethodAccessorImpl.invoke(DelegatingMethodAccessorImpl.java:43)
	at java.base/java.lang.reflect.Method.invoke(Method.java:568)
	at py4j.reflection.MethodInvoker.invoke(MethodInvoker.java:244)
	at py4j.reflection.ReflectionEngine.invoke(ReflectionEngine.java:374)
	at py4j.Gateway.invoke(Gateway.java:282)
	at py4j.commands.AbstractCommand.invokeMethod(AbstractCommand.java:132)
	at py4j.commands.CallCommand.execute(CallCommand.java:79)
	at py4j.ClientServerConnection.waitForCommands(ClientServerConnection.java:182)
	at py4j.ClientServerConnection.run(ClientServerConnection.java:106)
	at java.base/java.lang.Thread.run(Thread.java:840)

	at org.apache.hadoop.security.UserGroupInformation.doSubjectLogin(UserGroupInformation.java:1986)
	at org.apache.hadoop.security.UserGroupInformation.createLoginUser(UserGroupInformation.java:719)
	at org.apache.hadoop.security.UserGroupInformation.getLoginUser(UserGroupInformation.java:669)
	at org.apache.hadoop.security.UserGroupInformation.getCurrentUser(UserGroupInformation.java:579)
	at org.apache.hadoop.fs.FileSystem$Cache$Key.<init>(FileSystem.java:3746)
	at org.apache.hadoop.fs.FileSystem$Cache$Key.<init>(FileSystem.java:3736)
	at org.apache.hadoop.fs.FileSystem$Cache.get(FileSystem.java:3520)
	at org.apache.hadoop.fs.FileSystem.get(FileSystem.java:540)
	at org.apache.hadoop.fs.FileSystem.get(FileSystem.java:288)
	at org.apache.hadoop.fs.FileSystem.get(FileSystem.java:524)
	at org.apache.hadoop.fs.Path.getFileSystem(Path.java:365)
	at org.apache.spark.sql.execution.datasources.DataSource.sourceSchema(DataSource.scala:246)
	at org.apache.spark.sql.execution.datasources.DataSource.sourceInfo$lzycompute(DataSource.scala:118)
	at org.apache.spark.sql.execution.datasources.DataSource.sourceInfo(DataSource.scala:118)
	at org.apache.spark.sql.execution.streaming.StreamingRelation$.apply(StreamingRelation.scala:36)
	at org.apache.spark.sql.streaming.DataStreamReader.loadInternal(DataStreamReader.scala:198)
	at org.apache.spark.sql.streaming.DataStreamReader.load(DataStreamReader.scala:212)
	at org.apache.spark.sql.streaming.DataStreamReader.csv(DataStreamReader.scala:260)
	at java.base/jdk.internal.reflect.NativeMethodAccessorImpl.invoke0(Native Method)
	at java.base/jdk.internal.reflect.NativeMethodAccessorImpl.invoke(NativeMethodAccessorImpl.java:77)
	at java.base/jdk.internal.reflect.DelegatingMethodAccessorImpl.invoke(DelegatingMethodAccessorImpl.java:43)
	at java.base/java.lang.reflect.Method.invoke(Method.java:568)
	at py4j.reflection.MethodInvoker.invoke(MethodInvoker.java:244)
	at py4j.reflection.ReflectionEngine.invoke(ReflectionEngine.java:374)
	at py4j.Gateway.invoke(Gateway.java:282)
	at py4j.commands.AbstractCommand.invokeMethod(AbstractCommand.java:132)
	at py4j.commands.CallCommand.execute(CallCommand.java:79)
	at py4j.ClientServerConnection.waitForCommands(ClientServerConnection.java:182)
	at py4j.ClientServerConnection.run(ClientServerConnection.java:106)
	at java.base/java.lang.Thread.run(Thread.java:840)
Caused by: javax.security.auth.login.LoginException: java.lang.NullPointerException: invalid null input: name
	at jdk.security.auth/com.sun.security.auth.UnixPrincipal.<init>(UnixPrincipal.java:71)
	at jdk.security.auth/com.sun.security.auth.module.UnixLoginModule.login(UnixLoginModule.java:134)
	at java.base/javax.security.auth.login.LoginContext.invoke(LoginContext.java:755)
	at java.base/javax.security.auth.login.LoginContext$4.run(LoginContext.java:679)
	at java.base/javax.security.auth.login.LoginContext$4.run(LoginContext.java:677)
	at java.base/java.security.AccessController.doPrivileged(AccessController.java:712)
	at java.base/javax.security.auth.login.LoginContext.invokePriv(LoginContext.java:677)
	at java.base/javax.security.auth.login.LoginContext.login(LoginContext.java:587)
	at org.apache.hadoop.security.UserGroupInformation$HadoopLoginContext.login(UserGroupInformation.java:2065)
	at org.apache.hadoop.security.UserGroupInformation.doSubjectLogin(UserGroupInformation.java:1975)
	at org.apache.hadoop.security.UserGroupInformation.createLoginUser(UserGroupInformation.java:719)
	at org.apache.hadoop.security.UserGroupInformation.getLoginUser(UserGroupInformation.java:669)
	at org.apache.hadoop.security.UserGroupInformation.getCurrentUser(UserGroupInformation.java:579)
	at org.apache.hadoop.fs.FileSystem$Cache$Key.<init>(FileSystem.java:3746)
	at org.apache.hadoop.fs.FileSystem$Cache$Key.<init>(FileSystem.java:3736)
	at org.apache.hadoop.fs.FileSystem$Cache.get(FileSystem.java:3520)
	at org.apache.hadoop.fs.FileSystem.get(FileSystem.java:540)
	at org.apache.hadoop.fs.FileSystem.get(FileSystem.java:288)
	at org.apache.hadoop.fs.FileSystem.get(FileSystem.java:524)
	at org.apache.hadoop.fs.Path.getFileSystem(Path.java:365)
	at org.apache.spark.sql.execution.datasources.DataSource.sourceSchema(DataSource.scala:246)
	at org.apache.spark.sql.execution.datasources.DataSource.sourceInfo$lzycompute(DataSource.scala:118)
	at org.apache.spark.sql.execution.datasources.DataSource.sourceInfo(DataSource.scala:118)
	at org.apache.spark.sql.execution.streaming.StreamingRelation$.apply(StreamingRelation.scala:36)
	at org.apache.spark.sql.streaming.DataStreamReader.loadInternal(DataStreamReader.scala:198)
	at org.apache.spark.sql.streaming.DataStreamReader.load(DataStreamReader.scala:212)
	at org.apache.spark.sql.streaming.DataStreamReader.csv(DataStreamReader.scala:260)
	at java.base/jdk.internal.reflect.NativeMethodAccessorImpl.invoke0(Native Method)
	at java.base/jdk.internal.reflect.NativeMethodAccessorImpl.invoke(NativeMethodAccessorImpl.java:77)
	at java.base/jdk.internal.reflect.DelegatingMethodAccessorImpl.invoke(DelegatingMethodAccessorImpl.java:43)
	at java.base/java.lang.reflect.Method.invoke(Method.java:568)
	at py4j.reflection.MethodInvoker.invoke(MethodInvoker.java:244)
	at py4j.reflection.ReflectionEngine.invoke(ReflectionEngine.java:374)
	at py4j.Gateway.invoke(Gateway.java:282)
	at py4j.commands.AbstractCommand.invokeMethod(AbstractCommand.java:132)
	at py4j.commands.CallCommand.execute(CallCommand.java:79)
	at py4j.ClientServerConnection.waitForCommands(ClientServerConnection.java:182)
	at py4j.ClientServerConnection.run(ClientServerConnection.java:106)
	at java.base/java.lang.Thread.run(Thread.java:840)

	at java.base/javax.security.auth.login.LoginContext.invoke(LoginContext.java:850)
	at java.base/javax.security.auth.login.LoginContext$4.run(LoginContext.java:679)
	at java.base/javax.security.auth.login.LoginContext$4.run(LoginContext.java:677)
	at java.base/java.security.AccessController.doPrivileged(AccessController.java:712)
	at java.base/javax.security.auth.login.LoginContext.invokePriv(LoginContext.java:677)
	at java.base/javax.security.auth.login.LoginContext.login(LoginContext.java:587)
	at org.apache.hadoop.security.UserGroupInformation$HadoopLoginContext.login(UserGroupInformation.java:2065)
	at org.apache.hadoop.security.UserGroupInformation.doSubjectLogin(UserGroupInformation.java:1975)
	... 29 more

2025-05-23 10:01:25,025 INFO Closing down clientserver connection
2025-05-23 10:01:33,542 INFO SparkSession initialized
2025-05-23 10:01:35,713 ERROR Failed to read streaming data: An error occurred while calling o40.csv.
: org.apache.hadoop.security.KerberosAuthException: failure to login: javax.security.auth.login.LoginException: java.lang.NullPointerException: invalid null input: name
	at jdk.security.auth/com.sun.security.auth.UnixPrincipal.<init>(UnixPrincipal.java:71)
	at jdk.security.auth/com.sun.security.auth.module.UnixLoginModule.login(UnixLoginModule.java:134)
	at java.base/javax.security.auth.login.LoginContext.invoke(LoginContext.java:755)
	at java.base/javax.security.auth.login.LoginContext$4.run(LoginContext.java:679)
	at java.base/javax.security.auth.login.LoginContext$4.run(LoginContext.java:677)
	at java.base/java.security.AccessController.doPrivileged(AccessController.java:712)
	at java.base/javax.security.auth.login.LoginContext.invokePriv(LoginContext.java:677)
	at java.base/javax.security.auth.login.LoginContext.login(LoginContext.java:587)
	at org.apache.hadoop.security.UserGroupInformation$HadoopLoginContext.login(UserGroupInformation.java:2065)
	at org.apache.hadoop.security.UserGroupInformation.doSubjectLogin(UserGroupInformation.java:1975)
	at org.apache.hadoop.security.UserGroupInformation.createLoginUser(UserGroupInformation.java:719)
	at org.apache.hadoop.security.UserGroupInformation.getLoginUser(UserGroupInformation.java:669)
	at org.apache.hadoop.security.UserGroupInformation.getCurrentUser(UserGroupInformation.java:579)
	at org.apache.hadoop.fs.FileSystem$Cache$Key.<init>(FileSystem.java:3746)
	at org.apache.hadoop.fs.FileSystem$Cache$Key.<init>(FileSystem.java:3736)
	at org.apache.hadoop.fs.FileSystem$Cache.get(FileSystem.java:3520)
	at org.apache.hadoop.fs.FileSystem.get(FileSystem.java:540)
	at org.apache.hadoop.fs.FileSystem.get(FileSystem.java:288)
	at org.apache.hadoop.fs.FileSystem.get(FileSystem.java:524)
	at org.apache.hadoop.fs.Path.getFileSystem(Path.java:365)
	at org.apache.spark.sql.execution.datasources.DataSource.sourceSchema(DataSource.scala:246)
	at org.apache.spark.sql.execution.datasources.DataSource.sourceInfo$lzycompute(DataSource.scala:118)
	at org.apache.spark.sql.execution.datasources.DataSource.sourceInfo(DataSource.scala:118)
	at org.apache.spark.sql.execution.streaming.StreamingRelation$.apply(StreamingRelation.scala:36)
	at org.apache.spark.sql.streaming.DataStreamReader.loadInternal(DataStreamReader.scala:198)
	at org.apache.spark.sql.streaming.DataStreamReader.load(DataStreamReader.scala:212)
	at org.apache.spark.sql.streaming.DataStreamReader.csv(DataStreamReader.scala:260)
	at java.base/jdk.internal.reflect.NativeMethodAccessorImpl.invoke0(Native Method)
	at java.base/jdk.internal.reflect.NativeMethodAccessorImpl.invoke(NativeMethodAccessorImpl.java:77)
	at java.base/jdk.internal.reflect.DelegatingMethodAccessorImpl.invoke(DelegatingMethodAccessorImpl.java:43)
	at java.base/java.lang.reflect.Method.invoke(Method.java:568)
	at py4j.reflection.MethodInvoker.invoke(MethodInvoker.java:244)
	at py4j.reflection.ReflectionEngine.invoke(ReflectionEngine.java:374)
	at py4j.Gateway.invoke(Gateway.java:282)
	at py4j.commands.AbstractCommand.invokeMethod(AbstractCommand.java:132)
	at py4j.commands.CallCommand.execute(CallCommand.java:79)
	at py4j.ClientServerConnection.waitForCommands(ClientServerConnection.java:182)
	at py4j.ClientServerConnection.run(ClientServerConnection.java:106)
	at java.base/java.lang.Thread.run(Thread.java:840)

	at org.apache.hadoop.security.UserGroupInformation.doSubjectLogin(UserGroupInformation.java:1986)
	at org.apache.hadoop.security.UserGroupInformation.createLoginUser(UserGroupInformation.java:719)
	at org.apache.hadoop.security.UserGroupInformation.getLoginUser(UserGroupInformation.java:669)
	at org.apache.hadoop.security.UserGroupInformation.getCurrentUser(UserGroupInformation.java:579)
	at org.apache.hadoop.fs.FileSystem$Cache$Key.<init>(FileSystem.java:3746)
	at org.apache.hadoop.fs.FileSystem$Cache$Key.<init>(FileSystem.java:3736)
	at org.apache.hadoop.fs.FileSystem$Cache.get(FileSystem.java:3520)
	at org.apache.hadoop.fs.FileSystem.get(FileSystem.java:540)
	at org.apache.hadoop.fs.FileSystem.get(FileSystem.java:288)
	at org.apache.hadoop.fs.FileSystem.get(FileSystem.java:524)
	at org.apache.hadoop.fs.Path.getFileSystem(Path.java:365)
	at org.apache.spark.sql.execution.datasources.DataSource.sourceSchema(DataSource.scala:246)
	at org.apache.spark.sql.execution.datasources.DataSource.sourceInfo$lzycompute(DataSource.scala:118)
	at org.apache.spark.sql.execution.datasources.DataSource.sourceInfo(DataSource.scala:118)
	at org.apache.spark.sql.execution.streaming.StreamingRelation$.apply(StreamingRelation.scala:36)
	at org.apache.spark.sql.streaming.DataStreamReader.loadInternal(DataStreamReader.scala:198)
	at org.apache.spark.sql.streaming.DataStreamReader.load(DataStreamReader.scala:212)
	at org.apache.spark.sql.streaming.DataStreamReader.csv(DataStreamReader.scala:260)
	at java.base/jdk.internal.reflect.NativeMethodAccessorImpl.invoke0(Native Method)
	at java.base/jdk.internal.reflect.NativeMethodAccessorImpl.invoke(NativeMethodAccessorImpl.java:77)
	at java.base/jdk.internal.reflect.DelegatingMethodAccessorImpl.invoke(DelegatingMethodAccessorImpl.java:43)
	at java.base/java.lang.reflect.Method.invoke(Method.java:568)
	at py4j.reflection.MethodInvoker.invoke(MethodInvoker.java:244)
	at py4j.reflection.ReflectionEngine.invoke(ReflectionEngine.java:374)
	at py4j.Gateway.invoke(Gateway.java:282)
	at py4j.commands.AbstractCommand.invokeMethod(AbstractCommand.java:132)
	at py4j.commands.CallCommand.execute(CallCommand.java:79)
	at py4j.ClientServerConnection.waitForCommands(ClientServerConnection.java:182)
	at py4j.ClientServerConnection.run(ClientServerConnection.java:106)
	at java.base/java.lang.Thread.run(Thread.java:840)
Caused by: javax.security.auth.login.LoginException: java.lang.NullPointerException: invalid null input: name
	at jdk.security.auth/com.sun.security.auth.UnixPrincipal.<init>(UnixPrincipal.java:71)
	at jdk.security.auth/com.sun.security.auth.module.UnixLoginModule.login(UnixLoginModule.java:134)
	at java.base/javax.security.auth.login.LoginContext.invoke(LoginContext.java:755)
	at java.base/javax.security.auth.login.LoginContext$4.run(LoginContext.java:679)
	at java.base/javax.security.auth.login.LoginContext$4.run(LoginContext.java:677)
	at java.base/java.security.AccessController.doPrivileged(AccessController.java:712)
	at java.base/javax.security.auth.login.LoginContext.invokePriv(LoginContext.java:677)
	at java.base/javax.security.auth.login.LoginContext.login(LoginContext.java:587)
	at org.apache.hadoop.security.UserGroupInformation$HadoopLoginContext.login(UserGroupInformation.java:2065)
	at org.apache.hadoop.security.UserGroupInformation.doSubjectLogin(UserGroupInformation.java:1975)
	at org.apache.hadoop.security.UserGroupInformation.createLoginUser(UserGroupInformation.java:719)
	at org.apache.hadoop.security.UserGroupInformation.getLoginUser(UserGroupInformation.java:669)
	at org.apache.hadoop.security.UserGroupInformation.getCurrentUser(UserGroupInformation.java:579)
	at org.apache.hadoop.fs.FileSystem$Cache$Key.<init>(FileSystem.java:3746)
	at org.apache.hadoop.fs.FileSystem$Cache$Key.<init>(FileSystem.java:3736)
	at org.apache.hadoop.fs.FileSystem$Cache.get(FileSystem.java:3520)
	at org.apache.hadoop.fs.FileSystem.get(FileSystem.java:540)
	at org.apache.hadoop.fs.FileSystem.get(FileSystem.java:288)
	at org.apache.hadoop.fs.FileSystem.get(FileSystem.java:524)
	at org.apache.hadoop.fs.Path.getFileSystem(Path.java:365)
	at org.apache.spark.sql.execution.datasources.DataSource.sourceSchema(DataSource.scala:246)
	at org.apache.spark.sql.execution.datasources.DataSource.sourceInfo$lzycompute(DataSource.scala:118)
	at org.apache.spark.sql.execution.datasources.DataSource.sourceInfo(DataSource.scala:118)
	at org.apache.spark.sql.execution.streaming.StreamingRelation$.apply(StreamingRelation.scala:36)
	at org.apache.spark.sql.streaming.DataStreamReader.loadInternal(DataStreamReader.scala:198)
	at org.apache.spark.sql.streaming.DataStreamReader.load(DataStreamReader.scala:212)
	at org.apache.spark.sql.streaming.DataStreamReader.csv(DataStreamReader.scala:260)
	at java.base/jdk.internal.reflect.NativeMethodAccessorImpl.invoke0(Native Method)
	at java.base/jdk.internal.reflect.NativeMethodAccessorImpl.invoke(NativeMethodAccessorImpl.java:77)
	at java.base/jdk.internal.reflect.DelegatingMethodAccessorImpl.invoke(DelegatingMethodAccessorImpl.java:43)
	at java.base/java.lang.reflect.Method.invoke(Method.java:568)
	at py4j.reflection.MethodInvoker.invoke(MethodInvoker.java:244)
	at py4j.reflection.ReflectionEngine.invoke(ReflectionEngine.java:374)
	at py4j.Gateway.invoke(Gateway.java:282)
	at py4j.commands.AbstractCommand.invokeMethod(AbstractCommand.java:132)
	at py4j.commands.CallCommand.execute(CallCommand.java:79)
	at py4j.ClientServerConnection.waitForCommands(ClientServerConnection.java:182)
	at py4j.ClientServerConnection.run(ClientServerConnection.java:106)
	at java.base/java.lang.Thread.run(Thread.java:840)

	at java.base/javax.security.auth.login.LoginContext.invoke(LoginContext.java:850)
	at java.base/javax.security.auth.login.LoginContext$4.run(LoginContext.java:679)
	at java.base/javax.security.auth.login.LoginContext$4.run(LoginContext.java:677)
	at java.base/java.security.AccessController.doPrivileged(AccessController.java:712)
	at java.base/javax.security.auth.login.LoginContext.invokePriv(LoginContext.java:677)
	at java.base/javax.security.auth.login.LoginContext.login(LoginContext.java:587)
	at org.apache.hadoop.security.UserGroupInformation$HadoopLoginContext.login(UserGroupInformation.java:2065)
	at org.apache.hadoop.security.UserGroupInformation.doSubjectLogin(UserGroupInformation.java:1975)
	... 29 more

2025-05-23 10:01:36,214 ERROR Application failed: An error occurred while calling o40.csv.
: org.apache.hadoop.security.KerberosAuthException: failure to login: javax.security.auth.login.LoginException: java.lang.NullPointerException: invalid null input: name
	at jdk.security.auth/com.sun.security.auth.UnixPrincipal.<init>(UnixPrincipal.java:71)
	at jdk.security.auth/com.sun.security.auth.module.UnixLoginModule.login(UnixLoginModule.java:134)
	at java.base/javax.security.auth.login.LoginContext.invoke(LoginContext.java:755)
	at java.base/javax.security.auth.login.LoginContext$4.run(LoginContext.java:679)
	at java.base/javax.security.auth.login.LoginContext$4.run(LoginContext.java:677)
	at java.base/java.security.AccessController.doPrivileged(AccessController.java:712)
	at java.base/javax.security.auth.login.LoginContext.invokePriv(LoginContext.java:677)
	at java.base/javax.security.auth.login.LoginContext.login(LoginContext.java:587)
	at org.apache.hadoop.security.UserGroupInformation$HadoopLoginContext.login(UserGroupInformation.java:2065)
	at org.apache.hadoop.security.UserGroupInformation.doSubjectLogin(UserGroupInformation.java:1975)
	at org.apache.hadoop.security.UserGroupInformation.createLoginUser(UserGroupInformation.java:719)
	at org.apache.hadoop.security.UserGroupInformation.getLoginUser(UserGroupInformation.java:669)
	at org.apache.hadoop.security.UserGroupInformation.getCurrentUser(UserGroupInformation.java:579)
	at org.apache.hadoop.fs.FileSystem$Cache$Key.<init>(FileSystem.java:3746)
	at org.apache.hadoop.fs.FileSystem$Cache$Key.<init>(FileSystem.java:3736)
	at org.apache.hadoop.fs.FileSystem$Cache.get(FileSystem.java:3520)
	at org.apache.hadoop.fs.FileSystem.get(FileSystem.java:540)
	at org.apache.hadoop.fs.FileSystem.get(FileSystem.java:288)
	at org.apache.hadoop.fs.FileSystem.get(FileSystem.java:524)
	at org.apache.hadoop.fs.Path.getFileSystem(Path.java:365)
	at org.apache.spark.sql.execution.datasources.DataSource.sourceSchema(DataSource.scala:246)
	at org.apache.spark.sql.execution.datasources.DataSource.sourceInfo$lzycompute(DataSource.scala:118)
	at org.apache.spark.sql.execution.datasources.DataSource.sourceInfo(DataSource.scala:118)
	at org.apache.spark.sql.execution.streaming.StreamingRelation$.apply(StreamingRelation.scala:36)
	at org.apache.spark.sql.streaming.DataStreamReader.loadInternal(DataStreamReader.scala:198)
	at org.apache.spark.sql.streaming.DataStreamReader.load(DataStreamReader.scala:212)
	at org.apache.spark.sql.streaming.DataStreamReader.csv(DataStreamReader.scala:260)
	at java.base/jdk.internal.reflect.NativeMethodAccessorImpl.invoke0(Native Method)
	at java.base/jdk.internal.reflect.NativeMethodAccessorImpl.invoke(NativeMethodAccessorImpl.java:77)
	at java.base/jdk.internal.reflect.DelegatingMethodAccessorImpl.invoke(DelegatingMethodAccessorImpl.java:43)
	at java.base/java.lang.reflect.Method.invoke(Method.java:568)
	at py4j.reflection.MethodInvoker.invoke(MethodInvoker.java:244)
	at py4j.reflection.ReflectionEngine.invoke(ReflectionEngine.java:374)
	at py4j.Gateway.invoke(Gateway.java:282)
	at py4j.commands.AbstractCommand.invokeMethod(AbstractCommand.java:132)
	at py4j.commands.CallCommand.execute(CallCommand.java:79)
	at py4j.ClientServerConnection.waitForCommands(ClientServerConnection.java:182)
	at py4j.ClientServerConnection.run(ClientServerConnection.java:106)
	at java.base/java.lang.Thread.run(Thread.java:840)

	at org.apache.hadoop.security.UserGroupInformation.doSubjectLogin(UserGroupInformation.java:1986)
	at org.apache.hadoop.security.UserGroupInformation.createLoginUser(UserGroupInformation.java:719)
	at org.apache.hadoop.security.UserGroupInformation.getLoginUser(UserGroupInformation.java:669)
	at org.apache.hadoop.security.UserGroupInformation.getCurrentUser(UserGroupInformation.java:579)
	at org.apache.hadoop.fs.FileSystem$Cache$Key.<init>(FileSystem.java:3746)
	at org.apache.hadoop.fs.FileSystem$Cache$Key.<init>(FileSystem.java:3736)
	at org.apache.hadoop.fs.FileSystem$Cache.get(FileSystem.java:3520)
	at org.apache.hadoop.fs.FileSystem.get(FileSystem.java:540)
	at org.apache.hadoop.fs.FileSystem.get(FileSystem.java:288)
	at org.apache.hadoop.fs.FileSystem.get(FileSystem.java:524)
	at org.apache.hadoop.fs.Path.getFileSystem(Path.java:365)
	at org.apache.spark.sql.execution.datasources.DataSource.sourceSchema(DataSource.scala:246)
	at org.apache.spark.sql.execution.datasources.DataSource.sourceInfo$lzycompute(DataSource.scala:118)
	at org.apache.spark.sql.execution.datasources.DataSource.sourceInfo(DataSource.scala:118)
	at org.apache.spark.sql.execution.streaming.StreamingRelation$.apply(StreamingRelation.scala:36)
	at org.apache.spark.sql.streaming.DataStreamReader.loadInternal(DataStreamReader.scala:198)
	at org.apache.spark.sql.streaming.DataStreamReader.load(DataStreamReader.scala:212)
	at org.apache.spark.sql.streaming.DataStreamReader.csv(DataStreamReader.scala:260)
	at java.base/jdk.internal.reflect.NativeMethodAccessorImpl.invoke0(Native Method)
	at java.base/jdk.internal.reflect.NativeMethodAccessorImpl.invoke(NativeMethodAccessorImpl.java:77)
	at java.base/jdk.internal.reflect.DelegatingMethodAccessorImpl.invoke(DelegatingMethodAccessorImpl.java:43)
	at java.base/java.lang.reflect.Method.invoke(Method.java:568)
	at py4j.reflection.MethodInvoker.invoke(MethodInvoker.java:244)
	at py4j.reflection.ReflectionEngine.invoke(ReflectionEngine.java:374)
	at py4j.Gateway.invoke(Gateway.java:282)
	at py4j.commands.AbstractCommand.invokeMethod(AbstractCommand.java:132)
	at py4j.commands.CallCommand.execute(CallCommand.java:79)
	at py4j.ClientServerConnection.waitForCommands(ClientServerConnection.java:182)
	at py4j.ClientServerConnection.run(ClientServerConnection.java:106)
	at java.base/java.lang.Thread.run(Thread.java:840)
Caused by: javax.security.auth.login.LoginException: java.lang.NullPointerException: invalid null input: name
	at jdk.security.auth/com.sun.security.auth.UnixPrincipal.<init>(UnixPrincipal.java:71)
	at jdk.security.auth/com.sun.security.auth.module.UnixLoginModule.login(UnixLoginModule.java:134)
	at java.base/javax.security.auth.login.LoginContext.invoke(LoginContext.java:755)
	at java.base/javax.security.auth.login.LoginContext$4.run(LoginContext.java:679)
	at java.base/javax.security.auth.login.LoginContext$4.run(LoginContext.java:677)
	at java.base/java.security.AccessController.doPrivileged(AccessController.java:712)
	at java.base/javax.security.auth.login.LoginContext.invokePriv(LoginContext.java:677)
	at java.base/javax.security.auth.login.LoginContext.login(LoginContext.java:587)
	at org.apache.hadoop.security.UserGroupInformation$HadoopLoginContext.login(UserGroupInformation.java:2065)
	at org.apache.hadoop.security.UserGroupInformation.doSubjectLogin(UserGroupInformation.java:1975)
	at org.apache.hadoop.security.UserGroupInformation.createLoginUser(UserGroupInformation.java:719)
	at org.apache.hadoop.security.UserGroupInformation.getLoginUser(UserGroupInformation.java:669)
	at org.apache.hadoop.security.UserGroupInformation.getCurrentUser(UserGroupInformation.java:579)
	at org.apache.hadoop.fs.FileSystem$Cache$Key.<init>(FileSystem.java:3746)
	at org.apache.hadoop.fs.FileSystem$Cache$Key.<init>(FileSystem.java:3736)
	at org.apache.hadoop.fs.FileSystem$Cache.get(FileSystem.java:3520)
	at org.apache.hadoop.fs.FileSystem.get(FileSystem.java:540)
	at org.apache.hadoop.fs.FileSystem.get(FileSystem.java:288)
	at org.apache.hadoop.fs.FileSystem.get(FileSystem.java:524)
	at org.apache.hadoop.fs.Path.getFileSystem(Path.java:365)
	at org.apache.spark.sql.execution.datasources.DataSource.sourceSchema(DataSource.scala:246)
	at org.apache.spark.sql.execution.datasources.DataSource.sourceInfo$lzycompute(DataSource.scala:118)
	at org.apache.spark.sql.execution.datasources.DataSource.sourceInfo(DataSource.scala:118)
	at org.apache.spark.sql.execution.streaming.StreamingRelation$.apply(StreamingRelation.scala:36)
	at org.apache.spark.sql.streaming.DataStreamReader.loadInternal(DataStreamReader.scala:198)
	at org.apache.spark.sql.streaming.DataStreamReader.load(DataStreamReader.scala:212)
	at org.apache.spark.sql.streaming.DataStreamReader.csv(DataStreamReader.scala:260)
	at java.base/jdk.internal.reflect.NativeMethodAccessorImpl.invoke0(Native Method)
	at java.base/jdk.internal.reflect.NativeMethodAccessorImpl.invoke(NativeMethodAccessorImpl.java:77)
	at java.base/jdk.internal.reflect.DelegatingMethodAccessorImpl.invoke(DelegatingMethodAccessorImpl.java:43)
	at java.base/java.lang.reflect.Method.invoke(Method.java:568)
	at py4j.reflection.MethodInvoker.invoke(MethodInvoker.java:244)
	at py4j.reflection.ReflectionEngine.invoke(ReflectionEngine.java:374)
	at py4j.Gateway.invoke(Gateway.java:282)
	at py4j.commands.AbstractCommand.invokeMethod(AbstractCommand.java:132)
	at py4j.commands.CallCommand.execute(CallCommand.java:79)
	at py4j.ClientServerConnection.waitForCommands(ClientServerConnection.java:182)
	at py4j.ClientServerConnection.run(ClientServerConnection.java:106)
	at java.base/java.lang.Thread.run(Thread.java:840)

	at java.base/javax.security.auth.login.LoginContext.invoke(LoginContext.java:850)
	at java.base/javax.security.auth.login.LoginContext$4.run(LoginContext.java:679)
	at java.base/javax.security.auth.login.LoginContext$4.run(LoginContext.java:677)
	at java.base/java.security.AccessController.doPrivileged(AccessController.java:712)
	at java.base/javax.security.auth.login.LoginContext.invokePriv(LoginContext.java:677)
	at java.base/javax.security.auth.login.LoginContext.login(LoginContext.java:587)
	at org.apache.hadoop.security.UserGroupInformation$HadoopLoginContext.login(UserGroupInformation.java:2065)
	at org.apache.hadoop.security.UserGroupInformation.doSubjectLogin(UserGroupInformation.java:1975)
	... 29 more

2025-05-23 10:01:36,276 INFO Closing down clientserver connection
2025-05-23 10:01:45,876 INFO SparkSession initialized
2025-05-23 10:01:47,719 ERROR Failed to read streaming data: An error occurred while calling o40.csv.
: org.apache.hadoop.security.KerberosAuthException: failure to login: javax.security.auth.login.LoginException: java.lang.NullPointerException: invalid null input: name
	at jdk.security.auth/com.sun.security.auth.UnixPrincipal.<init>(UnixPrincipal.java:71)
	at jdk.security.auth/com.sun.security.auth.module.UnixLoginModule.login(UnixLoginModule.java:134)
	at java.base/javax.security.auth.login.LoginContext.invoke(LoginContext.java:755)
	at java.base/javax.security.auth.login.LoginContext$4.run(LoginContext.java:679)
	at java.base/javax.security.auth.login.LoginContext$4.run(LoginContext.java:677)
	at java.base/java.security.AccessController.doPrivileged(AccessController.java:712)
	at java.base/javax.security.auth.login.LoginContext.invokePriv(LoginContext.java:677)
	at java.base/javax.security.auth.login.LoginContext.login(LoginContext.java:587)
	at org.apache.hadoop.security.UserGroupInformation$HadoopLoginContext.login(UserGroupInformation.java:2065)
	at org.apache.hadoop.security.UserGroupInformation.doSubjectLogin(UserGroupInformation.java:1975)
	at org.apache.hadoop.security.UserGroupInformation.createLoginUser(UserGroupInformation.java:719)
	at org.apache.hadoop.security.UserGroupInformation.getLoginUser(UserGroupInformation.java:669)
	at org.apache.hadoop.security.UserGroupInformation.getCurrentUser(UserGroupInformation.java:579)
	at org.apache.hadoop.fs.FileSystem$Cache$Key.<init>(FileSystem.java:3746)
	at org.apache.hadoop.fs.FileSystem$Cache$Key.<init>(FileSystem.java:3736)
	at org.apache.hadoop.fs.FileSystem$Cache.get(FileSystem.java:3520)
	at org.apache.hadoop.fs.FileSystem.get(FileSystem.java:540)
	at org.apache.hadoop.fs.FileSystem.get(FileSystem.java:288)
	at org.apache.hadoop.fs.FileSystem.get(FileSystem.java:524)
	at org.apache.hadoop.fs.Path.getFileSystem(Path.java:365)
	at org.apache.spark.sql.execution.datasources.DataSource.sourceSchema(DataSource.scala:246)
	at org.apache.spark.sql.execution.datasources.DataSource.sourceInfo$lzycompute(DataSource.scala:118)
	at org.apache.spark.sql.execution.datasources.DataSource.sourceInfo(DataSource.scala:118)
	at org.apache.spark.sql.execution.streaming.StreamingRelation$.apply(StreamingRelation.scala:36)
	at org.apache.spark.sql.streaming.DataStreamReader.loadInternal(DataStreamReader.scala:198)
	at org.apache.spark.sql.streaming.DataStreamReader.load(DataStreamReader.scala:212)
	at org.apache.spark.sql.streaming.DataStreamReader.csv(DataStreamReader.scala:260)
	at java.base/jdk.internal.reflect.NativeMethodAccessorImpl.invoke0(Native Method)
	at java.base/jdk.internal.reflect.NativeMethodAccessorImpl.invoke(NativeMethodAccessorImpl.java:77)
	at java.base/jdk.internal.reflect.DelegatingMethodAccessorImpl.invoke(DelegatingMethodAccessorImpl.java:43)
	at java.base/java.lang.reflect.Method.invoke(Method.java:568)
	at py4j.reflection.MethodInvoker.invoke(MethodInvoker.java:244)
	at py4j.reflection.ReflectionEngine.invoke(ReflectionEngine.java:374)
	at py4j.Gateway.invoke(Gateway.java:282)
	at py4j.commands.AbstractCommand.invokeMethod(AbstractCommand.java:132)
	at py4j.commands.CallCommand.execute(CallCommand.java:79)
	at py4j.ClientServerConnection.waitForCommands(ClientServerConnection.java:182)
	at py4j.ClientServerConnection.run(ClientServerConnection.java:106)
	at java.base/java.lang.Thread.run(Thread.java:840)

	at org.apache.hadoop.security.UserGroupInformation.doSubjectLogin(UserGroupInformation.java:1986)
	at org.apache.hadoop.security.UserGroupInformation.createLoginUser(UserGroupInformation.java:719)
	at org.apache.hadoop.security.UserGroupInformation.getLoginUser(UserGroupInformation.java:669)
	at org.apache.hadoop.security.UserGroupInformation.getCurrentUser(UserGroupInformation.java:579)
	at org.apache.hadoop.fs.FileSystem$Cache$Key.<init>(FileSystem.java:3746)
	at org.apache.hadoop.fs.FileSystem$Cache$Key.<init>(FileSystem.java:3736)
	at org.apache.hadoop.fs.FileSystem$Cache.get(FileSystem.java:3520)
	at org.apache.hadoop.fs.FileSystem.get(FileSystem.java:540)
	at org.apache.hadoop.fs.FileSystem.get(FileSystem.java:288)
	at org.apache.hadoop.fs.FileSystem.get(FileSystem.java:524)
	at org.apache.hadoop.fs.Path.getFileSystem(Path.java:365)
	at org.apache.spark.sql.execution.datasources.DataSource.sourceSchema(DataSource.scala:246)
	at org.apache.spark.sql.execution.datasources.DataSource.sourceInfo$lzycompute(DataSource.scala:118)
	at org.apache.spark.sql.execution.datasources.DataSource.sourceInfo(DataSource.scala:118)
	at org.apache.spark.sql.execution.streaming.StreamingRelation$.apply(StreamingRelation.scala:36)
	at org.apache.spark.sql.streaming.DataStreamReader.loadInternal(DataStreamReader.scala:198)
	at org.apache.spark.sql.streaming.DataStreamReader.load(DataStreamReader.scala:212)
	at org.apache.spark.sql.streaming.DataStreamReader.csv(DataStreamReader.scala:260)
	at java.base/jdk.internal.reflect.NativeMethodAccessorImpl.invoke0(Native Method)
	at java.base/jdk.internal.reflect.NativeMethodAccessorImpl.invoke(NativeMethodAccessorImpl.java:77)
	at java.base/jdk.internal.reflect.DelegatingMethodAccessorImpl.invoke(DelegatingMethodAccessorImpl.java:43)
	at java.base/java.lang.reflect.Method.invoke(Method.java:568)
	at py4j.reflection.MethodInvoker.invoke(MethodInvoker.java:244)
	at py4j.reflection.ReflectionEngine.invoke(ReflectionEngine.java:374)
	at py4j.Gateway.invoke(Gateway.java:282)
	at py4j.commands.AbstractCommand.invokeMethod(AbstractCommand.java:132)
	at py4j.commands.CallCommand.execute(CallCommand.java:79)
	at py4j.ClientServerConnection.waitForCommands(ClientServerConnection.java:182)
	at py4j.ClientServerConnection.run(ClientServerConnection.java:106)
	at java.base/java.lang.Thread.run(Thread.java:840)
Caused by: javax.security.auth.login.LoginException: java.lang.NullPointerException: invalid null input: name
	at jdk.security.auth/com.sun.security.auth.UnixPrincipal.<init>(UnixPrincipal.java:71)
	at jdk.security.auth/com.sun.security.auth.module.UnixLoginModule.login(UnixLoginModule.java:134)
	at java.base/javax.security.auth.login.LoginContext.invoke(LoginContext.java:755)
	at java.base/javax.security.auth.login.LoginContext$4.run(LoginContext.java:679)
	at java.base/javax.security.auth.login.LoginContext$4.run(LoginContext.java:677)
	at java.base/java.security.AccessController.doPrivileged(AccessController.java:712)
	at java.base/javax.security.auth.login.LoginContext.invokePriv(LoginContext.java:677)
	at java.base/javax.security.auth.login.LoginContext.login(LoginContext.java:587)
	at org.apache.hadoop.security.UserGroupInformation$HadoopLoginContext.login(UserGroupInformation.java:2065)
	at org.apache.hadoop.security.UserGroupInformation.doSubjectLogin(UserGroupInformation.java:1975)
	at org.apache.hadoop.security.UserGroupInformation.createLoginUser(UserGroupInformation.java:719)
	at org.apache.hadoop.security.UserGroupInformation.getLoginUser(UserGroupInformation.java:669)
	at org.apache.hadoop.security.UserGroupInformation.getCurrentUser(UserGroupInformation.java:579)
	at org.apache.hadoop.fs.FileSystem$Cache$Key.<init>(FileSystem.java:3746)
	at org.apache.hadoop.fs.FileSystem$Cache$Key.<init>(FileSystem.java:3736)
	at org.apache.hadoop.fs.FileSystem$Cache.get(FileSystem.java:3520)
	at org.apache.hadoop.fs.FileSystem.get(FileSystem.java:540)
	at org.apache.hadoop.fs.FileSystem.get(FileSystem.java:288)
	at org.apache.hadoop.fs.FileSystem.get(FileSystem.java:524)
	at org.apache.hadoop.fs.Path.getFileSystem(Path.java:365)
	at org.apache.spark.sql.execution.datasources.DataSource.sourceSchema(DataSource.scala:246)
	at org.apache.spark.sql.execution.datasources.DataSource.sourceInfo$lzycompute(DataSource.scala:118)
	at org.apache.spark.sql.execution.datasources.DataSource.sourceInfo(DataSource.scala:118)
	at org.apache.spark.sql.execution.streaming.StreamingRelation$.apply(StreamingRelation.scala:36)
	at org.apache.spark.sql.streaming.DataStreamReader.loadInternal(DataStreamReader.scala:198)
	at org.apache.spark.sql.streaming.DataStreamReader.load(DataStreamReader.scala:212)
	at org.apache.spark.sql.streaming.DataStreamReader.csv(DataStreamReader.scala:260)
	at java.base/jdk.internal.reflect.NativeMethodAccessorImpl.invoke0(Native Method)
	at java.base/jdk.internal.reflect.NativeMethodAccessorImpl.invoke(NativeMethodAccessorImpl.java:77)
	at java.base/jdk.internal.reflect.DelegatingMethodAccessorImpl.invoke(DelegatingMethodAccessorImpl.java:43)
	at java.base/java.lang.reflect.Method.invoke(Method.java:568)
	at py4j.reflection.MethodInvoker.invoke(MethodInvoker.java:244)
	at py4j.reflection.ReflectionEngine.invoke(ReflectionEngine.java:374)
	at py4j.Gateway.invoke(Gateway.java:282)
	at py4j.commands.AbstractCommand.invokeMethod(AbstractCommand.java:132)
	at py4j.commands.CallCommand.execute(CallCommand.java:79)
	at py4j.ClientServerConnection.waitForCommands(ClientServerConnection.java:182)
	at py4j.ClientServerConnection.run(ClientServerConnection.java:106)
	at java.base/java.lang.Thread.run(Thread.java:840)

	at java.base/javax.security.auth.login.LoginContext.invoke(LoginContext.java:850)
	at java.base/javax.security.auth.login.LoginContext$4.run(LoginContext.java:679)
	at java.base/javax.security.auth.login.LoginContext$4.run(LoginContext.java:677)
	at java.base/java.security.AccessController.doPrivileged(AccessController.java:712)
	at java.base/javax.security.auth.login.LoginContext.invokePriv(LoginContext.java:677)
	at java.base/javax.security.auth.login.LoginContext.login(LoginContext.java:587)
	at org.apache.hadoop.security.UserGroupInformation$HadoopLoginContext.login(UserGroupInformation.java:2065)
	at org.apache.hadoop.security.UserGroupInformation.doSubjectLogin(UserGroupInformation.java:1975)
	... 29 more

2025-05-23 10:01:48,119 ERROR Application failed: An error occurred while calling o40.csv.
: org.apache.hadoop.security.KerberosAuthException: failure to login: javax.security.auth.login.LoginException: java.lang.NullPointerException: invalid null input: name
	at jdk.security.auth/com.sun.security.auth.UnixPrincipal.<init>(UnixPrincipal.java:71)
	at jdk.security.auth/com.sun.security.auth.module.UnixLoginModule.login(UnixLoginModule.java:134)
	at java.base/javax.security.auth.login.LoginContext.invoke(LoginContext.java:755)
	at java.base/javax.security.auth.login.LoginContext$4.run(LoginContext.java:679)
	at java.base/javax.security.auth.login.LoginContext$4.run(LoginContext.java:677)
	at java.base/java.security.AccessController.doPrivileged(AccessController.java:712)
	at java.base/javax.security.auth.login.LoginContext.invokePriv(LoginContext.java:677)
	at java.base/javax.security.auth.login.LoginContext.login(LoginContext.java:587)
	at org.apache.hadoop.security.UserGroupInformation$HadoopLoginContext.login(UserGroupInformation.java:2065)
	at org.apache.hadoop.security.UserGroupInformation.doSubjectLogin(UserGroupInformation.java:1975)
	at org.apache.hadoop.security.UserGroupInformation.createLoginUser(UserGroupInformation.java:719)
	at org.apache.hadoop.security.UserGroupInformation.getLoginUser(UserGroupInformation.java:669)
	at org.apache.hadoop.security.UserGroupInformation.getCurrentUser(UserGroupInformation.java:579)
	at org.apache.hadoop.fs.FileSystem$Cache$Key.<init>(FileSystem.java:3746)
	at org.apache.hadoop.fs.FileSystem$Cache$Key.<init>(FileSystem.java:3736)
	at org.apache.hadoop.fs.FileSystem$Cache.get(FileSystem.java:3520)
	at org.apache.hadoop.fs.FileSystem.get(FileSystem.java:540)
	at org.apache.hadoop.fs.FileSystem.get(FileSystem.java:288)
	at org.apache.hadoop.fs.FileSystem.get(FileSystem.java:524)
	at org.apache.hadoop.fs.Path.getFileSystem(Path.java:365)
	at org.apache.spark.sql.execution.datasources.DataSource.sourceSchema(DataSource.scala:246)
	at org.apache.spark.sql.execution.datasources.DataSource.sourceInfo$lzycompute(DataSource.scala:118)
	at org.apache.spark.sql.execution.datasources.DataSource.sourceInfo(DataSource.scala:118)
	at org.apache.spark.sql.execution.streaming.StreamingRelation$.apply(StreamingRelation.scala:36)
	at org.apache.spark.sql.streaming.DataStreamReader.loadInternal(DataStreamReader.scala:198)
	at org.apache.spark.sql.streaming.DataStreamReader.load(DataStreamReader.scala:212)
	at org.apache.spark.sql.streaming.DataStreamReader.csv(DataStreamReader.scala:260)
	at java.base/jdk.internal.reflect.NativeMethodAccessorImpl.invoke0(Native Method)
	at java.base/jdk.internal.reflect.NativeMethodAccessorImpl.invoke(NativeMethodAccessorImpl.java:77)
	at java.base/jdk.internal.reflect.DelegatingMethodAccessorImpl.invoke(DelegatingMethodAccessorImpl.java:43)
	at java.base/java.lang.reflect.Method.invoke(Method.java:568)
	at py4j.reflection.MethodInvoker.invoke(MethodInvoker.java:244)
	at py4j.reflection.ReflectionEngine.invoke(ReflectionEngine.java:374)
	at py4j.Gateway.invoke(Gateway.java:282)
	at py4j.commands.AbstractCommand.invokeMethod(AbstractCommand.java:132)
	at py4j.commands.CallCommand.execute(CallCommand.java:79)
	at py4j.ClientServerConnection.waitForCommands(ClientServerConnection.java:182)
	at py4j.ClientServerConnection.run(ClientServerConnection.java:106)
	at java.base/java.lang.Thread.run(Thread.java:840)

	at org.apache.hadoop.security.UserGroupInformation.doSubjectLogin(UserGroupInformation.java:1986)
	at org.apache.hadoop.security.UserGroupInformation.createLoginUser(UserGroupInformation.java:719)
	at org.apache.hadoop.security.UserGroupInformation.getLoginUser(UserGroupInformation.java:669)
	at org.apache.hadoop.security.UserGroupInformation.getCurrentUser(UserGroupInformation.java:579)
	at org.apache.hadoop.fs.FileSystem$Cache$Key.<init>(FileSystem.java:3746)
	at org.apache.hadoop.fs.FileSystem$Cache$Key.<init>(FileSystem.java:3736)
	at org.apache.hadoop.fs.FileSystem$Cache.get(FileSystem.java:3520)
	at org.apache.hadoop.fs.FileSystem.get(FileSystem.java:540)
	at org.apache.hadoop.fs.FileSystem.get(FileSystem.java:288)
	at org.apache.hadoop.fs.FileSystem.get(FileSystem.java:524)
	at org.apache.hadoop.fs.Path.getFileSystem(Path.java:365)
	at org.apache.spark.sql.execution.datasources.DataSource.sourceSchema(DataSource.scala:246)
	at org.apache.spark.sql.execution.datasources.DataSource.sourceInfo$lzycompute(DataSource.scala:118)
	at org.apache.spark.sql.execution.datasources.DataSource.sourceInfo(DataSource.scala:118)
	at org.apache.spark.sql.execution.streaming.StreamingRelation$.apply(StreamingRelation.scala:36)
	at org.apache.spark.sql.streaming.DataStreamReader.loadInternal(DataStreamReader.scala:198)
	at org.apache.spark.sql.streaming.DataStreamReader.load(DataStreamReader.scala:212)
	at org.apache.spark.sql.streaming.DataStreamReader.csv(DataStreamReader.scala:260)
	at java.base/jdk.internal.reflect.NativeMethodAccessorImpl.invoke0(Native Method)
	at java.base/jdk.internal.reflect.NativeMethodAccessorImpl.invoke(NativeMethodAccessorImpl.java:77)
	at java.base/jdk.internal.reflect.DelegatingMethodAccessorImpl.invoke(DelegatingMethodAccessorImpl.java:43)
	at java.base/java.lang.reflect.Method.invoke(Method.java:568)
	at py4j.reflection.MethodInvoker.invoke(MethodInvoker.java:244)
	at py4j.reflection.ReflectionEngine.invoke(ReflectionEngine.java:374)
	at py4j.Gateway.invoke(Gateway.java:282)
	at py4j.commands.AbstractCommand.invokeMethod(AbstractCommand.java:132)
	at py4j.commands.CallCommand.execute(CallCommand.java:79)
	at py4j.ClientServerConnection.waitForCommands(ClientServerConnection.java:182)
	at py4j.ClientServerConnection.run(ClientServerConnection.java:106)
	at java.base/java.lang.Thread.run(Thread.java:840)
Caused by: javax.security.auth.login.LoginException: java.lang.NullPointerException: invalid null input: name
	at jdk.security.auth/com.sun.security.auth.UnixPrincipal.<init>(UnixPrincipal.java:71)
	at jdk.security.auth/com.sun.security.auth.module.UnixLoginModule.login(UnixLoginModule.java:134)
	at java.base/javax.security.auth.login.LoginContext.invoke(LoginContext.java:755)
	at java.base/javax.security.auth.login.LoginContext$4.run(LoginContext.java:679)
	at java.base/javax.security.auth.login.LoginContext$4.run(LoginContext.java:677)
	at java.base/java.security.AccessController.doPrivileged(AccessController.java:712)
	at java.base/javax.security.auth.login.LoginContext.invokePriv(LoginContext.java:677)
	at java.base/javax.security.auth.login.LoginContext.login(LoginContext.java:587)
	at org.apache.hadoop.security.UserGroupInformation$HadoopLoginContext.login(UserGroupInformation.java:2065)
	at org.apache.hadoop.security.UserGroupInformation.doSubjectLogin(UserGroupInformation.java:1975)
	at org.apache.hadoop.security.UserGroupInformation.createLoginUser(UserGroupInformation.java:719)
	at org.apache.hadoop.security.UserGroupInformation.getLoginUser(UserGroupInformation.java:669)
	at org.apache.hadoop.security.UserGroupInformation.getCurrentUser(UserGroupInformation.java:579)
	at org.apache.hadoop.fs.FileSystem$Cache$Key.<init>(FileSystem.java:3746)
	at org.apache.hadoop.fs.FileSystem$Cache$Key.<init>(FileSystem.java:3736)
	at org.apache.hadoop.fs.FileSystem$Cache.get(FileSystem.java:3520)
	at org.apache.hadoop.fs.FileSystem.get(FileSystem.java:540)
	at org.apache.hadoop.fs.FileSystem.get(FileSystem.java:288)
	at org.apache.hadoop.fs.FileSystem.get(FileSystem.java:524)
	at org.apache.hadoop.fs.Path.getFileSystem(Path.java:365)
	at org.apache.spark.sql.execution.datasources.DataSource.sourceSchema(DataSource.scala:246)
	at org.apache.spark.sql.execution.datasources.DataSource.sourceInfo$lzycompute(DataSource.scala:118)
	at org.apache.spark.sql.execution.datasources.DataSource.sourceInfo(DataSource.scala:118)
	at org.apache.spark.sql.execution.streaming.StreamingRelation$.apply(StreamingRelation.scala:36)
	at org.apache.spark.sql.streaming.DataStreamReader.loadInternal(DataStreamReader.scala:198)
	at org.apache.spark.sql.streaming.DataStreamReader.load(DataStreamReader.scala:212)
	at org.apache.spark.sql.streaming.DataStreamReader.csv(DataStreamReader.scala:260)
	at java.base/jdk.internal.reflect.NativeMethodAccessorImpl.invoke0(Native Method)
	at java.base/jdk.internal.reflect.NativeMethodAccessorImpl.invoke(NativeMethodAccessorImpl.java:77)
	at java.base/jdk.internal.reflect.DelegatingMethodAccessorImpl.invoke(DelegatingMethodAccessorImpl.java:43)
	at java.base/java.lang.reflect.Method.invoke(Method.java:568)
	at py4j.reflection.MethodInvoker.invoke(MethodInvoker.java:244)
	at py4j.reflection.ReflectionEngine.invoke(ReflectionEngine.java:374)
	at py4j.Gateway.invoke(Gateway.java:282)
	at py4j.commands.AbstractCommand.invokeMethod(AbstractCommand.java:132)
	at py4j.commands.CallCommand.execute(CallCommand.java:79)
	at py4j.ClientServerConnection.waitForCommands(ClientServerConnection.java:182)
	at py4j.ClientServerConnection.run(ClientServerConnection.java:106)
	at java.base/java.lang.Thread.run(Thread.java:840)

	at java.base/javax.security.auth.login.LoginContext.invoke(LoginContext.java:850)
	at java.base/javax.security.auth.login.LoginContext$4.run(LoginContext.java:679)
	at java.base/javax.security.auth.login.LoginContext$4.run(LoginContext.java:677)
	at java.base/java.security.AccessController.doPrivileged(AccessController.java:712)
	at java.base/javax.security.auth.login.LoginContext.invokePriv(LoginContext.java:677)
	at java.base/javax.security.auth.login.LoginContext.login(LoginContext.java:587)
	at org.apache.hadoop.security.UserGroupInformation$HadoopLoginContext.login(UserGroupInformation.java:2065)
	at org.apache.hadoop.security.UserGroupInformation.doSubjectLogin(UserGroupInformation.java:1975)
	... 29 more

2025-05-23 10:01:48,170 INFO Closing down clientserver connection
2025-05-23 10:01:57,870 INFO SparkSession initialized
2025-05-23 10:02:00,209 ERROR Failed to read streaming data: An error occurred while calling o40.csv.
: org.apache.hadoop.security.KerberosAuthException: failure to login: javax.security.auth.login.LoginException: java.lang.NullPointerException: invalid null input: name
	at jdk.security.auth/com.sun.security.auth.UnixPrincipal.<init>(UnixPrincipal.java:71)
	at jdk.security.auth/com.sun.security.auth.module.UnixLoginModule.login(UnixLoginModule.java:134)
	at java.base/javax.security.auth.login.LoginContext.invoke(LoginContext.java:755)
	at java.base/javax.security.auth.login.LoginContext$4.run(LoginContext.java:679)
	at java.base/javax.security.auth.login.LoginContext$4.run(LoginContext.java:677)
	at java.base/java.security.AccessController.doPrivileged(AccessController.java:712)
	at java.base/javax.security.auth.login.LoginContext.invokePriv(LoginContext.java:677)
	at java.base/javax.security.auth.login.LoginContext.login(LoginContext.java:587)
	at org.apache.hadoop.security.UserGroupInformation$HadoopLoginContext.login(UserGroupInformation.java:2065)
	at org.apache.hadoop.security.UserGroupInformation.doSubjectLogin(UserGroupInformation.java:1975)
	at org.apache.hadoop.security.UserGroupInformation.createLoginUser(UserGroupInformation.java:719)
	at org.apache.hadoop.security.UserGroupInformation.getLoginUser(UserGroupInformation.java:669)
	at org.apache.hadoop.security.UserGroupInformation.getCurrentUser(UserGroupInformation.java:579)
	at org.apache.hadoop.fs.FileSystem$Cache$Key.<init>(FileSystem.java:3746)
	at org.apache.hadoop.fs.FileSystem$Cache$Key.<init>(FileSystem.java:3736)
	at org.apache.hadoop.fs.FileSystem$Cache.get(FileSystem.java:3520)
	at org.apache.hadoop.fs.FileSystem.get(FileSystem.java:540)
	at org.apache.hadoop.fs.FileSystem.get(FileSystem.java:288)
	at org.apache.hadoop.fs.FileSystem.get(FileSystem.java:524)
	at org.apache.hadoop.fs.Path.getFileSystem(Path.java:365)
	at org.apache.spark.sql.execution.datasources.DataSource.sourceSchema(DataSource.scala:246)
	at org.apache.spark.sql.execution.datasources.DataSource.sourceInfo$lzycompute(DataSource.scala:118)
	at org.apache.spark.sql.execution.datasources.DataSource.sourceInfo(DataSource.scala:118)
	at org.apache.spark.sql.execution.streaming.StreamingRelation$.apply(StreamingRelation.scala:36)
	at org.apache.spark.sql.streaming.DataStreamReader.loadInternal(DataStreamReader.scala:198)
	at org.apache.spark.sql.streaming.DataStreamReader.load(DataStreamReader.scala:212)
	at org.apache.spark.sql.streaming.DataStreamReader.csv(DataStreamReader.scala:260)
	at java.base/jdk.internal.reflect.NativeMethodAccessorImpl.invoke0(Native Method)
	at java.base/jdk.internal.reflect.NativeMethodAccessorImpl.invoke(NativeMethodAccessorImpl.java:77)
	at java.base/jdk.internal.reflect.DelegatingMethodAccessorImpl.invoke(DelegatingMethodAccessorImpl.java:43)
	at java.base/java.lang.reflect.Method.invoke(Method.java:568)
	at py4j.reflection.MethodInvoker.invoke(MethodInvoker.java:244)
	at py4j.reflection.ReflectionEngine.invoke(ReflectionEngine.java:374)
	at py4j.Gateway.invoke(Gateway.java:282)
	at py4j.commands.AbstractCommand.invokeMethod(AbstractCommand.java:132)
	at py4j.commands.CallCommand.execute(CallCommand.java:79)
	at py4j.ClientServerConnection.waitForCommands(ClientServerConnection.java:182)
	at py4j.ClientServerConnection.run(ClientServerConnection.java:106)
	at java.base/java.lang.Thread.run(Thread.java:840)

	at org.apache.hadoop.security.UserGroupInformation.doSubjectLogin(UserGroupInformation.java:1986)
	at org.apache.hadoop.security.UserGroupInformation.createLoginUser(UserGroupInformation.java:719)
	at org.apache.hadoop.security.UserGroupInformation.getLoginUser(UserGroupInformation.java:669)
	at org.apache.hadoop.security.UserGroupInformation.getCurrentUser(UserGroupInformation.java:579)
	at org.apache.hadoop.fs.FileSystem$Cache$Key.<init>(FileSystem.java:3746)
	at org.apache.hadoop.fs.FileSystem$Cache$Key.<init>(FileSystem.java:3736)
	at org.apache.hadoop.fs.FileSystem$Cache.get(FileSystem.java:3520)
	at org.apache.hadoop.fs.FileSystem.get(FileSystem.java:540)
	at org.apache.hadoop.fs.FileSystem.get(FileSystem.java:288)
	at org.apache.hadoop.fs.FileSystem.get(FileSystem.java:524)
	at org.apache.hadoop.fs.Path.getFileSystem(Path.java:365)
	at org.apache.spark.sql.execution.datasources.DataSource.sourceSchema(DataSource.scala:246)
	at org.apache.spark.sql.execution.datasources.DataSource.sourceInfo$lzycompute(DataSource.scala:118)
	at org.apache.spark.sql.execution.datasources.DataSource.sourceInfo(DataSource.scala:118)
	at org.apache.spark.sql.execution.streaming.StreamingRelation$.apply(StreamingRelation.scala:36)
	at org.apache.spark.sql.streaming.DataStreamReader.loadInternal(DataStreamReader.scala:198)
	at org.apache.spark.sql.streaming.DataStreamReader.load(DataStreamReader.scala:212)
	at org.apache.spark.sql.streaming.DataStreamReader.csv(DataStreamReader.scala:260)
	at java.base/jdk.internal.reflect.NativeMethodAccessorImpl.invoke0(Native Method)
	at java.base/jdk.internal.reflect.NativeMethodAccessorImpl.invoke(NativeMethodAccessorImpl.java:77)
	at java.base/jdk.internal.reflect.DelegatingMethodAccessorImpl.invoke(DelegatingMethodAccessorImpl.java:43)
	at java.base/java.lang.reflect.Method.invoke(Method.java:568)
	at py4j.reflection.MethodInvoker.invoke(MethodInvoker.java:244)
	at py4j.reflection.ReflectionEngine.invoke(ReflectionEngine.java:374)
	at py4j.Gateway.invoke(Gateway.java:282)
	at py4j.commands.AbstractCommand.invokeMethod(AbstractCommand.java:132)
	at py4j.commands.CallCommand.execute(CallCommand.java:79)
	at py4j.ClientServerConnection.waitForCommands(ClientServerConnection.java:182)
	at py4j.ClientServerConnection.run(ClientServerConnection.java:106)
	at java.base/java.lang.Thread.run(Thread.java:840)
Caused by: javax.security.auth.login.LoginException: java.lang.NullPointerException: invalid null input: name
	at jdk.security.auth/com.sun.security.auth.UnixPrincipal.<init>(UnixPrincipal.java:71)
	at jdk.security.auth/com.sun.security.auth.module.UnixLoginModule.login(UnixLoginModule.java:134)
	at java.base/javax.security.auth.login.LoginContext.invoke(LoginContext.java:755)
	at java.base/javax.security.auth.login.LoginContext$4.run(LoginContext.java:679)
	at java.base/javax.security.auth.login.LoginContext$4.run(LoginContext.java:677)
	at java.base/java.security.AccessController.doPrivileged(AccessController.java:712)
	at java.base/javax.security.auth.login.LoginContext.invokePriv(LoginContext.java:677)
	at java.base/javax.security.auth.login.LoginContext.login(LoginContext.java:587)
	at org.apache.hadoop.security.UserGroupInformation$HadoopLoginContext.login(UserGroupInformation.java:2065)
	at org.apache.hadoop.security.UserGroupInformation.doSubjectLogin(UserGroupInformation.java:1975)
	at org.apache.hadoop.security.UserGroupInformation.createLoginUser(UserGroupInformation.java:719)
	at org.apache.hadoop.security.UserGroupInformation.getLoginUser(UserGroupInformation.java:669)
	at org.apache.hadoop.security.UserGroupInformation.getCurrentUser(UserGroupInformation.java:579)
	at org.apache.hadoop.fs.FileSystem$Cache$Key.<init>(FileSystem.java:3746)
	at org.apache.hadoop.fs.FileSystem$Cache$Key.<init>(FileSystem.java:3736)
	at org.apache.hadoop.fs.FileSystem$Cache.get(FileSystem.java:3520)
	at org.apache.hadoop.fs.FileSystem.get(FileSystem.java:540)
	at org.apache.hadoop.fs.FileSystem.get(FileSystem.java:288)
	at org.apache.hadoop.fs.FileSystem.get(FileSystem.java:524)
	at org.apache.hadoop.fs.Path.getFileSystem(Path.java:365)
	at org.apache.spark.sql.execution.datasources.DataSource.sourceSchema(DataSource.scala:246)
	at org.apache.spark.sql.execution.datasources.DataSource.sourceInfo$lzycompute(DataSource.scala:118)
	at org.apache.spark.sql.execution.datasources.DataSource.sourceInfo(DataSource.scala:118)
	at org.apache.spark.sql.execution.streaming.StreamingRelation$.apply(StreamingRelation.scala:36)
	at org.apache.spark.sql.streaming.DataStreamReader.loadInternal(DataStreamReader.scala:198)
	at org.apache.spark.sql.streaming.DataStreamReader.load(DataStreamReader.scala:212)
	at org.apache.spark.sql.streaming.DataStreamReader.csv(DataStreamReader.scala:260)
	at java.base/jdk.internal.reflect.NativeMethodAccessorImpl.invoke0(Native Method)
	at java.base/jdk.internal.reflect.NativeMethodAccessorImpl.invoke(NativeMethodAccessorImpl.java:77)
	at java.base/jdk.internal.reflect.DelegatingMethodAccessorImpl.invoke(DelegatingMethodAccessorImpl.java:43)
	at java.base/java.lang.reflect.Method.invoke(Method.java:568)
	at py4j.reflection.MethodInvoker.invoke(MethodInvoker.java:244)
	at py4j.reflection.ReflectionEngine.invoke(ReflectionEngine.java:374)
	at py4j.Gateway.invoke(Gateway.java:282)
	at py4j.commands.AbstractCommand.invokeMethod(AbstractCommand.java:132)
	at py4j.commands.CallCommand.execute(CallCommand.java:79)
	at py4j.ClientServerConnection.waitForCommands(ClientServerConnection.java:182)
	at py4j.ClientServerConnection.run(ClientServerConnection.java:106)
	at java.base/java.lang.Thread.run(Thread.java:840)

	at java.base/javax.security.auth.login.LoginContext.invoke(LoginContext.java:850)
	at java.base/javax.security.auth.login.LoginContext$4.run(LoginContext.java:679)
	at java.base/javax.security.auth.login.LoginContext$4.run(LoginContext.java:677)
	at java.base/java.security.AccessController.doPrivileged(AccessController.java:712)
	at java.base/javax.security.auth.login.LoginContext.invokePriv(LoginContext.java:677)
	at java.base/javax.security.auth.login.LoginContext.login(LoginContext.java:587)
	at org.apache.hadoop.security.UserGroupInformation$HadoopLoginContext.login(UserGroupInformation.java:2065)
	at org.apache.hadoop.security.UserGroupInformation.doSubjectLogin(UserGroupInformation.java:1975)
	... 29 more

2025-05-23 10:02:00,649 ERROR Application failed: An error occurred while calling o40.csv.
: org.apache.hadoop.security.KerberosAuthException: failure to login: javax.security.auth.login.LoginException: java.lang.NullPointerException: invalid null input: name
	at jdk.security.auth/com.sun.security.auth.UnixPrincipal.<init>(UnixPrincipal.java:71)
	at jdk.security.auth/com.sun.security.auth.module.UnixLoginModule.login(UnixLoginModule.java:134)
	at java.base/javax.security.auth.login.LoginContext.invoke(LoginContext.java:755)
	at java.base/javax.security.auth.login.LoginContext$4.run(LoginContext.java:679)
	at java.base/javax.security.auth.login.LoginContext$4.run(LoginContext.java:677)
	at java.base/java.security.AccessController.doPrivileged(AccessController.java:712)
	at java.base/javax.security.auth.login.LoginContext.invokePriv(LoginContext.java:677)
	at java.base/javax.security.auth.login.LoginContext.login(LoginContext.java:587)
	at org.apache.hadoop.security.UserGroupInformation$HadoopLoginContext.login(UserGroupInformation.java:2065)
	at org.apache.hadoop.security.UserGroupInformation.doSubjectLogin(UserGroupInformation.java:1975)
	at org.apache.hadoop.security.UserGroupInformation.createLoginUser(UserGroupInformation.java:719)
	at org.apache.hadoop.security.UserGroupInformation.getLoginUser(UserGroupInformation.java:669)
	at org.apache.hadoop.security.UserGroupInformation.getCurrentUser(UserGroupInformation.java:579)
	at org.apache.hadoop.fs.FileSystem$Cache$Key.<init>(FileSystem.java:3746)
	at org.apache.hadoop.fs.FileSystem$Cache$Key.<init>(FileSystem.java:3736)
	at org.apache.hadoop.fs.FileSystem$Cache.get(FileSystem.java:3520)
	at org.apache.hadoop.fs.FileSystem.get(FileSystem.java:540)
	at org.apache.hadoop.fs.FileSystem.get(FileSystem.java:288)
	at org.apache.hadoop.fs.FileSystem.get(FileSystem.java:524)
	at org.apache.hadoop.fs.Path.getFileSystem(Path.java:365)
	at org.apache.spark.sql.execution.datasources.DataSource.sourceSchema(DataSource.scala:246)
	at org.apache.spark.sql.execution.datasources.DataSource.sourceInfo$lzycompute(DataSource.scala:118)
	at org.apache.spark.sql.execution.datasources.DataSource.sourceInfo(DataSource.scala:118)
	at org.apache.spark.sql.execution.streaming.StreamingRelation$.apply(StreamingRelation.scala:36)
	at org.apache.spark.sql.streaming.DataStreamReader.loadInternal(DataStreamReader.scala:198)
	at org.apache.spark.sql.streaming.DataStreamReader.load(DataStreamReader.scala:212)
	at org.apache.spark.sql.streaming.DataStreamReader.csv(DataStreamReader.scala:260)
	at java.base/jdk.internal.reflect.NativeMethodAccessorImpl.invoke0(Native Method)
	at java.base/jdk.internal.reflect.NativeMethodAccessorImpl.invoke(NativeMethodAccessorImpl.java:77)
	at java.base/jdk.internal.reflect.DelegatingMethodAccessorImpl.invoke(DelegatingMethodAccessorImpl.java:43)
	at java.base/java.lang.reflect.Method.invoke(Method.java:568)
	at py4j.reflection.MethodInvoker.invoke(MethodInvoker.java:244)
	at py4j.reflection.ReflectionEngine.invoke(ReflectionEngine.java:374)
	at py4j.Gateway.invoke(Gateway.java:282)
	at py4j.commands.AbstractCommand.invokeMethod(AbstractCommand.java:132)
	at py4j.commands.CallCommand.execute(CallCommand.java:79)
	at py4j.ClientServerConnection.waitForCommands(ClientServerConnection.java:182)
	at py4j.ClientServerConnection.run(ClientServerConnection.java:106)
	at java.base/java.lang.Thread.run(Thread.java:840)

	at org.apache.hadoop.security.UserGroupInformation.doSubjectLogin(UserGroupInformation.java:1986)
	at org.apache.hadoop.security.UserGroupInformation.createLoginUser(UserGroupInformation.java:719)
	at org.apache.hadoop.security.UserGroupInformation.getLoginUser(UserGroupInformation.java:669)
	at org.apache.hadoop.security.UserGroupInformation.getCurrentUser(UserGroupInformation.java:579)
	at org.apache.hadoop.fs.FileSystem$Cache$Key.<init>(FileSystem.java:3746)
	at org.apache.hadoop.fs.FileSystem$Cache$Key.<init>(FileSystem.java:3736)
	at org.apache.hadoop.fs.FileSystem$Cache.get(FileSystem.java:3520)
	at org.apache.hadoop.fs.FileSystem.get(FileSystem.java:540)
	at org.apache.hadoop.fs.FileSystem.get(FileSystem.java:288)
	at org.apache.hadoop.fs.FileSystem.get(FileSystem.java:524)
	at org.apache.hadoop.fs.Path.getFileSystem(Path.java:365)
	at org.apache.spark.sql.execution.datasources.DataSource.sourceSchema(DataSource.scala:246)
	at org.apache.spark.sql.execution.datasources.DataSource.sourceInfo$lzycompute(DataSource.scala:118)
	at org.apache.spark.sql.execution.datasources.DataSource.sourceInfo(DataSource.scala:118)
	at org.apache.spark.sql.execution.streaming.StreamingRelation$.apply(StreamingRelation.scala:36)
	at org.apache.spark.sql.streaming.DataStreamReader.loadInternal(DataStreamReader.scala:198)
	at org.apache.spark.sql.streaming.DataStreamReader.load(DataStreamReader.scala:212)
	at org.apache.spark.sql.streaming.DataStreamReader.csv(DataStreamReader.scala:260)
	at java.base/jdk.internal.reflect.NativeMethodAccessorImpl.invoke0(Native Method)
	at java.base/jdk.internal.reflect.NativeMethodAccessorImpl.invoke(NativeMethodAccessorImpl.java:77)
	at java.base/jdk.internal.reflect.DelegatingMethodAccessorImpl.invoke(DelegatingMethodAccessorImpl.java:43)
	at java.base/java.lang.reflect.Method.invoke(Method.java:568)
	at py4j.reflection.MethodInvoker.invoke(MethodInvoker.java:244)
	at py4j.reflection.ReflectionEngine.invoke(ReflectionEngine.java:374)
	at py4j.Gateway.invoke(Gateway.java:282)
	at py4j.commands.AbstractCommand.invokeMethod(AbstractCommand.java:132)
	at py4j.commands.CallCommand.execute(CallCommand.java:79)
	at py4j.ClientServerConnection.waitForCommands(ClientServerConnection.java:182)
	at py4j.ClientServerConnection.run(ClientServerConnection.java:106)
	at java.base/java.lang.Thread.run(Thread.java:840)
Caused by: javax.security.auth.login.LoginException: java.lang.NullPointerException: invalid null input: name
	at jdk.security.auth/com.sun.security.auth.UnixPrincipal.<init>(UnixPrincipal.java:71)
	at jdk.security.auth/com.sun.security.auth.module.UnixLoginModule.login(UnixLoginModule.java:134)
	at java.base/javax.security.auth.login.LoginContext.invoke(LoginContext.java:755)
	at java.base/javax.security.auth.login.LoginContext$4.run(LoginContext.java:679)
	at java.base/javax.security.auth.login.LoginContext$4.run(LoginContext.java:677)
	at java.base/java.security.AccessController.doPrivileged(AccessController.java:712)
	at java.base/javax.security.auth.login.LoginContext.invokePriv(LoginContext.java:677)
	at java.base/javax.security.auth.login.LoginContext.login(LoginContext.java:587)
	at org.apache.hadoop.security.UserGroupInformation$HadoopLoginContext.login(UserGroupInformation.java:2065)
	at org.apache.hadoop.security.UserGroupInformation.doSubjectLogin(UserGroupInformation.java:1975)
	at org.apache.hadoop.security.UserGroupInformation.createLoginUser(UserGroupInformation.java:719)
	at org.apache.hadoop.security.UserGroupInformation.getLoginUser(UserGroupInformation.java:669)
	at org.apache.hadoop.security.UserGroupInformation.getCurrentUser(UserGroupInformation.java:579)
	at org.apache.hadoop.fs.FileSystem$Cache$Key.<init>(FileSystem.java:3746)
	at org.apache.hadoop.fs.FileSystem$Cache$Key.<init>(FileSystem.java:3736)
	at org.apache.hadoop.fs.FileSystem$Cache.get(FileSystem.java:3520)
	at org.apache.hadoop.fs.FileSystem.get(FileSystem.java:540)
	at org.apache.hadoop.fs.FileSystem.get(FileSystem.java:288)
	at org.apache.hadoop.fs.FileSystem.get(FileSystem.java:524)
	at org.apache.hadoop.fs.Path.getFileSystem(Path.java:365)
	at org.apache.spark.sql.execution.datasources.DataSource.sourceSchema(DataSource.scala:246)
	at org.apache.spark.sql.execution.datasources.DataSource.sourceInfo$lzycompute(DataSource.scala:118)
	at org.apache.spark.sql.execution.datasources.DataSource.sourceInfo(DataSource.scala:118)
	at org.apache.spark.sql.execution.streaming.StreamingRelation$.apply(StreamingRelation.scala:36)
	at org.apache.spark.sql.streaming.DataStreamReader.loadInternal(DataStreamReader.scala:198)
	at org.apache.spark.sql.streaming.DataStreamReader.load(DataStreamReader.scala:212)
	at org.apache.spark.sql.streaming.DataStreamReader.csv(DataStreamReader.scala:260)
	at java.base/jdk.internal.reflect.NativeMethodAccessorImpl.invoke0(Native Method)
	at java.base/jdk.internal.reflect.NativeMethodAccessorImpl.invoke(NativeMethodAccessorImpl.java:77)
	at java.base/jdk.internal.reflect.DelegatingMethodAccessorImpl.invoke(DelegatingMethodAccessorImpl.java:43)
	at java.base/java.lang.reflect.Method.invoke(Method.java:568)
	at py4j.reflection.MethodInvoker.invoke(MethodInvoker.java:244)
	at py4j.reflection.ReflectionEngine.invoke(ReflectionEngine.java:374)
	at py4j.Gateway.invoke(Gateway.java:282)
	at py4j.commands.AbstractCommand.invokeMethod(AbstractCommand.java:132)
	at py4j.commands.CallCommand.execute(CallCommand.java:79)
	at py4j.ClientServerConnection.waitForCommands(ClientServerConnection.java:182)
	at py4j.ClientServerConnection.run(ClientServerConnection.java:106)
	at java.base/java.lang.Thread.run(Thread.java:840)

	at java.base/javax.security.auth.login.LoginContext.invoke(LoginContext.java:850)
	at java.base/javax.security.auth.login.LoginContext$4.run(LoginContext.java:679)
	at java.base/javax.security.auth.login.LoginContext$4.run(LoginContext.java:677)
	at java.base/java.security.AccessController.doPrivileged(AccessController.java:712)
	at java.base/javax.security.auth.login.LoginContext.invokePriv(LoginContext.java:677)
	at java.base/javax.security.auth.login.LoginContext.login(LoginContext.java:587)
	at org.apache.hadoop.security.UserGroupInformation$HadoopLoginContext.login(UserGroupInformation.java:2065)
	at org.apache.hadoop.security.UserGroupInformation.doSubjectLogin(UserGroupInformation.java:1975)
	... 29 more

2025-05-23 10:02:00,710 INFO Closing down clientserver connection
2025-05-23 10:02:10,056 INFO SparkSession initialized
2025-05-23 10:02:11,709 ERROR Failed to read streaming data: An error occurred while calling o40.csv.
: org.apache.hadoop.security.KerberosAuthException: failure to login: javax.security.auth.login.LoginException: java.lang.NullPointerException: invalid null input: name
	at jdk.security.auth/com.sun.security.auth.UnixPrincipal.<init>(UnixPrincipal.java:71)
	at jdk.security.auth/com.sun.security.auth.module.UnixLoginModule.login(UnixLoginModule.java:134)
	at java.base/javax.security.auth.login.LoginContext.invoke(LoginContext.java:755)
	at java.base/javax.security.auth.login.LoginContext$4.run(LoginContext.java:679)
	at java.base/javax.security.auth.login.LoginContext$4.run(LoginContext.java:677)
	at java.base/java.security.AccessController.doPrivileged(AccessController.java:712)
	at java.base/javax.security.auth.login.LoginContext.invokePriv(LoginContext.java:677)
	at java.base/javax.security.auth.login.LoginContext.login(LoginContext.java:587)
	at org.apache.hadoop.security.UserGroupInformation$HadoopLoginContext.login(UserGroupInformation.java:2065)
	at org.apache.hadoop.security.UserGroupInformation.doSubjectLogin(UserGroupInformation.java:1975)
	at org.apache.hadoop.security.UserGroupInformation.createLoginUser(UserGroupInformation.java:719)
	at org.apache.hadoop.security.UserGroupInformation.getLoginUser(UserGroupInformation.java:669)
	at org.apache.hadoop.security.UserGroupInformation.getCurrentUser(UserGroupInformation.java:579)
	at org.apache.hadoop.fs.FileSystem$Cache$Key.<init>(FileSystem.java:3746)
	at org.apache.hadoop.fs.FileSystem$Cache$Key.<init>(FileSystem.java:3736)
	at org.apache.hadoop.fs.FileSystem$Cache.get(FileSystem.java:3520)
	at org.apache.hadoop.fs.FileSystem.get(FileSystem.java:540)
	at org.apache.hadoop.fs.FileSystem.get(FileSystem.java:288)
	at org.apache.hadoop.fs.FileSystem.get(FileSystem.java:524)
	at org.apache.hadoop.fs.Path.getFileSystem(Path.java:365)
	at org.apache.spark.sql.execution.datasources.DataSource.sourceSchema(DataSource.scala:246)
	at org.apache.spark.sql.execution.datasources.DataSource.sourceInfo$lzycompute(DataSource.scala:118)
	at org.apache.spark.sql.execution.datasources.DataSource.sourceInfo(DataSource.scala:118)
	at org.apache.spark.sql.execution.streaming.StreamingRelation$.apply(StreamingRelation.scala:36)
	at org.apache.spark.sql.streaming.DataStreamReader.loadInternal(DataStreamReader.scala:198)
	at org.apache.spark.sql.streaming.DataStreamReader.load(DataStreamReader.scala:212)
	at org.apache.spark.sql.streaming.DataStreamReader.csv(DataStreamReader.scala:260)
	at java.base/jdk.internal.reflect.NativeMethodAccessorImpl.invoke0(Native Method)
	at java.base/jdk.internal.reflect.NativeMethodAccessorImpl.invoke(NativeMethodAccessorImpl.java:77)
	at java.base/jdk.internal.reflect.DelegatingMethodAccessorImpl.invoke(DelegatingMethodAccessorImpl.java:43)
	at java.base/java.lang.reflect.Method.invoke(Method.java:568)
	at py4j.reflection.MethodInvoker.invoke(MethodInvoker.java:244)
	at py4j.reflection.ReflectionEngine.invoke(ReflectionEngine.java:374)
	at py4j.Gateway.invoke(Gateway.java:282)
	at py4j.commands.AbstractCommand.invokeMethod(AbstractCommand.java:132)
	at py4j.commands.CallCommand.execute(CallCommand.java:79)
	at py4j.ClientServerConnection.waitForCommands(ClientServerConnection.java:182)
	at py4j.ClientServerConnection.run(ClientServerConnection.java:106)
	at java.base/java.lang.Thread.run(Thread.java:840)

	at org.apache.hadoop.security.UserGroupInformation.doSubjectLogin(UserGroupInformation.java:1986)
	at org.apache.hadoop.security.UserGroupInformation.createLoginUser(UserGroupInformation.java:719)
	at org.apache.hadoop.security.UserGroupInformation.getLoginUser(UserGroupInformation.java:669)
	at org.apache.hadoop.security.UserGroupInformation.getCurrentUser(UserGroupInformation.java:579)
	at org.apache.hadoop.fs.FileSystem$Cache$Key.<init>(FileSystem.java:3746)
	at org.apache.hadoop.fs.FileSystem$Cache$Key.<init>(FileSystem.java:3736)
	at org.apache.hadoop.fs.FileSystem$Cache.get(FileSystem.java:3520)
	at org.apache.hadoop.fs.FileSystem.get(FileSystem.java:540)
	at org.apache.hadoop.fs.FileSystem.get(FileSystem.java:288)
	at org.apache.hadoop.fs.FileSystem.get(FileSystem.java:524)
	at org.apache.hadoop.fs.Path.getFileSystem(Path.java:365)
	at org.apache.spark.sql.execution.datasources.DataSource.sourceSchema(DataSource.scala:246)
	at org.apache.spark.sql.execution.datasources.DataSource.sourceInfo$lzycompute(DataSource.scala:118)
	at org.apache.spark.sql.execution.datasources.DataSource.sourceInfo(DataSource.scala:118)
	at org.apache.spark.sql.execution.streaming.StreamingRelation$.apply(StreamingRelation.scala:36)
	at org.apache.spark.sql.streaming.DataStreamReader.loadInternal(DataStreamReader.scala:198)
	at org.apache.spark.sql.streaming.DataStreamReader.load(DataStreamReader.scala:212)
	at org.apache.spark.sql.streaming.DataStreamReader.csv(DataStreamReader.scala:260)
	at java.base/jdk.internal.reflect.NativeMethodAccessorImpl.invoke0(Native Method)
	at java.base/jdk.internal.reflect.NativeMethodAccessorImpl.invoke(NativeMethodAccessorImpl.java:77)
	at java.base/jdk.internal.reflect.DelegatingMethodAccessorImpl.invoke(DelegatingMethodAccessorImpl.java:43)
	at java.base/java.lang.reflect.Method.invoke(Method.java:568)
	at py4j.reflection.MethodInvoker.invoke(MethodInvoker.java:244)
	at py4j.reflection.ReflectionEngine.invoke(ReflectionEngine.java:374)
	at py4j.Gateway.invoke(Gateway.java:282)
	at py4j.commands.AbstractCommand.invokeMethod(AbstractCommand.java:132)
	at py4j.commands.CallCommand.execute(CallCommand.java:79)
	at py4j.ClientServerConnection.waitForCommands(ClientServerConnection.java:182)
	at py4j.ClientServerConnection.run(ClientServerConnection.java:106)
	at java.base/java.lang.Thread.run(Thread.java:840)
Caused by: javax.security.auth.login.LoginException: java.lang.NullPointerException: invalid null input: name
	at jdk.security.auth/com.sun.security.auth.UnixPrincipal.<init>(UnixPrincipal.java:71)
	at jdk.security.auth/com.sun.security.auth.module.UnixLoginModule.login(UnixLoginModule.java:134)
	at java.base/javax.security.auth.login.LoginContext.invoke(LoginContext.java:755)
	at java.base/javax.security.auth.login.LoginContext$4.run(LoginContext.java:679)
	at java.base/javax.security.auth.login.LoginContext$4.run(LoginContext.java:677)
	at java.base/java.security.AccessController.doPrivileged(AccessController.java:712)
	at java.base/javax.security.auth.login.LoginContext.invokePriv(LoginContext.java:677)
	at java.base/javax.security.auth.login.LoginContext.login(LoginContext.java:587)
	at org.apache.hadoop.security.UserGroupInformation$HadoopLoginContext.login(UserGroupInformation.java:2065)
	at org.apache.hadoop.security.UserGroupInformation.doSubjectLogin(UserGroupInformation.java:1975)
	at org.apache.hadoop.security.UserGroupInformation.createLoginUser(UserGroupInformation.java:719)
	at org.apache.hadoop.security.UserGroupInformation.getLoginUser(UserGroupInformation.java:669)
	at org.apache.hadoop.security.UserGroupInformation.getCurrentUser(UserGroupInformation.java:579)
	at org.apache.hadoop.fs.FileSystem$Cache$Key.<init>(FileSystem.java:3746)
	at org.apache.hadoop.fs.FileSystem$Cache$Key.<init>(FileSystem.java:3736)
	at org.apache.hadoop.fs.FileSystem$Cache.get(FileSystem.java:3520)
	at org.apache.hadoop.fs.FileSystem.get(FileSystem.java:540)
	at org.apache.hadoop.fs.FileSystem.get(FileSystem.java:288)
	at org.apache.hadoop.fs.FileSystem.get(FileSystem.java:524)
	at org.apache.hadoop.fs.Path.getFileSystem(Path.java:365)
	at org.apache.spark.sql.execution.datasources.DataSource.sourceSchema(DataSource.scala:246)
	at org.apache.spark.sql.execution.datasources.DataSource.sourceInfo$lzycompute(DataSource.scala:118)
	at org.apache.spark.sql.execution.datasources.DataSource.sourceInfo(DataSource.scala:118)
	at org.apache.spark.sql.execution.streaming.StreamingRelation$.apply(StreamingRelation.scala:36)
	at org.apache.spark.sql.streaming.DataStreamReader.loadInternal(DataStreamReader.scala:198)
	at org.apache.spark.sql.streaming.DataStreamReader.load(DataStreamReader.scala:212)
	at org.apache.spark.sql.streaming.DataStreamReader.csv(DataStreamReader.scala:260)
	at java.base/jdk.internal.reflect.NativeMethodAccessorImpl.invoke0(Native Method)
	at java.base/jdk.internal.reflect.NativeMethodAccessorImpl.invoke(NativeMethodAccessorImpl.java:77)
	at java.base/jdk.internal.reflect.DelegatingMethodAccessorImpl.invoke(DelegatingMethodAccessorImpl.java:43)
	at java.base/java.lang.reflect.Method.invoke(Method.java:568)
	at py4j.reflection.MethodInvoker.invoke(MethodInvoker.java:244)
	at py4j.reflection.ReflectionEngine.invoke(ReflectionEngine.java:374)
	at py4j.Gateway.invoke(Gateway.java:282)
	at py4j.commands.AbstractCommand.invokeMethod(AbstractCommand.java:132)
	at py4j.commands.CallCommand.execute(CallCommand.java:79)
	at py4j.ClientServerConnection.waitForCommands(ClientServerConnection.java:182)
	at py4j.ClientServerConnection.run(ClientServerConnection.java:106)
	at java.base/java.lang.Thread.run(Thread.java:840)

	at java.base/javax.security.auth.login.LoginContext.invoke(LoginContext.java:850)
	at java.base/javax.security.auth.login.LoginContext$4.run(LoginContext.java:679)
	at java.base/javax.security.auth.login.LoginContext$4.run(LoginContext.java:677)
	at java.base/java.security.AccessController.doPrivileged(AccessController.java:712)
	at java.base/javax.security.auth.login.LoginContext.invokePriv(LoginContext.java:677)
	at java.base/javax.security.auth.login.LoginContext.login(LoginContext.java:587)
	at org.apache.hadoop.security.UserGroupInformation$HadoopLoginContext.login(UserGroupInformation.java:2065)
	at org.apache.hadoop.security.UserGroupInformation.doSubjectLogin(UserGroupInformation.java:1975)
	... 29 more

2025-05-23 10:02:12,359 ERROR Application failed: An error occurred while calling o40.csv.
: org.apache.hadoop.security.KerberosAuthException: failure to login: javax.security.auth.login.LoginException: java.lang.NullPointerException: invalid null input: name
	at jdk.security.auth/com.sun.security.auth.UnixPrincipal.<init>(UnixPrincipal.java:71)
	at jdk.security.auth/com.sun.security.auth.module.UnixLoginModule.login(UnixLoginModule.java:134)
	at java.base/javax.security.auth.login.LoginContext.invoke(LoginContext.java:755)
	at java.base/javax.security.auth.login.LoginContext$4.run(LoginContext.java:679)
	at java.base/javax.security.auth.login.LoginContext$4.run(LoginContext.java:677)
	at java.base/java.security.AccessController.doPrivileged(AccessController.java:712)
	at java.base/javax.security.auth.login.LoginContext.invokePriv(LoginContext.java:677)
	at java.base/javax.security.auth.login.LoginContext.login(LoginContext.java:587)
	at org.apache.hadoop.security.UserGroupInformation$HadoopLoginContext.login(UserGroupInformation.java:2065)
	at org.apache.hadoop.security.UserGroupInformation.doSubjectLogin(UserGroupInformation.java:1975)
	at org.apache.hadoop.security.UserGroupInformation.createLoginUser(UserGroupInformation.java:719)
	at org.apache.hadoop.security.UserGroupInformation.getLoginUser(UserGroupInformation.java:669)
	at org.apache.hadoop.security.UserGroupInformation.getCurrentUser(UserGroupInformation.java:579)
	at org.apache.hadoop.fs.FileSystem$Cache$Key.<init>(FileSystem.java:3746)
	at org.apache.hadoop.fs.FileSystem$Cache$Key.<init>(FileSystem.java:3736)
	at org.apache.hadoop.fs.FileSystem$Cache.get(FileSystem.java:3520)
	at org.apache.hadoop.fs.FileSystem.get(FileSystem.java:540)
	at org.apache.hadoop.fs.FileSystem.get(FileSystem.java:288)
	at org.apache.hadoop.fs.FileSystem.get(FileSystem.java:524)
	at org.apache.hadoop.fs.Path.getFileSystem(Path.java:365)
	at org.apache.spark.sql.execution.datasources.DataSource.sourceSchema(DataSource.scala:246)
	at org.apache.spark.sql.execution.datasources.DataSource.sourceInfo$lzycompute(DataSource.scala:118)
	at org.apache.spark.sql.execution.datasources.DataSource.sourceInfo(DataSource.scala:118)
	at org.apache.spark.sql.execution.streaming.StreamingRelation$.apply(StreamingRelation.scala:36)
	at org.apache.spark.sql.streaming.DataStreamReader.loadInternal(DataStreamReader.scala:198)
	at org.apache.spark.sql.streaming.DataStreamReader.load(DataStreamReader.scala:212)
	at org.apache.spark.sql.streaming.DataStreamReader.csv(DataStreamReader.scala:260)
	at java.base/jdk.internal.reflect.NativeMethodAccessorImpl.invoke0(Native Method)
	at java.base/jdk.internal.reflect.NativeMethodAccessorImpl.invoke(NativeMethodAccessorImpl.java:77)
	at java.base/jdk.internal.reflect.DelegatingMethodAccessorImpl.invoke(DelegatingMethodAccessorImpl.java:43)
	at java.base/java.lang.reflect.Method.invoke(Method.java:568)
	at py4j.reflection.MethodInvoker.invoke(MethodInvoker.java:244)
	at py4j.reflection.ReflectionEngine.invoke(ReflectionEngine.java:374)
	at py4j.Gateway.invoke(Gateway.java:282)
	at py4j.commands.AbstractCommand.invokeMethod(AbstractCommand.java:132)
	at py4j.commands.CallCommand.execute(CallCommand.java:79)
	at py4j.ClientServerConnection.waitForCommands(ClientServerConnection.java:182)
	at py4j.ClientServerConnection.run(ClientServerConnection.java:106)
	at java.base/java.lang.Thread.run(Thread.java:840)

	at org.apache.hadoop.security.UserGroupInformation.doSubjectLogin(UserGroupInformation.java:1986)
	at org.apache.hadoop.security.UserGroupInformation.createLoginUser(UserGroupInformation.java:719)
	at org.apache.hadoop.security.UserGroupInformation.getLoginUser(UserGroupInformation.java:669)
	at org.apache.hadoop.security.UserGroupInformation.getCurrentUser(UserGroupInformation.java:579)
	at org.apache.hadoop.fs.FileSystem$Cache$Key.<init>(FileSystem.java:3746)
	at org.apache.hadoop.fs.FileSystem$Cache$Key.<init>(FileSystem.java:3736)
	at org.apache.hadoop.fs.FileSystem$Cache.get(FileSystem.java:3520)
	at org.apache.hadoop.fs.FileSystem.get(FileSystem.java:540)
	at org.apache.hadoop.fs.FileSystem.get(FileSystem.java:288)
	at org.apache.hadoop.fs.FileSystem.get(FileSystem.java:524)
	at org.apache.hadoop.fs.Path.getFileSystem(Path.java:365)
	at org.apache.spark.sql.execution.datasources.DataSource.sourceSchema(DataSource.scala:246)
	at org.apache.spark.sql.execution.datasources.DataSource.sourceInfo$lzycompute(DataSource.scala:118)
	at org.apache.spark.sql.execution.datasources.DataSource.sourceInfo(DataSource.scala:118)
	at org.apache.spark.sql.execution.streaming.StreamingRelation$.apply(StreamingRelation.scala:36)
	at org.apache.spark.sql.streaming.DataStreamReader.loadInternal(DataStreamReader.scala:198)
	at org.apache.spark.sql.streaming.DataStreamReader.load(DataStreamReader.scala:212)
	at org.apache.spark.sql.streaming.DataStreamReader.csv(DataStreamReader.scala:260)
	at java.base/jdk.internal.reflect.NativeMethodAccessorImpl.invoke0(Native Method)
	at java.base/jdk.internal.reflect.NativeMethodAccessorImpl.invoke(NativeMethodAccessorImpl.java:77)
	at java.base/jdk.internal.reflect.DelegatingMethodAccessorImpl.invoke(DelegatingMethodAccessorImpl.java:43)
	at java.base/java.lang.reflect.Method.invoke(Method.java:568)
	at py4j.reflection.MethodInvoker.invoke(MethodInvoker.java:244)
	at py4j.reflection.ReflectionEngine.invoke(ReflectionEngine.java:374)
	at py4j.Gateway.invoke(Gateway.java:282)
	at py4j.commands.AbstractCommand.invokeMethod(AbstractCommand.java:132)
	at py4j.commands.CallCommand.execute(CallCommand.java:79)
	at py4j.ClientServerConnection.waitForCommands(ClientServerConnection.java:182)
	at py4j.ClientServerConnection.run(ClientServerConnection.java:106)
	at java.base/java.lang.Thread.run(Thread.java:840)
Caused by: javax.security.auth.login.LoginException: java.lang.NullPointerException: invalid null input: name
	at jdk.security.auth/com.sun.security.auth.UnixPrincipal.<init>(UnixPrincipal.java:71)
	at jdk.security.auth/com.sun.security.auth.module.UnixLoginModule.login(UnixLoginModule.java:134)
	at java.base/javax.security.auth.login.LoginContext.invoke(LoginContext.java:755)
	at java.base/javax.security.auth.login.LoginContext$4.run(LoginContext.java:679)
	at java.base/javax.security.auth.login.LoginContext$4.run(LoginContext.java:677)
	at java.base/java.security.AccessController.doPrivileged(AccessController.java:712)
	at java.base/javax.security.auth.login.LoginContext.invokePriv(LoginContext.java:677)
	at java.base/javax.security.auth.login.LoginContext.login(LoginContext.java:587)
	at org.apache.hadoop.security.UserGroupInformation$HadoopLoginContext.login(UserGroupInformation.java:2065)
	at org.apache.hadoop.security.UserGroupInformation.doSubjectLogin(UserGroupInformation.java:1975)
	at org.apache.hadoop.security.UserGroupInformation.createLoginUser(UserGroupInformation.java:719)
	at org.apache.hadoop.security.UserGroupInformation.getLoginUser(UserGroupInformation.java:669)
	at org.apache.hadoop.security.UserGroupInformation.getCurrentUser(UserGroupInformation.java:579)
	at org.apache.hadoop.fs.FileSystem$Cache$Key.<init>(FileSystem.java:3746)
	at org.apache.hadoop.fs.FileSystem$Cache$Key.<init>(FileSystem.java:3736)
	at org.apache.hadoop.fs.FileSystem$Cache.get(FileSystem.java:3520)
	at org.apache.hadoop.fs.FileSystem.get(FileSystem.java:540)
	at org.apache.hadoop.fs.FileSystem.get(FileSystem.java:288)
	at org.apache.hadoop.fs.FileSystem.get(FileSystem.java:524)
	at org.apache.hadoop.fs.Path.getFileSystem(Path.java:365)
	at org.apache.spark.sql.execution.datasources.DataSource.sourceSchema(DataSource.scala:246)
	at org.apache.spark.sql.execution.datasources.DataSource.sourceInfo$lzycompute(DataSource.scala:118)
	at org.apache.spark.sql.execution.datasources.DataSource.sourceInfo(DataSource.scala:118)
	at org.apache.spark.sql.execution.streaming.StreamingRelation$.apply(StreamingRelation.scala:36)
	at org.apache.spark.sql.streaming.DataStreamReader.loadInternal(DataStreamReader.scala:198)
	at org.apache.spark.sql.streaming.DataStreamReader.load(DataStreamReader.scala:212)
	at org.apache.spark.sql.streaming.DataStreamReader.csv(DataStreamReader.scala:260)
	at java.base/jdk.internal.reflect.NativeMethodAccessorImpl.invoke0(Native Method)
	at java.base/jdk.internal.reflect.NativeMethodAccessorImpl.invoke(NativeMethodAccessorImpl.java:77)
	at java.base/jdk.internal.reflect.DelegatingMethodAccessorImpl.invoke(DelegatingMethodAccessorImpl.java:43)
	at java.base/java.lang.reflect.Method.invoke(Method.java:568)
	at py4j.reflection.MethodInvoker.invoke(MethodInvoker.java:244)
	at py4j.reflection.ReflectionEngine.invoke(ReflectionEngine.java:374)
	at py4j.Gateway.invoke(Gateway.java:282)
	at py4j.commands.AbstractCommand.invokeMethod(AbstractCommand.java:132)
	at py4j.commands.CallCommand.execute(CallCommand.java:79)
	at py4j.ClientServerConnection.waitForCommands(ClientServerConnection.java:182)
	at py4j.ClientServerConnection.run(ClientServerConnection.java:106)
	at java.base/java.lang.Thread.run(Thread.java:840)

	at java.base/javax.security.auth.login.LoginContext.invoke(LoginContext.java:850)
	at java.base/javax.security.auth.login.LoginContext$4.run(LoginContext.java:679)
	at java.base/javax.security.auth.login.LoginContext$4.run(LoginContext.java:677)
	at java.base/java.security.AccessController.doPrivileged(AccessController.java:712)
	at java.base/javax.security.auth.login.LoginContext.invokePriv(LoginContext.java:677)
	at java.base/javax.security.auth.login.LoginContext.login(LoginContext.java:587)
	at org.apache.hadoop.security.UserGroupInformation$HadoopLoginContext.login(UserGroupInformation.java:2065)
	at org.apache.hadoop.security.UserGroupInformation.doSubjectLogin(UserGroupInformation.java:1975)
	... 29 more

2025-05-23 10:02:12,410 INFO Closing down clientserver connection
2025-05-23 10:02:22,434 INFO SparkSession initialized
2025-05-23 10:02:24,553 ERROR Failed to read streaming data: An error occurred while calling o40.csv.
: org.apache.hadoop.security.KerberosAuthException: failure to login: javax.security.auth.login.LoginException: java.lang.NullPointerException: invalid null input: name
	at jdk.security.auth/com.sun.security.auth.UnixPrincipal.<init>(UnixPrincipal.java:71)
	at jdk.security.auth/com.sun.security.auth.module.UnixLoginModule.login(UnixLoginModule.java:134)
	at java.base/javax.security.auth.login.LoginContext.invoke(LoginContext.java:755)
	at java.base/javax.security.auth.login.LoginContext$4.run(LoginContext.java:679)
	at java.base/javax.security.auth.login.LoginContext$4.run(LoginContext.java:677)
	at java.base/java.security.AccessController.doPrivileged(AccessController.java:712)
	at java.base/javax.security.auth.login.LoginContext.invokePriv(LoginContext.java:677)
	at java.base/javax.security.auth.login.LoginContext.login(LoginContext.java:587)
	at org.apache.hadoop.security.UserGroupInformation$HadoopLoginContext.login(UserGroupInformation.java:2065)
	at org.apache.hadoop.security.UserGroupInformation.doSubjectLogin(UserGroupInformation.java:1975)
	at org.apache.hadoop.security.UserGroupInformation.createLoginUser(UserGroupInformation.java:719)
	at org.apache.hadoop.security.UserGroupInformation.getLoginUser(UserGroupInformation.java:669)
	at org.apache.hadoop.security.UserGroupInformation.getCurrentUser(UserGroupInformation.java:579)
	at org.apache.hadoop.fs.FileSystem$Cache$Key.<init>(FileSystem.java:3746)
	at org.apache.hadoop.fs.FileSystem$Cache$Key.<init>(FileSystem.java:3736)
	at org.apache.hadoop.fs.FileSystem$Cache.get(FileSystem.java:3520)
	at org.apache.hadoop.fs.FileSystem.get(FileSystem.java:540)
	at org.apache.hadoop.fs.FileSystem.get(FileSystem.java:288)
	at org.apache.hadoop.fs.FileSystem.get(FileSystem.java:524)
	at org.apache.hadoop.fs.Path.getFileSystem(Path.java:365)
	at org.apache.spark.sql.execution.datasources.DataSource.sourceSchema(DataSource.scala:246)
	at org.apache.spark.sql.execution.datasources.DataSource.sourceInfo$lzycompute(DataSource.scala:118)
	at org.apache.spark.sql.execution.datasources.DataSource.sourceInfo(DataSource.scala:118)
	at org.apache.spark.sql.execution.streaming.StreamingRelation$.apply(StreamingRelation.scala:36)
	at org.apache.spark.sql.streaming.DataStreamReader.loadInternal(DataStreamReader.scala:198)
	at org.apache.spark.sql.streaming.DataStreamReader.load(DataStreamReader.scala:212)
	at org.apache.spark.sql.streaming.DataStreamReader.csv(DataStreamReader.scala:260)
	at java.base/jdk.internal.reflect.NativeMethodAccessorImpl.invoke0(Native Method)
	at java.base/jdk.internal.reflect.NativeMethodAccessorImpl.invoke(NativeMethodAccessorImpl.java:77)
	at java.base/jdk.internal.reflect.DelegatingMethodAccessorImpl.invoke(DelegatingMethodAccessorImpl.java:43)
	at java.base/java.lang.reflect.Method.invoke(Method.java:568)
	at py4j.reflection.MethodInvoker.invoke(MethodInvoker.java:244)
	at py4j.reflection.ReflectionEngine.invoke(ReflectionEngine.java:374)
	at py4j.Gateway.invoke(Gateway.java:282)
	at py4j.commands.AbstractCommand.invokeMethod(AbstractCommand.java:132)
	at py4j.commands.CallCommand.execute(CallCommand.java:79)
	at py4j.ClientServerConnection.waitForCommands(ClientServerConnection.java:182)
	at py4j.ClientServerConnection.run(ClientServerConnection.java:106)
	at java.base/java.lang.Thread.run(Thread.java:840)

	at org.apache.hadoop.security.UserGroupInformation.doSubjectLogin(UserGroupInformation.java:1986)
	at org.apache.hadoop.security.UserGroupInformation.createLoginUser(UserGroupInformation.java:719)
	at org.apache.hadoop.security.UserGroupInformation.getLoginUser(UserGroupInformation.java:669)
	at org.apache.hadoop.security.UserGroupInformation.getCurrentUser(UserGroupInformation.java:579)
	at org.apache.hadoop.fs.FileSystem$Cache$Key.<init>(FileSystem.java:3746)
	at org.apache.hadoop.fs.FileSystem$Cache$Key.<init>(FileSystem.java:3736)
	at org.apache.hadoop.fs.FileSystem$Cache.get(FileSystem.java:3520)
	at org.apache.hadoop.fs.FileSystem.get(FileSystem.java:540)
	at org.apache.hadoop.fs.FileSystem.get(FileSystem.java:288)
	at org.apache.hadoop.fs.FileSystem.get(FileSystem.java:524)
	at org.apache.hadoop.fs.Path.getFileSystem(Path.java:365)
	at org.apache.spark.sql.execution.datasources.DataSource.sourceSchema(DataSource.scala:246)
	at org.apache.spark.sql.execution.datasources.DataSource.sourceInfo$lzycompute(DataSource.scala:118)
	at org.apache.spark.sql.execution.datasources.DataSource.sourceInfo(DataSource.scala:118)
	at org.apache.spark.sql.execution.streaming.StreamingRelation$.apply(StreamingRelation.scala:36)
	at org.apache.spark.sql.streaming.DataStreamReader.loadInternal(DataStreamReader.scala:198)
	at org.apache.spark.sql.streaming.DataStreamReader.load(DataStreamReader.scala:212)
	at org.apache.spark.sql.streaming.DataStreamReader.csv(DataStreamReader.scala:260)
	at java.base/jdk.internal.reflect.NativeMethodAccessorImpl.invoke0(Native Method)
	at java.base/jdk.internal.reflect.NativeMethodAccessorImpl.invoke(NativeMethodAccessorImpl.java:77)
	at java.base/jdk.internal.reflect.DelegatingMethodAccessorImpl.invoke(DelegatingMethodAccessorImpl.java:43)
	at java.base/java.lang.reflect.Method.invoke(Method.java:568)
	at py4j.reflection.MethodInvoker.invoke(MethodInvoker.java:244)
	at py4j.reflection.ReflectionEngine.invoke(ReflectionEngine.java:374)
	at py4j.Gateway.invoke(Gateway.java:282)
	at py4j.commands.AbstractCommand.invokeMethod(AbstractCommand.java:132)
	at py4j.commands.CallCommand.execute(CallCommand.java:79)
	at py4j.ClientServerConnection.waitForCommands(ClientServerConnection.java:182)
	at py4j.ClientServerConnection.run(ClientServerConnection.java:106)
	at java.base/java.lang.Thread.run(Thread.java:840)
Caused by: javax.security.auth.login.LoginException: java.lang.NullPointerException: invalid null input: name
	at jdk.security.auth/com.sun.security.auth.UnixPrincipal.<init>(UnixPrincipal.java:71)
	at jdk.security.auth/com.sun.security.auth.module.UnixLoginModule.login(UnixLoginModule.java:134)
	at java.base/javax.security.auth.login.LoginContext.invoke(LoginContext.java:755)
	at java.base/javax.security.auth.login.LoginContext$4.run(LoginContext.java:679)
	at java.base/javax.security.auth.login.LoginContext$4.run(LoginContext.java:677)
	at java.base/java.security.AccessController.doPrivileged(AccessController.java:712)
	at java.base/javax.security.auth.login.LoginContext.invokePriv(LoginContext.java:677)
	at java.base/javax.security.auth.login.LoginContext.login(LoginContext.java:587)
	at org.apache.hadoop.security.UserGroupInformation$HadoopLoginContext.login(UserGroupInformation.java:2065)
	at org.apache.hadoop.security.UserGroupInformation.doSubjectLogin(UserGroupInformation.java:1975)
	at org.apache.hadoop.security.UserGroupInformation.createLoginUser(UserGroupInformation.java:719)
	at org.apache.hadoop.security.UserGroupInformation.getLoginUser(UserGroupInformation.java:669)
	at org.apache.hadoop.security.UserGroupInformation.getCurrentUser(UserGroupInformation.java:579)
	at org.apache.hadoop.fs.FileSystem$Cache$Key.<init>(FileSystem.java:3746)
	at org.apache.hadoop.fs.FileSystem$Cache$Key.<init>(FileSystem.java:3736)
	at org.apache.hadoop.fs.FileSystem$Cache.get(FileSystem.java:3520)
	at org.apache.hadoop.fs.FileSystem.get(FileSystem.java:540)
	at org.apache.hadoop.fs.FileSystem.get(FileSystem.java:288)
	at org.apache.hadoop.fs.FileSystem.get(FileSystem.java:524)
	at org.apache.hadoop.fs.Path.getFileSystem(Path.java:365)
	at org.apache.spark.sql.execution.datasources.DataSource.sourceSchema(DataSource.scala:246)
	at org.apache.spark.sql.execution.datasources.DataSource.sourceInfo$lzycompute(DataSource.scala:118)
	at org.apache.spark.sql.execution.datasources.DataSource.sourceInfo(DataSource.scala:118)
	at org.apache.spark.sql.execution.streaming.StreamingRelation$.apply(StreamingRelation.scala:36)
	at org.apache.spark.sql.streaming.DataStreamReader.loadInternal(DataStreamReader.scala:198)
	at org.apache.spark.sql.streaming.DataStreamReader.load(DataStreamReader.scala:212)
	at org.apache.spark.sql.streaming.DataStreamReader.csv(DataStreamReader.scala:260)
	at java.base/jdk.internal.reflect.NativeMethodAccessorImpl.invoke0(Native Method)
	at java.base/jdk.internal.reflect.NativeMethodAccessorImpl.invoke(NativeMethodAccessorImpl.java:77)
	at java.base/jdk.internal.reflect.DelegatingMethodAccessorImpl.invoke(DelegatingMethodAccessorImpl.java:43)
	at java.base/java.lang.reflect.Method.invoke(Method.java:568)
	at py4j.reflection.MethodInvoker.invoke(MethodInvoker.java:244)
	at py4j.reflection.ReflectionEngine.invoke(ReflectionEngine.java:374)
	at py4j.Gateway.invoke(Gateway.java:282)
	at py4j.commands.AbstractCommand.invokeMethod(AbstractCommand.java:132)
	at py4j.commands.CallCommand.execute(CallCommand.java:79)
	at py4j.ClientServerConnection.waitForCommands(ClientServerConnection.java:182)
	at py4j.ClientServerConnection.run(ClientServerConnection.java:106)
	at java.base/java.lang.Thread.run(Thread.java:840)

	at java.base/javax.security.auth.login.LoginContext.invoke(LoginContext.java:850)
	at java.base/javax.security.auth.login.LoginContext$4.run(LoginContext.java:679)
	at java.base/javax.security.auth.login.LoginContext$4.run(LoginContext.java:677)
	at java.base/java.security.AccessController.doPrivileged(AccessController.java:712)
	at java.base/javax.security.auth.login.LoginContext.invokePriv(LoginContext.java:677)
	at java.base/javax.security.auth.login.LoginContext.login(LoginContext.java:587)
	at org.apache.hadoop.security.UserGroupInformation$HadoopLoginContext.login(UserGroupInformation.java:2065)
	at org.apache.hadoop.security.UserGroupInformation.doSubjectLogin(UserGroupInformation.java:1975)
	... 29 more

2025-05-23 10:02:25,193 ERROR Application failed: An error occurred while calling o40.csv.
: org.apache.hadoop.security.KerberosAuthException: failure to login: javax.security.auth.login.LoginException: java.lang.NullPointerException: invalid null input: name
	at jdk.security.auth/com.sun.security.auth.UnixPrincipal.<init>(UnixPrincipal.java:71)
	at jdk.security.auth/com.sun.security.auth.module.UnixLoginModule.login(UnixLoginModule.java:134)
	at java.base/javax.security.auth.login.LoginContext.invoke(LoginContext.java:755)
	at java.base/javax.security.auth.login.LoginContext$4.run(LoginContext.java:679)
	at java.base/javax.security.auth.login.LoginContext$4.run(LoginContext.java:677)
	at java.base/java.security.AccessController.doPrivileged(AccessController.java:712)
	at java.base/javax.security.auth.login.LoginContext.invokePriv(LoginContext.java:677)
	at java.base/javax.security.auth.login.LoginContext.login(LoginContext.java:587)
	at org.apache.hadoop.security.UserGroupInformation$HadoopLoginContext.login(UserGroupInformation.java:2065)
	at org.apache.hadoop.security.UserGroupInformation.doSubjectLogin(UserGroupInformation.java:1975)
	at org.apache.hadoop.security.UserGroupInformation.createLoginUser(UserGroupInformation.java:719)
	at org.apache.hadoop.security.UserGroupInformation.getLoginUser(UserGroupInformation.java:669)
	at org.apache.hadoop.security.UserGroupInformation.getCurrentUser(UserGroupInformation.java:579)
	at org.apache.hadoop.fs.FileSystem$Cache$Key.<init>(FileSystem.java:3746)
	at org.apache.hadoop.fs.FileSystem$Cache$Key.<init>(FileSystem.java:3736)
	at org.apache.hadoop.fs.FileSystem$Cache.get(FileSystem.java:3520)
	at org.apache.hadoop.fs.FileSystem.get(FileSystem.java:540)
	at org.apache.hadoop.fs.FileSystem.get(FileSystem.java:288)
	at org.apache.hadoop.fs.FileSystem.get(FileSystem.java:524)
	at org.apache.hadoop.fs.Path.getFileSystem(Path.java:365)
	at org.apache.spark.sql.execution.datasources.DataSource.sourceSchema(DataSource.scala:246)
	at org.apache.spark.sql.execution.datasources.DataSource.sourceInfo$lzycompute(DataSource.scala:118)
	at org.apache.spark.sql.execution.datasources.DataSource.sourceInfo(DataSource.scala:118)
	at org.apache.spark.sql.execution.streaming.StreamingRelation$.apply(StreamingRelation.scala:36)
	at org.apache.spark.sql.streaming.DataStreamReader.loadInternal(DataStreamReader.scala:198)
	at org.apache.spark.sql.streaming.DataStreamReader.load(DataStreamReader.scala:212)
	at org.apache.spark.sql.streaming.DataStreamReader.csv(DataStreamReader.scala:260)
	at java.base/jdk.internal.reflect.NativeMethodAccessorImpl.invoke0(Native Method)
	at java.base/jdk.internal.reflect.NativeMethodAccessorImpl.invoke(NativeMethodAccessorImpl.java:77)
	at java.base/jdk.internal.reflect.DelegatingMethodAccessorImpl.invoke(DelegatingMethodAccessorImpl.java:43)
	at java.base/java.lang.reflect.Method.invoke(Method.java:568)
	at py4j.reflection.MethodInvoker.invoke(MethodInvoker.java:244)
	at py4j.reflection.ReflectionEngine.invoke(ReflectionEngine.java:374)
	at py4j.Gateway.invoke(Gateway.java:282)
	at py4j.commands.AbstractCommand.invokeMethod(AbstractCommand.java:132)
	at py4j.commands.CallCommand.execute(CallCommand.java:79)
	at py4j.ClientServerConnection.waitForCommands(ClientServerConnection.java:182)
	at py4j.ClientServerConnection.run(ClientServerConnection.java:106)
	at java.base/java.lang.Thread.run(Thread.java:840)

	at org.apache.hadoop.security.UserGroupInformation.doSubjectLogin(UserGroupInformation.java:1986)
	at org.apache.hadoop.security.UserGroupInformation.createLoginUser(UserGroupInformation.java:719)
	at org.apache.hadoop.security.UserGroupInformation.getLoginUser(UserGroupInformation.java:669)
	at org.apache.hadoop.security.UserGroupInformation.getCurrentUser(UserGroupInformation.java:579)
	at org.apache.hadoop.fs.FileSystem$Cache$Key.<init>(FileSystem.java:3746)
	at org.apache.hadoop.fs.FileSystem$Cache$Key.<init>(FileSystem.java:3736)
	at org.apache.hadoop.fs.FileSystem$Cache.get(FileSystem.java:3520)
	at org.apache.hadoop.fs.FileSystem.get(FileSystem.java:540)
	at org.apache.hadoop.fs.FileSystem.get(FileSystem.java:288)
	at org.apache.hadoop.fs.FileSystem.get(FileSystem.java:524)
	at org.apache.hadoop.fs.Path.getFileSystem(Path.java:365)
	at org.apache.spark.sql.execution.datasources.DataSource.sourceSchema(DataSource.scala:246)
	at org.apache.spark.sql.execution.datasources.DataSource.sourceInfo$lzycompute(DataSource.scala:118)
	at org.apache.spark.sql.execution.datasources.DataSource.sourceInfo(DataSource.scala:118)
	at org.apache.spark.sql.execution.streaming.StreamingRelation$.apply(StreamingRelation.scala:36)
	at org.apache.spark.sql.streaming.DataStreamReader.loadInternal(DataStreamReader.scala:198)
	at org.apache.spark.sql.streaming.DataStreamReader.load(DataStreamReader.scala:212)
	at org.apache.spark.sql.streaming.DataStreamReader.csv(DataStreamReader.scala:260)
	at java.base/jdk.internal.reflect.NativeMethodAccessorImpl.invoke0(Native Method)
	at java.base/jdk.internal.reflect.NativeMethodAccessorImpl.invoke(NativeMethodAccessorImpl.java:77)
	at java.base/jdk.internal.reflect.DelegatingMethodAccessorImpl.invoke(DelegatingMethodAccessorImpl.java:43)
	at java.base/java.lang.reflect.Method.invoke(Method.java:568)
	at py4j.reflection.MethodInvoker.invoke(MethodInvoker.java:244)
	at py4j.reflection.ReflectionEngine.invoke(ReflectionEngine.java:374)
	at py4j.Gateway.invoke(Gateway.java:282)
	at py4j.commands.AbstractCommand.invokeMethod(AbstractCommand.java:132)
	at py4j.commands.CallCommand.execute(CallCommand.java:79)
	at py4j.ClientServerConnection.waitForCommands(ClientServerConnection.java:182)
	at py4j.ClientServerConnection.run(ClientServerConnection.java:106)
	at java.base/java.lang.Thread.run(Thread.java:840)
Caused by: javax.security.auth.login.LoginException: java.lang.NullPointerException: invalid null input: name
	at jdk.security.auth/com.sun.security.auth.UnixPrincipal.<init>(UnixPrincipal.java:71)
	at jdk.security.auth/com.sun.security.auth.module.UnixLoginModule.login(UnixLoginModule.java:134)
	at java.base/javax.security.auth.login.LoginContext.invoke(LoginContext.java:755)
	at java.base/javax.security.auth.login.LoginContext$4.run(LoginContext.java:679)
	at java.base/javax.security.auth.login.LoginContext$4.run(LoginContext.java:677)
	at java.base/java.security.AccessController.doPrivileged(AccessController.java:712)
	at java.base/javax.security.auth.login.LoginContext.invokePriv(LoginContext.java:677)
	at java.base/javax.security.auth.login.LoginContext.login(LoginContext.java:587)
	at org.apache.hadoop.security.UserGroupInformation$HadoopLoginContext.login(UserGroupInformation.java:2065)
	at org.apache.hadoop.security.UserGroupInformation.doSubjectLogin(UserGroupInformation.java:1975)
	at org.apache.hadoop.security.UserGroupInformation.createLoginUser(UserGroupInformation.java:719)
	at org.apache.hadoop.security.UserGroupInformation.getLoginUser(UserGroupInformation.java:669)
	at org.apache.hadoop.security.UserGroupInformation.getCurrentUser(UserGroupInformation.java:579)
	at org.apache.hadoop.fs.FileSystem$Cache$Key.<init>(FileSystem.java:3746)
	at org.apache.hadoop.fs.FileSystem$Cache$Key.<init>(FileSystem.java:3736)
	at org.apache.hadoop.fs.FileSystem$Cache.get(FileSystem.java:3520)
	at org.apache.hadoop.fs.FileSystem.get(FileSystem.java:540)
	at org.apache.hadoop.fs.FileSystem.get(FileSystem.java:288)
	at org.apache.hadoop.fs.FileSystem.get(FileSystem.java:524)
	at org.apache.hadoop.fs.Path.getFileSystem(Path.java:365)
	at org.apache.spark.sql.execution.datasources.DataSource.sourceSchema(DataSource.scala:246)
	at org.apache.spark.sql.execution.datasources.DataSource.sourceInfo$lzycompute(DataSource.scala:118)
	at org.apache.spark.sql.execution.datasources.DataSource.sourceInfo(DataSource.scala:118)
	at org.apache.spark.sql.execution.streaming.StreamingRelation$.apply(StreamingRelation.scala:36)
	at org.apache.spark.sql.streaming.DataStreamReader.loadInternal(DataStreamReader.scala:198)
	at org.apache.spark.sql.streaming.DataStreamReader.load(DataStreamReader.scala:212)
	at org.apache.spark.sql.streaming.DataStreamReader.csv(DataStreamReader.scala:260)
	at java.base/jdk.internal.reflect.NativeMethodAccessorImpl.invoke0(Native Method)
	at java.base/jdk.internal.reflect.NativeMethodAccessorImpl.invoke(NativeMethodAccessorImpl.java:77)
	at java.base/jdk.internal.reflect.DelegatingMethodAccessorImpl.invoke(DelegatingMethodAccessorImpl.java:43)
	at java.base/java.lang.reflect.Method.invoke(Method.java:568)
	at py4j.reflection.MethodInvoker.invoke(MethodInvoker.java:244)
	at py4j.reflection.ReflectionEngine.invoke(ReflectionEngine.java:374)
	at py4j.Gateway.invoke(Gateway.java:282)
	at py4j.commands.AbstractCommand.invokeMethod(AbstractCommand.java:132)
	at py4j.commands.CallCommand.execute(CallCommand.java:79)
	at py4j.ClientServerConnection.waitForCommands(ClientServerConnection.java:182)
	at py4j.ClientServerConnection.run(ClientServerConnection.java:106)
	at java.base/java.lang.Thread.run(Thread.java:840)

	at java.base/javax.security.auth.login.LoginContext.invoke(LoginContext.java:850)
	at java.base/javax.security.auth.login.LoginContext$4.run(LoginContext.java:679)
	at java.base/javax.security.auth.login.LoginContext$4.run(LoginContext.java:677)
	at java.base/java.security.AccessController.doPrivileged(AccessController.java:712)
	at java.base/javax.security.auth.login.LoginContext.invokePriv(LoginContext.java:677)
	at java.base/javax.security.auth.login.LoginContext.login(LoginContext.java:587)
	at org.apache.hadoop.security.UserGroupInformation$HadoopLoginContext.login(UserGroupInformation.java:2065)
	at org.apache.hadoop.security.UserGroupInformation.doSubjectLogin(UserGroupInformation.java:1975)
	... 29 more

2025-05-23 10:02:25,245 INFO Closing down clientserver connection
2025-05-23 10:02:34,159 INFO SparkSession initialized
2025-05-23 10:02:36,163 ERROR Failed to read streaming data: An error occurred while calling o40.csv.
: org.apache.hadoop.security.KerberosAuthException: failure to login: javax.security.auth.login.LoginException: java.lang.NullPointerException: invalid null input: name
	at jdk.security.auth/com.sun.security.auth.UnixPrincipal.<init>(UnixPrincipal.java:71)
	at jdk.security.auth/com.sun.security.auth.module.UnixLoginModule.login(UnixLoginModule.java:134)
	at java.base/javax.security.auth.login.LoginContext.invoke(LoginContext.java:755)
	at java.base/javax.security.auth.login.LoginContext$4.run(LoginContext.java:679)
	at java.base/javax.security.auth.login.LoginContext$4.run(LoginContext.java:677)
	at java.base/java.security.AccessController.doPrivileged(AccessController.java:712)
	at java.base/javax.security.auth.login.LoginContext.invokePriv(LoginContext.java:677)
	at java.base/javax.security.auth.login.LoginContext.login(LoginContext.java:587)
	at org.apache.hadoop.security.UserGroupInformation$HadoopLoginContext.login(UserGroupInformation.java:2065)
	at org.apache.hadoop.security.UserGroupInformation.doSubjectLogin(UserGroupInformation.java:1975)
	at org.apache.hadoop.security.UserGroupInformation.createLoginUser(UserGroupInformation.java:719)
	at org.apache.hadoop.security.UserGroupInformation.getLoginUser(UserGroupInformation.java:669)
	at org.apache.hadoop.security.UserGroupInformation.getCurrentUser(UserGroupInformation.java:579)
	at org.apache.hadoop.fs.FileSystem$Cache$Key.<init>(FileSystem.java:3746)
	at org.apache.hadoop.fs.FileSystem$Cache$Key.<init>(FileSystem.java:3736)
	at org.apache.hadoop.fs.FileSystem$Cache.get(FileSystem.java:3520)
	at org.apache.hadoop.fs.FileSystem.get(FileSystem.java:540)
	at org.apache.hadoop.fs.FileSystem.get(FileSystem.java:288)
	at org.apache.hadoop.fs.FileSystem.get(FileSystem.java:524)
	at org.apache.hadoop.fs.Path.getFileSystem(Path.java:365)
	at org.apache.spark.sql.execution.datasources.DataSource.sourceSchema(DataSource.scala:246)
	at org.apache.spark.sql.execution.datasources.DataSource.sourceInfo$lzycompute(DataSource.scala:118)
	at org.apache.spark.sql.execution.datasources.DataSource.sourceInfo(DataSource.scala:118)
	at org.apache.spark.sql.execution.streaming.StreamingRelation$.apply(StreamingRelation.scala:36)
	at org.apache.spark.sql.streaming.DataStreamReader.loadInternal(DataStreamReader.scala:198)
	at org.apache.spark.sql.streaming.DataStreamReader.load(DataStreamReader.scala:212)
	at org.apache.spark.sql.streaming.DataStreamReader.csv(DataStreamReader.scala:260)
	at java.base/jdk.internal.reflect.NativeMethodAccessorImpl.invoke0(Native Method)
	at java.base/jdk.internal.reflect.NativeMethodAccessorImpl.invoke(NativeMethodAccessorImpl.java:77)
	at java.base/jdk.internal.reflect.DelegatingMethodAccessorImpl.invoke(DelegatingMethodAccessorImpl.java:43)
	at java.base/java.lang.reflect.Method.invoke(Method.java:568)
	at py4j.reflection.MethodInvoker.invoke(MethodInvoker.java:244)
	at py4j.reflection.ReflectionEngine.invoke(ReflectionEngine.java:374)
	at py4j.Gateway.invoke(Gateway.java:282)
	at py4j.commands.AbstractCommand.invokeMethod(AbstractCommand.java:132)
	at py4j.commands.CallCommand.execute(CallCommand.java:79)
	at py4j.ClientServerConnection.waitForCommands(ClientServerConnection.java:182)
	at py4j.ClientServerConnection.run(ClientServerConnection.java:106)
	at java.base/java.lang.Thread.run(Thread.java:840)

	at org.apache.hadoop.security.UserGroupInformation.doSubjectLogin(UserGroupInformation.java:1986)
	at org.apache.hadoop.security.UserGroupInformation.createLoginUser(UserGroupInformation.java:719)
	at org.apache.hadoop.security.UserGroupInformation.getLoginUser(UserGroupInformation.java:669)
	at org.apache.hadoop.security.UserGroupInformation.getCurrentUser(UserGroupInformation.java:579)
	at org.apache.hadoop.fs.FileSystem$Cache$Key.<init>(FileSystem.java:3746)
	at org.apache.hadoop.fs.FileSystem$Cache$Key.<init>(FileSystem.java:3736)
	at org.apache.hadoop.fs.FileSystem$Cache.get(FileSystem.java:3520)
	at org.apache.hadoop.fs.FileSystem.get(FileSystem.java:540)
	at org.apache.hadoop.fs.FileSystem.get(FileSystem.java:288)
	at org.apache.hadoop.fs.FileSystem.get(FileSystem.java:524)
	at org.apache.hadoop.fs.Path.getFileSystem(Path.java:365)
	at org.apache.spark.sql.execution.datasources.DataSource.sourceSchema(DataSource.scala:246)
	at org.apache.spark.sql.execution.datasources.DataSource.sourceInfo$lzycompute(DataSource.scala:118)
	at org.apache.spark.sql.execution.datasources.DataSource.sourceInfo(DataSource.scala:118)
	at org.apache.spark.sql.execution.streaming.StreamingRelation$.apply(StreamingRelation.scala:36)
	at org.apache.spark.sql.streaming.DataStreamReader.loadInternal(DataStreamReader.scala:198)
	at org.apache.spark.sql.streaming.DataStreamReader.load(DataStreamReader.scala:212)
	at org.apache.spark.sql.streaming.DataStreamReader.csv(DataStreamReader.scala:260)
	at java.base/jdk.internal.reflect.NativeMethodAccessorImpl.invoke0(Native Method)
	at java.base/jdk.internal.reflect.NativeMethodAccessorImpl.invoke(NativeMethodAccessorImpl.java:77)
	at java.base/jdk.internal.reflect.DelegatingMethodAccessorImpl.invoke(DelegatingMethodAccessorImpl.java:43)
	at java.base/java.lang.reflect.Method.invoke(Method.java:568)
	at py4j.reflection.MethodInvoker.invoke(MethodInvoker.java:244)
	at py4j.reflection.ReflectionEngine.invoke(ReflectionEngine.java:374)
	at py4j.Gateway.invoke(Gateway.java:282)
	at py4j.commands.AbstractCommand.invokeMethod(AbstractCommand.java:132)
	at py4j.commands.CallCommand.execute(CallCommand.java:79)
	at py4j.ClientServerConnection.waitForCommands(ClientServerConnection.java:182)
	at py4j.ClientServerConnection.run(ClientServerConnection.java:106)
	at java.base/java.lang.Thread.run(Thread.java:840)
Caused by: javax.security.auth.login.LoginException: java.lang.NullPointerException: invalid null input: name
	at jdk.security.auth/com.sun.security.auth.UnixPrincipal.<init>(UnixPrincipal.java:71)
	at jdk.security.auth/com.sun.security.auth.module.UnixLoginModule.login(UnixLoginModule.java:134)
	at java.base/javax.security.auth.login.LoginContext.invoke(LoginContext.java:755)
	at java.base/javax.security.auth.login.LoginContext$4.run(LoginContext.java:679)
	at java.base/javax.security.auth.login.LoginContext$4.run(LoginContext.java:677)
	at java.base/java.security.AccessController.doPrivileged(AccessController.java:712)
	at java.base/javax.security.auth.login.LoginContext.invokePriv(LoginContext.java:677)
	at java.base/javax.security.auth.login.LoginContext.login(LoginContext.java:587)
	at org.apache.hadoop.security.UserGroupInformation$HadoopLoginContext.login(UserGroupInformation.java:2065)
	at org.apache.hadoop.security.UserGroupInformation.doSubjectLogin(UserGroupInformation.java:1975)
	at org.apache.hadoop.security.UserGroupInformation.createLoginUser(UserGroupInformation.java:719)
	at org.apache.hadoop.security.UserGroupInformation.getLoginUser(UserGroupInformation.java:669)
	at org.apache.hadoop.security.UserGroupInformation.getCurrentUser(UserGroupInformation.java:579)
	at org.apache.hadoop.fs.FileSystem$Cache$Key.<init>(FileSystem.java:3746)
	at org.apache.hadoop.fs.FileSystem$Cache$Key.<init>(FileSystem.java:3736)
	at org.apache.hadoop.fs.FileSystem$Cache.get(FileSystem.java:3520)
	at org.apache.hadoop.fs.FileSystem.get(FileSystem.java:540)
	at org.apache.hadoop.fs.FileSystem.get(FileSystem.java:288)
	at org.apache.hadoop.fs.FileSystem.get(FileSystem.java:524)
	at org.apache.hadoop.fs.Path.getFileSystem(Path.java:365)
	at org.apache.spark.sql.execution.datasources.DataSource.sourceSchema(DataSource.scala:246)
	at org.apache.spark.sql.execution.datasources.DataSource.sourceInfo$lzycompute(DataSource.scala:118)
	at org.apache.spark.sql.execution.datasources.DataSource.sourceInfo(DataSource.scala:118)
	at org.apache.spark.sql.execution.streaming.StreamingRelation$.apply(StreamingRelation.scala:36)
	at org.apache.spark.sql.streaming.DataStreamReader.loadInternal(DataStreamReader.scala:198)
	at org.apache.spark.sql.streaming.DataStreamReader.load(DataStreamReader.scala:212)
	at org.apache.spark.sql.streaming.DataStreamReader.csv(DataStreamReader.scala:260)
	at java.base/jdk.internal.reflect.NativeMethodAccessorImpl.invoke0(Native Method)
	at java.base/jdk.internal.reflect.NativeMethodAccessorImpl.invoke(NativeMethodAccessorImpl.java:77)
	at java.base/jdk.internal.reflect.DelegatingMethodAccessorImpl.invoke(DelegatingMethodAccessorImpl.java:43)
	at java.base/java.lang.reflect.Method.invoke(Method.java:568)
	at py4j.reflection.MethodInvoker.invoke(MethodInvoker.java:244)
	at py4j.reflection.ReflectionEngine.invoke(ReflectionEngine.java:374)
	at py4j.Gateway.invoke(Gateway.java:282)
	at py4j.commands.AbstractCommand.invokeMethod(AbstractCommand.java:132)
	at py4j.commands.CallCommand.execute(CallCommand.java:79)
	at py4j.ClientServerConnection.waitForCommands(ClientServerConnection.java:182)
	at py4j.ClientServerConnection.run(ClientServerConnection.java:106)
	at java.base/java.lang.Thread.run(Thread.java:840)

	at java.base/javax.security.auth.login.LoginContext.invoke(LoginContext.java:850)
	at java.base/javax.security.auth.login.LoginContext$4.run(LoginContext.java:679)
	at java.base/javax.security.auth.login.LoginContext$4.run(LoginContext.java:677)
	at java.base/java.security.AccessController.doPrivileged(AccessController.java:712)
	at java.base/javax.security.auth.login.LoginContext.invokePriv(LoginContext.java:677)
	at java.base/javax.security.auth.login.LoginContext.login(LoginContext.java:587)
	at org.apache.hadoop.security.UserGroupInformation$HadoopLoginContext.login(UserGroupInformation.java:2065)
	at org.apache.hadoop.security.UserGroupInformation.doSubjectLogin(UserGroupInformation.java:1975)
	... 29 more

2025-05-23 10:02:36,483 ERROR Application failed: An error occurred while calling o40.csv.
: org.apache.hadoop.security.KerberosAuthException: failure to login: javax.security.auth.login.LoginException: java.lang.NullPointerException: invalid null input: name
	at jdk.security.auth/com.sun.security.auth.UnixPrincipal.<init>(UnixPrincipal.java:71)
	at jdk.security.auth/com.sun.security.auth.module.UnixLoginModule.login(UnixLoginModule.java:134)
	at java.base/javax.security.auth.login.LoginContext.invoke(LoginContext.java:755)
	at java.base/javax.security.auth.login.LoginContext$4.run(LoginContext.java:679)
	at java.base/javax.security.auth.login.LoginContext$4.run(LoginContext.java:677)
	at java.base/java.security.AccessController.doPrivileged(AccessController.java:712)
	at java.base/javax.security.auth.login.LoginContext.invokePriv(LoginContext.java:677)
	at java.base/javax.security.auth.login.LoginContext.login(LoginContext.java:587)
	at org.apache.hadoop.security.UserGroupInformation$HadoopLoginContext.login(UserGroupInformation.java:2065)
	at org.apache.hadoop.security.UserGroupInformation.doSubjectLogin(UserGroupInformation.java:1975)
	at org.apache.hadoop.security.UserGroupInformation.createLoginUser(UserGroupInformation.java:719)
	at org.apache.hadoop.security.UserGroupInformation.getLoginUser(UserGroupInformation.java:669)
	at org.apache.hadoop.security.UserGroupInformation.getCurrentUser(UserGroupInformation.java:579)
	at org.apache.hadoop.fs.FileSystem$Cache$Key.<init>(FileSystem.java:3746)
	at org.apache.hadoop.fs.FileSystem$Cache$Key.<init>(FileSystem.java:3736)
	at org.apache.hadoop.fs.FileSystem$Cache.get(FileSystem.java:3520)
	at org.apache.hadoop.fs.FileSystem.get(FileSystem.java:540)
	at org.apache.hadoop.fs.FileSystem.get(FileSystem.java:288)
	at org.apache.hadoop.fs.FileSystem.get(FileSystem.java:524)
	at org.apache.hadoop.fs.Path.getFileSystem(Path.java:365)
	at org.apache.spark.sql.execution.datasources.DataSource.sourceSchema(DataSource.scala:246)
	at org.apache.spark.sql.execution.datasources.DataSource.sourceInfo$lzycompute(DataSource.scala:118)
	at org.apache.spark.sql.execution.datasources.DataSource.sourceInfo(DataSource.scala:118)
	at org.apache.spark.sql.execution.streaming.StreamingRelation$.apply(StreamingRelation.scala:36)
	at org.apache.spark.sql.streaming.DataStreamReader.loadInternal(DataStreamReader.scala:198)
	at org.apache.spark.sql.streaming.DataStreamReader.load(DataStreamReader.scala:212)
	at org.apache.spark.sql.streaming.DataStreamReader.csv(DataStreamReader.scala:260)
	at java.base/jdk.internal.reflect.NativeMethodAccessorImpl.invoke0(Native Method)
	at java.base/jdk.internal.reflect.NativeMethodAccessorImpl.invoke(NativeMethodAccessorImpl.java:77)
	at java.base/jdk.internal.reflect.DelegatingMethodAccessorImpl.invoke(DelegatingMethodAccessorImpl.java:43)
	at java.base/java.lang.reflect.Method.invoke(Method.java:568)
	at py4j.reflection.MethodInvoker.invoke(MethodInvoker.java:244)
	at py4j.reflection.ReflectionEngine.invoke(ReflectionEngine.java:374)
	at py4j.Gateway.invoke(Gateway.java:282)
	at py4j.commands.AbstractCommand.invokeMethod(AbstractCommand.java:132)
	at py4j.commands.CallCommand.execute(CallCommand.java:79)
	at py4j.ClientServerConnection.waitForCommands(ClientServerConnection.java:182)
	at py4j.ClientServerConnection.run(ClientServerConnection.java:106)
	at java.base/java.lang.Thread.run(Thread.java:840)

	at org.apache.hadoop.security.UserGroupInformation.doSubjectLogin(UserGroupInformation.java:1986)
	at org.apache.hadoop.security.UserGroupInformation.createLoginUser(UserGroupInformation.java:719)
	at org.apache.hadoop.security.UserGroupInformation.getLoginUser(UserGroupInformation.java:669)
	at org.apache.hadoop.security.UserGroupInformation.getCurrentUser(UserGroupInformation.java:579)
	at org.apache.hadoop.fs.FileSystem$Cache$Key.<init>(FileSystem.java:3746)
	at org.apache.hadoop.fs.FileSystem$Cache$Key.<init>(FileSystem.java:3736)
	at org.apache.hadoop.fs.FileSystem$Cache.get(FileSystem.java:3520)
	at org.apache.hadoop.fs.FileSystem.get(FileSystem.java:540)
	at org.apache.hadoop.fs.FileSystem.get(FileSystem.java:288)
	at org.apache.hadoop.fs.FileSystem.get(FileSystem.java:524)
	at org.apache.hadoop.fs.Path.getFileSystem(Path.java:365)
	at org.apache.spark.sql.execution.datasources.DataSource.sourceSchema(DataSource.scala:246)
	at org.apache.spark.sql.execution.datasources.DataSource.sourceInfo$lzycompute(DataSource.scala:118)
	at org.apache.spark.sql.execution.datasources.DataSource.sourceInfo(DataSource.scala:118)
	at org.apache.spark.sql.execution.streaming.StreamingRelation$.apply(StreamingRelation.scala:36)
	at org.apache.spark.sql.streaming.DataStreamReader.loadInternal(DataStreamReader.scala:198)
	at org.apache.spark.sql.streaming.DataStreamReader.load(DataStreamReader.scala:212)
	at org.apache.spark.sql.streaming.DataStreamReader.csv(DataStreamReader.scala:260)
	at java.base/jdk.internal.reflect.NativeMethodAccessorImpl.invoke0(Native Method)
	at java.base/jdk.internal.reflect.NativeMethodAccessorImpl.invoke(NativeMethodAccessorImpl.java:77)
	at java.base/jdk.internal.reflect.DelegatingMethodAccessorImpl.invoke(DelegatingMethodAccessorImpl.java:43)
	at java.base/java.lang.reflect.Method.invoke(Method.java:568)
	at py4j.reflection.MethodInvoker.invoke(MethodInvoker.java:244)
	at py4j.reflection.ReflectionEngine.invoke(ReflectionEngine.java:374)
	at py4j.Gateway.invoke(Gateway.java:282)
	at py4j.commands.AbstractCommand.invokeMethod(AbstractCommand.java:132)
	at py4j.commands.CallCommand.execute(CallCommand.java:79)
	at py4j.ClientServerConnection.waitForCommands(ClientServerConnection.java:182)
	at py4j.ClientServerConnection.run(ClientServerConnection.java:106)
	at java.base/java.lang.Thread.run(Thread.java:840)
Caused by: javax.security.auth.login.LoginException: java.lang.NullPointerException: invalid null input: name
	at jdk.security.auth/com.sun.security.auth.UnixPrincipal.<init>(UnixPrincipal.java:71)
	at jdk.security.auth/com.sun.security.auth.module.UnixLoginModule.login(UnixLoginModule.java:134)
	at java.base/javax.security.auth.login.LoginContext.invoke(LoginContext.java:755)
	at java.base/javax.security.auth.login.LoginContext$4.run(LoginContext.java:679)
	at java.base/javax.security.auth.login.LoginContext$4.run(LoginContext.java:677)
	at java.base/java.security.AccessController.doPrivileged(AccessController.java:712)
	at java.base/javax.security.auth.login.LoginContext.invokePriv(LoginContext.java:677)
	at java.base/javax.security.auth.login.LoginContext.login(LoginContext.java:587)
	at org.apache.hadoop.security.UserGroupInformation$HadoopLoginContext.login(UserGroupInformation.java:2065)
	at org.apache.hadoop.security.UserGroupInformation.doSubjectLogin(UserGroupInformation.java:1975)
	at org.apache.hadoop.security.UserGroupInformation.createLoginUser(UserGroupInformation.java:719)
	at org.apache.hadoop.security.UserGroupInformation.getLoginUser(UserGroupInformation.java:669)
	at org.apache.hadoop.security.UserGroupInformation.getCurrentUser(UserGroupInformation.java:579)
	at org.apache.hadoop.fs.FileSystem$Cache$Key.<init>(FileSystem.java:3746)
	at org.apache.hadoop.fs.FileSystem$Cache$Key.<init>(FileSystem.java:3736)
	at org.apache.hadoop.fs.FileSystem$Cache.get(FileSystem.java:3520)
	at org.apache.hadoop.fs.FileSystem.get(FileSystem.java:540)
	at org.apache.hadoop.fs.FileSystem.get(FileSystem.java:288)
	at org.apache.hadoop.fs.FileSystem.get(FileSystem.java:524)
	at org.apache.hadoop.fs.Path.getFileSystem(Path.java:365)
	at org.apache.spark.sql.execution.datasources.DataSource.sourceSchema(DataSource.scala:246)
	at org.apache.spark.sql.execution.datasources.DataSource.sourceInfo$lzycompute(DataSource.scala:118)
	at org.apache.spark.sql.execution.datasources.DataSource.sourceInfo(DataSource.scala:118)
	at org.apache.spark.sql.execution.streaming.StreamingRelation$.apply(StreamingRelation.scala:36)
	at org.apache.spark.sql.streaming.DataStreamReader.loadInternal(DataStreamReader.scala:198)
	at org.apache.spark.sql.streaming.DataStreamReader.load(DataStreamReader.scala:212)
	at org.apache.spark.sql.streaming.DataStreamReader.csv(DataStreamReader.scala:260)
	at java.base/jdk.internal.reflect.NativeMethodAccessorImpl.invoke0(Native Method)
	at java.base/jdk.internal.reflect.NativeMethodAccessorImpl.invoke(NativeMethodAccessorImpl.java:77)
	at java.base/jdk.internal.reflect.DelegatingMethodAccessorImpl.invoke(DelegatingMethodAccessorImpl.java:43)
	at java.base/java.lang.reflect.Method.invoke(Method.java:568)
	at py4j.reflection.MethodInvoker.invoke(MethodInvoker.java:244)
	at py4j.reflection.ReflectionEngine.invoke(ReflectionEngine.java:374)
	at py4j.Gateway.invoke(Gateway.java:282)
	at py4j.commands.AbstractCommand.invokeMethod(AbstractCommand.java:132)
	at py4j.commands.CallCommand.execute(CallCommand.java:79)
	at py4j.ClientServerConnection.waitForCommands(ClientServerConnection.java:182)
	at py4j.ClientServerConnection.run(ClientServerConnection.java:106)
	at java.base/java.lang.Thread.run(Thread.java:840)

	at java.base/javax.security.auth.login.LoginContext.invoke(LoginContext.java:850)
	at java.base/javax.security.auth.login.LoginContext$4.run(LoginContext.java:679)
	at java.base/javax.security.auth.login.LoginContext$4.run(LoginContext.java:677)
	at java.base/java.security.AccessController.doPrivileged(AccessController.java:712)
	at java.base/javax.security.auth.login.LoginContext.invokePriv(LoginContext.java:677)
	at java.base/javax.security.auth.login.LoginContext.login(LoginContext.java:587)
	at org.apache.hadoop.security.UserGroupInformation$HadoopLoginContext.login(UserGroupInformation.java:2065)
	at org.apache.hadoop.security.UserGroupInformation.doSubjectLogin(UserGroupInformation.java:1975)
	... 29 more

2025-05-23 10:02:36,545 INFO Closing down clientserver connection
2025-05-23 10:02:46,901 INFO SparkSession initialized
2025-05-23 10:02:48,995 ERROR Failed to read streaming data: An error occurred while calling o40.csv.
: org.apache.hadoop.security.KerberosAuthException: failure to login: javax.security.auth.login.LoginException: java.lang.NullPointerException: invalid null input: name
	at jdk.security.auth/com.sun.security.auth.UnixPrincipal.<init>(UnixPrincipal.java:71)
	at jdk.security.auth/com.sun.security.auth.module.UnixLoginModule.login(UnixLoginModule.java:134)
	at java.base/javax.security.auth.login.LoginContext.invoke(LoginContext.java:755)
	at java.base/javax.security.auth.login.LoginContext$4.run(LoginContext.java:679)
	at java.base/javax.security.auth.login.LoginContext$4.run(LoginContext.java:677)
	at java.base/java.security.AccessController.doPrivileged(AccessController.java:712)
	at java.base/javax.security.auth.login.LoginContext.invokePriv(LoginContext.java:677)
	at java.base/javax.security.auth.login.LoginContext.login(LoginContext.java:587)
	at org.apache.hadoop.security.UserGroupInformation$HadoopLoginContext.login(UserGroupInformation.java:2065)
	at org.apache.hadoop.security.UserGroupInformation.doSubjectLogin(UserGroupInformation.java:1975)
	at org.apache.hadoop.security.UserGroupInformation.createLoginUser(UserGroupInformation.java:719)
	at org.apache.hadoop.security.UserGroupInformation.getLoginUser(UserGroupInformation.java:669)
	at org.apache.hadoop.security.UserGroupInformation.getCurrentUser(UserGroupInformation.java:579)
	at org.apache.hadoop.fs.FileSystem$Cache$Key.<init>(FileSystem.java:3746)
	at org.apache.hadoop.fs.FileSystem$Cache$Key.<init>(FileSystem.java:3736)
	at org.apache.hadoop.fs.FileSystem$Cache.get(FileSystem.java:3520)
	at org.apache.hadoop.fs.FileSystem.get(FileSystem.java:540)
	at org.apache.hadoop.fs.FileSystem.get(FileSystem.java:288)
	at org.apache.hadoop.fs.FileSystem.get(FileSystem.java:524)
	at org.apache.hadoop.fs.Path.getFileSystem(Path.java:365)
	at org.apache.spark.sql.execution.datasources.DataSource.sourceSchema(DataSource.scala:246)
	at org.apache.spark.sql.execution.datasources.DataSource.sourceInfo$lzycompute(DataSource.scala:118)
	at org.apache.spark.sql.execution.datasources.DataSource.sourceInfo(DataSource.scala:118)
	at org.apache.spark.sql.execution.streaming.StreamingRelation$.apply(StreamingRelation.scala:36)
	at org.apache.spark.sql.streaming.DataStreamReader.loadInternal(DataStreamReader.scala:198)
	at org.apache.spark.sql.streaming.DataStreamReader.load(DataStreamReader.scala:212)
	at org.apache.spark.sql.streaming.DataStreamReader.csv(DataStreamReader.scala:260)
	at java.base/jdk.internal.reflect.NativeMethodAccessorImpl.invoke0(Native Method)
	at java.base/jdk.internal.reflect.NativeMethodAccessorImpl.invoke(NativeMethodAccessorImpl.java:77)
	at java.base/jdk.internal.reflect.DelegatingMethodAccessorImpl.invoke(DelegatingMethodAccessorImpl.java:43)
	at java.base/java.lang.reflect.Method.invoke(Method.java:568)
	at py4j.reflection.MethodInvoker.invoke(MethodInvoker.java:244)
	at py4j.reflection.ReflectionEngine.invoke(ReflectionEngine.java:374)
	at py4j.Gateway.invoke(Gateway.java:282)
	at py4j.commands.AbstractCommand.invokeMethod(AbstractCommand.java:132)
	at py4j.commands.CallCommand.execute(CallCommand.java:79)
	at py4j.ClientServerConnection.waitForCommands(ClientServerConnection.java:182)
	at py4j.ClientServerConnection.run(ClientServerConnection.java:106)
	at java.base/java.lang.Thread.run(Thread.java:840)

	at org.apache.hadoop.security.UserGroupInformation.doSubjectLogin(UserGroupInformation.java:1986)
	at org.apache.hadoop.security.UserGroupInformation.createLoginUser(UserGroupInformation.java:719)
	at org.apache.hadoop.security.UserGroupInformation.getLoginUser(UserGroupInformation.java:669)
	at org.apache.hadoop.security.UserGroupInformation.getCurrentUser(UserGroupInformation.java:579)
	at org.apache.hadoop.fs.FileSystem$Cache$Key.<init>(FileSystem.java:3746)
	at org.apache.hadoop.fs.FileSystem$Cache$Key.<init>(FileSystem.java:3736)
	at org.apache.hadoop.fs.FileSystem$Cache.get(FileSystem.java:3520)
	at org.apache.hadoop.fs.FileSystem.get(FileSystem.java:540)
	at org.apache.hadoop.fs.FileSystem.get(FileSystem.java:288)
	at org.apache.hadoop.fs.FileSystem.get(FileSystem.java:524)
	at org.apache.hadoop.fs.Path.getFileSystem(Path.java:365)
	at org.apache.spark.sql.execution.datasources.DataSource.sourceSchema(DataSource.scala:246)
	at org.apache.spark.sql.execution.datasources.DataSource.sourceInfo$lzycompute(DataSource.scala:118)
	at org.apache.spark.sql.execution.datasources.DataSource.sourceInfo(DataSource.scala:118)
	at org.apache.spark.sql.execution.streaming.StreamingRelation$.apply(StreamingRelation.scala:36)
	at org.apache.spark.sql.streaming.DataStreamReader.loadInternal(DataStreamReader.scala:198)
	at org.apache.spark.sql.streaming.DataStreamReader.load(DataStreamReader.scala:212)
	at org.apache.spark.sql.streaming.DataStreamReader.csv(DataStreamReader.scala:260)
	at java.base/jdk.internal.reflect.NativeMethodAccessorImpl.invoke0(Native Method)
	at java.base/jdk.internal.reflect.NativeMethodAccessorImpl.invoke(NativeMethodAccessorImpl.java:77)
	at java.base/jdk.internal.reflect.DelegatingMethodAccessorImpl.invoke(DelegatingMethodAccessorImpl.java:43)
	at java.base/java.lang.reflect.Method.invoke(Method.java:568)
	at py4j.reflection.MethodInvoker.invoke(MethodInvoker.java:244)
	at py4j.reflection.ReflectionEngine.invoke(ReflectionEngine.java:374)
	at py4j.Gateway.invoke(Gateway.java:282)
	at py4j.commands.AbstractCommand.invokeMethod(AbstractCommand.java:132)
	at py4j.commands.CallCommand.execute(CallCommand.java:79)
	at py4j.ClientServerConnection.waitForCommands(ClientServerConnection.java:182)
	at py4j.ClientServerConnection.run(ClientServerConnection.java:106)
	at java.base/java.lang.Thread.run(Thread.java:840)
Caused by: javax.security.auth.login.LoginException: java.lang.NullPointerException: invalid null input: name
	at jdk.security.auth/com.sun.security.auth.UnixPrincipal.<init>(UnixPrincipal.java:71)
	at jdk.security.auth/com.sun.security.auth.module.UnixLoginModule.login(UnixLoginModule.java:134)
	at java.base/javax.security.auth.login.LoginContext.invoke(LoginContext.java:755)
	at java.base/javax.security.auth.login.LoginContext$4.run(LoginContext.java:679)
	at java.base/javax.security.auth.login.LoginContext$4.run(LoginContext.java:677)
	at java.base/java.security.AccessController.doPrivileged(AccessController.java:712)
	at java.base/javax.security.auth.login.LoginContext.invokePriv(LoginContext.java:677)
	at java.base/javax.security.auth.login.LoginContext.login(LoginContext.java:587)
	at org.apache.hadoop.security.UserGroupInformation$HadoopLoginContext.login(UserGroupInformation.java:2065)
	at org.apache.hadoop.security.UserGroupInformation.doSubjectLogin(UserGroupInformation.java:1975)
	at org.apache.hadoop.security.UserGroupInformation.createLoginUser(UserGroupInformation.java:719)
	at org.apache.hadoop.security.UserGroupInformation.getLoginUser(UserGroupInformation.java:669)
	at org.apache.hadoop.security.UserGroupInformation.getCurrentUser(UserGroupInformation.java:579)
	at org.apache.hadoop.fs.FileSystem$Cache$Key.<init>(FileSystem.java:3746)
	at org.apache.hadoop.fs.FileSystem$Cache$Key.<init>(FileSystem.java:3736)
	at org.apache.hadoop.fs.FileSystem$Cache.get(FileSystem.java:3520)
	at org.apache.hadoop.fs.FileSystem.get(FileSystem.java:540)
	at org.apache.hadoop.fs.FileSystem.get(FileSystem.java:288)
	at org.apache.hadoop.fs.FileSystem.get(FileSystem.java:524)
	at org.apache.hadoop.fs.Path.getFileSystem(Path.java:365)
	at org.apache.spark.sql.execution.datasources.DataSource.sourceSchema(DataSource.scala:246)
	at org.apache.spark.sql.execution.datasources.DataSource.sourceInfo$lzycompute(DataSource.scala:118)
	at org.apache.spark.sql.execution.datasources.DataSource.sourceInfo(DataSource.scala:118)
	at org.apache.spark.sql.execution.streaming.StreamingRelation$.apply(StreamingRelation.scala:36)
	at org.apache.spark.sql.streaming.DataStreamReader.loadInternal(DataStreamReader.scala:198)
	at org.apache.spark.sql.streaming.DataStreamReader.load(DataStreamReader.scala:212)
	at org.apache.spark.sql.streaming.DataStreamReader.csv(DataStreamReader.scala:260)
	at java.base/jdk.internal.reflect.NativeMethodAccessorImpl.invoke0(Native Method)
	at java.base/jdk.internal.reflect.NativeMethodAccessorImpl.invoke(NativeMethodAccessorImpl.java:77)
	at java.base/jdk.internal.reflect.DelegatingMethodAccessorImpl.invoke(DelegatingMethodAccessorImpl.java:43)
	at java.base/java.lang.reflect.Method.invoke(Method.java:568)
	at py4j.reflection.MethodInvoker.invoke(MethodInvoker.java:244)
	at py4j.reflection.ReflectionEngine.invoke(ReflectionEngine.java:374)
	at py4j.Gateway.invoke(Gateway.java:282)
	at py4j.commands.AbstractCommand.invokeMethod(AbstractCommand.java:132)
	at py4j.commands.CallCommand.execute(CallCommand.java:79)
	at py4j.ClientServerConnection.waitForCommands(ClientServerConnection.java:182)
	at py4j.ClientServerConnection.run(ClientServerConnection.java:106)
	at java.base/java.lang.Thread.run(Thread.java:840)

	at java.base/javax.security.auth.login.LoginContext.invoke(LoginContext.java:850)
	at java.base/javax.security.auth.login.LoginContext$4.run(LoginContext.java:679)
	at java.base/javax.security.auth.login.LoginContext$4.run(LoginContext.java:677)
	at java.base/java.security.AccessController.doPrivileged(AccessController.java:712)
	at java.base/javax.security.auth.login.LoginContext.invokePriv(LoginContext.java:677)
	at java.base/javax.security.auth.login.LoginContext.login(LoginContext.java:587)
	at org.apache.hadoop.security.UserGroupInformation$HadoopLoginContext.login(UserGroupInformation.java:2065)
	at org.apache.hadoop.security.UserGroupInformation.doSubjectLogin(UserGroupInformation.java:1975)
	... 29 more

2025-05-23 10:02:49,655 ERROR Application failed: An error occurred while calling o40.csv.
: org.apache.hadoop.security.KerberosAuthException: failure to login: javax.security.auth.login.LoginException: java.lang.NullPointerException: invalid null input: name
	at jdk.security.auth/com.sun.security.auth.UnixPrincipal.<init>(UnixPrincipal.java:71)
	at jdk.security.auth/com.sun.security.auth.module.UnixLoginModule.login(UnixLoginModule.java:134)
	at java.base/javax.security.auth.login.LoginContext.invoke(LoginContext.java:755)
	at java.base/javax.security.auth.login.LoginContext$4.run(LoginContext.java:679)
	at java.base/javax.security.auth.login.LoginContext$4.run(LoginContext.java:677)
	at java.base/java.security.AccessController.doPrivileged(AccessController.java:712)
	at java.base/javax.security.auth.login.LoginContext.invokePriv(LoginContext.java:677)
	at java.base/javax.security.auth.login.LoginContext.login(LoginContext.java:587)
	at org.apache.hadoop.security.UserGroupInformation$HadoopLoginContext.login(UserGroupInformation.java:2065)
	at org.apache.hadoop.security.UserGroupInformation.doSubjectLogin(UserGroupInformation.java:1975)
	at org.apache.hadoop.security.UserGroupInformation.createLoginUser(UserGroupInformation.java:719)
	at org.apache.hadoop.security.UserGroupInformation.getLoginUser(UserGroupInformation.java:669)
	at org.apache.hadoop.security.UserGroupInformation.getCurrentUser(UserGroupInformation.java:579)
	at org.apache.hadoop.fs.FileSystem$Cache$Key.<init>(FileSystem.java:3746)
	at org.apache.hadoop.fs.FileSystem$Cache$Key.<init>(FileSystem.java:3736)
	at org.apache.hadoop.fs.FileSystem$Cache.get(FileSystem.java:3520)
	at org.apache.hadoop.fs.FileSystem.get(FileSystem.java:540)
	at org.apache.hadoop.fs.FileSystem.get(FileSystem.java:288)
	at org.apache.hadoop.fs.FileSystem.get(FileSystem.java:524)
	at org.apache.hadoop.fs.Path.getFileSystem(Path.java:365)
	at org.apache.spark.sql.execution.datasources.DataSource.sourceSchema(DataSource.scala:246)
	at org.apache.spark.sql.execution.datasources.DataSource.sourceInfo$lzycompute(DataSource.scala:118)
	at org.apache.spark.sql.execution.datasources.DataSource.sourceInfo(DataSource.scala:118)
	at org.apache.spark.sql.execution.streaming.StreamingRelation$.apply(StreamingRelation.scala:36)
	at org.apache.spark.sql.streaming.DataStreamReader.loadInternal(DataStreamReader.scala:198)
	at org.apache.spark.sql.streaming.DataStreamReader.load(DataStreamReader.scala:212)
	at org.apache.spark.sql.streaming.DataStreamReader.csv(DataStreamReader.scala:260)
	at java.base/jdk.internal.reflect.NativeMethodAccessorImpl.invoke0(Native Method)
	at java.base/jdk.internal.reflect.NativeMethodAccessorImpl.invoke(NativeMethodAccessorImpl.java:77)
	at java.base/jdk.internal.reflect.DelegatingMethodAccessorImpl.invoke(DelegatingMethodAccessorImpl.java:43)
	at java.base/java.lang.reflect.Method.invoke(Method.java:568)
	at py4j.reflection.MethodInvoker.invoke(MethodInvoker.java:244)
	at py4j.reflection.ReflectionEngine.invoke(ReflectionEngine.java:374)
	at py4j.Gateway.invoke(Gateway.java:282)
	at py4j.commands.AbstractCommand.invokeMethod(AbstractCommand.java:132)
	at py4j.commands.CallCommand.execute(CallCommand.java:79)
	at py4j.ClientServerConnection.waitForCommands(ClientServerConnection.java:182)
	at py4j.ClientServerConnection.run(ClientServerConnection.java:106)
	at java.base/java.lang.Thread.run(Thread.java:840)

	at org.apache.hadoop.security.UserGroupInformation.doSubjectLogin(UserGroupInformation.java:1986)
	at org.apache.hadoop.security.UserGroupInformation.createLoginUser(UserGroupInformation.java:719)
	at org.apache.hadoop.security.UserGroupInformation.getLoginUser(UserGroupInformation.java:669)
	at org.apache.hadoop.security.UserGroupInformation.getCurrentUser(UserGroupInformation.java:579)
	at org.apache.hadoop.fs.FileSystem$Cache$Key.<init>(FileSystem.java:3746)
	at org.apache.hadoop.fs.FileSystem$Cache$Key.<init>(FileSystem.java:3736)
	at org.apache.hadoop.fs.FileSystem$Cache.get(FileSystem.java:3520)
	at org.apache.hadoop.fs.FileSystem.get(FileSystem.java:540)
	at org.apache.hadoop.fs.FileSystem.get(FileSystem.java:288)
	at org.apache.hadoop.fs.FileSystem.get(FileSystem.java:524)
	at org.apache.hadoop.fs.Path.getFileSystem(Path.java:365)
	at org.apache.spark.sql.execution.datasources.DataSource.sourceSchema(DataSource.scala:246)
	at org.apache.spark.sql.execution.datasources.DataSource.sourceInfo$lzycompute(DataSource.scala:118)
	at org.apache.spark.sql.execution.datasources.DataSource.sourceInfo(DataSource.scala:118)
	at org.apache.spark.sql.execution.streaming.StreamingRelation$.apply(StreamingRelation.scala:36)
	at org.apache.spark.sql.streaming.DataStreamReader.loadInternal(DataStreamReader.scala:198)
	at org.apache.spark.sql.streaming.DataStreamReader.load(DataStreamReader.scala:212)
	at org.apache.spark.sql.streaming.DataStreamReader.csv(DataStreamReader.scala:260)
	at java.base/jdk.internal.reflect.NativeMethodAccessorImpl.invoke0(Native Method)
	at java.base/jdk.internal.reflect.NativeMethodAccessorImpl.invoke(NativeMethodAccessorImpl.java:77)
	at java.base/jdk.internal.reflect.DelegatingMethodAccessorImpl.invoke(DelegatingMethodAccessorImpl.java:43)
	at java.base/java.lang.reflect.Method.invoke(Method.java:568)
	at py4j.reflection.MethodInvoker.invoke(MethodInvoker.java:244)
	at py4j.reflection.ReflectionEngine.invoke(ReflectionEngine.java:374)
	at py4j.Gateway.invoke(Gateway.java:282)
	at py4j.commands.AbstractCommand.invokeMethod(AbstractCommand.java:132)
	at py4j.commands.CallCommand.execute(CallCommand.java:79)
	at py4j.ClientServerConnection.waitForCommands(ClientServerConnection.java:182)
	at py4j.ClientServerConnection.run(ClientServerConnection.java:106)
	at java.base/java.lang.Thread.run(Thread.java:840)
Caused by: javax.security.auth.login.LoginException: java.lang.NullPointerException: invalid null input: name
	at jdk.security.auth/com.sun.security.auth.UnixPrincipal.<init>(UnixPrincipal.java:71)
	at jdk.security.auth/com.sun.security.auth.module.UnixLoginModule.login(UnixLoginModule.java:134)
	at java.base/javax.security.auth.login.LoginContext.invoke(LoginContext.java:755)
	at java.base/javax.security.auth.login.LoginContext$4.run(LoginContext.java:679)
	at java.base/javax.security.auth.login.LoginContext$4.run(LoginContext.java:677)
	at java.base/java.security.AccessController.doPrivileged(AccessController.java:712)
	at java.base/javax.security.auth.login.LoginContext.invokePriv(LoginContext.java:677)
	at java.base/javax.security.auth.login.LoginContext.login(LoginContext.java:587)
	at org.apache.hadoop.security.UserGroupInformation$HadoopLoginContext.login(UserGroupInformation.java:2065)
	at org.apache.hadoop.security.UserGroupInformation.doSubjectLogin(UserGroupInformation.java:1975)
	at org.apache.hadoop.security.UserGroupInformation.createLoginUser(UserGroupInformation.java:719)
	at org.apache.hadoop.security.UserGroupInformation.getLoginUser(UserGroupInformation.java:669)
	at org.apache.hadoop.security.UserGroupInformation.getCurrentUser(UserGroupInformation.java:579)
	at org.apache.hadoop.fs.FileSystem$Cache$Key.<init>(FileSystem.java:3746)
	at org.apache.hadoop.fs.FileSystem$Cache$Key.<init>(FileSystem.java:3736)
	at org.apache.hadoop.fs.FileSystem$Cache.get(FileSystem.java:3520)
	at org.apache.hadoop.fs.FileSystem.get(FileSystem.java:540)
	at org.apache.hadoop.fs.FileSystem.get(FileSystem.java:288)
	at org.apache.hadoop.fs.FileSystem.get(FileSystem.java:524)
	at org.apache.hadoop.fs.Path.getFileSystem(Path.java:365)
	at org.apache.spark.sql.execution.datasources.DataSource.sourceSchema(DataSource.scala:246)
	at org.apache.spark.sql.execution.datasources.DataSource.sourceInfo$lzycompute(DataSource.scala:118)
	at org.apache.spark.sql.execution.datasources.DataSource.sourceInfo(DataSource.scala:118)
	at org.apache.spark.sql.execution.streaming.StreamingRelation$.apply(StreamingRelation.scala:36)
	at org.apache.spark.sql.streaming.DataStreamReader.loadInternal(DataStreamReader.scala:198)
	at org.apache.spark.sql.streaming.DataStreamReader.load(DataStreamReader.scala:212)
	at org.apache.spark.sql.streaming.DataStreamReader.csv(DataStreamReader.scala:260)
	at java.base/jdk.internal.reflect.NativeMethodAccessorImpl.invoke0(Native Method)
	at java.base/jdk.internal.reflect.NativeMethodAccessorImpl.invoke(NativeMethodAccessorImpl.java:77)
	at java.base/jdk.internal.reflect.DelegatingMethodAccessorImpl.invoke(DelegatingMethodAccessorImpl.java:43)
	at java.base/java.lang.reflect.Method.invoke(Method.java:568)
	at py4j.reflection.MethodInvoker.invoke(MethodInvoker.java:244)
	at py4j.reflection.ReflectionEngine.invoke(ReflectionEngine.java:374)
	at py4j.Gateway.invoke(Gateway.java:282)
	at py4j.commands.AbstractCommand.invokeMethod(AbstractCommand.java:132)
	at py4j.commands.CallCommand.execute(CallCommand.java:79)
	at py4j.ClientServerConnection.waitForCommands(ClientServerConnection.java:182)
	at py4j.ClientServerConnection.run(ClientServerConnection.java:106)
	at java.base/java.lang.Thread.run(Thread.java:840)

	at java.base/javax.security.auth.login.LoginContext.invoke(LoginContext.java:850)
	at java.base/javax.security.auth.login.LoginContext$4.run(LoginContext.java:679)
	at java.base/javax.security.auth.login.LoginContext$4.run(LoginContext.java:677)
	at java.base/java.security.AccessController.doPrivileged(AccessController.java:712)
	at java.base/javax.security.auth.login.LoginContext.invokePriv(LoginContext.java:677)
	at java.base/javax.security.auth.login.LoginContext.login(LoginContext.java:587)
	at org.apache.hadoop.security.UserGroupInformation$HadoopLoginContext.login(UserGroupInformation.java:2065)
	at org.apache.hadoop.security.UserGroupInformation.doSubjectLogin(UserGroupInformation.java:1975)
	... 29 more

2025-05-23 10:02:49,707 INFO Closing down clientserver connection
2025-05-23 10:02:58,267 INFO SparkSession initialized
2025-05-23 10:03:00,135 ERROR Failed to read streaming data: An error occurred while calling o40.csv.
: org.apache.hadoop.security.KerberosAuthException: failure to login: javax.security.auth.login.LoginException: java.lang.NullPointerException: invalid null input: name
	at jdk.security.auth/com.sun.security.auth.UnixPrincipal.<init>(UnixPrincipal.java:71)
	at jdk.security.auth/com.sun.security.auth.module.UnixLoginModule.login(UnixLoginModule.java:134)
	at java.base/javax.security.auth.login.LoginContext.invoke(LoginContext.java:755)
	at java.base/javax.security.auth.login.LoginContext$4.run(LoginContext.java:679)
	at java.base/javax.security.auth.login.LoginContext$4.run(LoginContext.java:677)
	at java.base/java.security.AccessController.doPrivileged(AccessController.java:712)
	at java.base/javax.security.auth.login.LoginContext.invokePriv(LoginContext.java:677)
	at java.base/javax.security.auth.login.LoginContext.login(LoginContext.java:587)
	at org.apache.hadoop.security.UserGroupInformation$HadoopLoginContext.login(UserGroupInformation.java:2065)
	at org.apache.hadoop.security.UserGroupInformation.doSubjectLogin(UserGroupInformation.java:1975)
	at org.apache.hadoop.security.UserGroupInformation.createLoginUser(UserGroupInformation.java:719)
	at org.apache.hadoop.security.UserGroupInformation.getLoginUser(UserGroupInformation.java:669)
	at org.apache.hadoop.security.UserGroupInformation.getCurrentUser(UserGroupInformation.java:579)
	at org.apache.hadoop.fs.FileSystem$Cache$Key.<init>(FileSystem.java:3746)
	at org.apache.hadoop.fs.FileSystem$Cache$Key.<init>(FileSystem.java:3736)
	at org.apache.hadoop.fs.FileSystem$Cache.get(FileSystem.java:3520)
	at org.apache.hadoop.fs.FileSystem.get(FileSystem.java:540)
	at org.apache.hadoop.fs.FileSystem.get(FileSystem.java:288)
	at org.apache.hadoop.fs.FileSystem.get(FileSystem.java:524)
	at org.apache.hadoop.fs.Path.getFileSystem(Path.java:365)
	at org.apache.spark.sql.execution.datasources.DataSource.sourceSchema(DataSource.scala:246)
	at org.apache.spark.sql.execution.datasources.DataSource.sourceInfo$lzycompute(DataSource.scala:118)
	at org.apache.spark.sql.execution.datasources.DataSource.sourceInfo(DataSource.scala:118)
	at org.apache.spark.sql.execution.streaming.StreamingRelation$.apply(StreamingRelation.scala:36)
	at org.apache.spark.sql.streaming.DataStreamReader.loadInternal(DataStreamReader.scala:198)
	at org.apache.spark.sql.streaming.DataStreamReader.load(DataStreamReader.scala:212)
	at org.apache.spark.sql.streaming.DataStreamReader.csv(DataStreamReader.scala:260)
	at java.base/jdk.internal.reflect.NativeMethodAccessorImpl.invoke0(Native Method)
	at java.base/jdk.internal.reflect.NativeMethodAccessorImpl.invoke(NativeMethodAccessorImpl.java:77)
	at java.base/jdk.internal.reflect.DelegatingMethodAccessorImpl.invoke(DelegatingMethodAccessorImpl.java:43)
	at java.base/java.lang.reflect.Method.invoke(Method.java:568)
	at py4j.reflection.MethodInvoker.invoke(MethodInvoker.java:244)
	at py4j.reflection.ReflectionEngine.invoke(ReflectionEngine.java:374)
	at py4j.Gateway.invoke(Gateway.java:282)
	at py4j.commands.AbstractCommand.invokeMethod(AbstractCommand.java:132)
	at py4j.commands.CallCommand.execute(CallCommand.java:79)
	at py4j.ClientServerConnection.waitForCommands(ClientServerConnection.java:182)
	at py4j.ClientServerConnection.run(ClientServerConnection.java:106)
	at java.base/java.lang.Thread.run(Thread.java:840)

	at org.apache.hadoop.security.UserGroupInformation.doSubjectLogin(UserGroupInformation.java:1986)
	at org.apache.hadoop.security.UserGroupInformation.createLoginUser(UserGroupInformation.java:719)
	at org.apache.hadoop.security.UserGroupInformation.getLoginUser(UserGroupInformation.java:669)
	at org.apache.hadoop.security.UserGroupInformation.getCurrentUser(UserGroupInformation.java:579)
	at org.apache.hadoop.fs.FileSystem$Cache$Key.<init>(FileSystem.java:3746)
	at org.apache.hadoop.fs.FileSystem$Cache$Key.<init>(FileSystem.java:3736)
	at org.apache.hadoop.fs.FileSystem$Cache.get(FileSystem.java:3520)
	at org.apache.hadoop.fs.FileSystem.get(FileSystem.java:540)
	at org.apache.hadoop.fs.FileSystem.get(FileSystem.java:288)
	at org.apache.hadoop.fs.FileSystem.get(FileSystem.java:524)
	at org.apache.hadoop.fs.Path.getFileSystem(Path.java:365)
	at org.apache.spark.sql.execution.datasources.DataSource.sourceSchema(DataSource.scala:246)
	at org.apache.spark.sql.execution.datasources.DataSource.sourceInfo$lzycompute(DataSource.scala:118)
	at org.apache.spark.sql.execution.datasources.DataSource.sourceInfo(DataSource.scala:118)
	at org.apache.spark.sql.execution.streaming.StreamingRelation$.apply(StreamingRelation.scala:36)
	at org.apache.spark.sql.streaming.DataStreamReader.loadInternal(DataStreamReader.scala:198)
	at org.apache.spark.sql.streaming.DataStreamReader.load(DataStreamReader.scala:212)
	at org.apache.spark.sql.streaming.DataStreamReader.csv(DataStreamReader.scala:260)
	at java.base/jdk.internal.reflect.NativeMethodAccessorImpl.invoke0(Native Method)
	at java.base/jdk.internal.reflect.NativeMethodAccessorImpl.invoke(NativeMethodAccessorImpl.java:77)
	at java.base/jdk.internal.reflect.DelegatingMethodAccessorImpl.invoke(DelegatingMethodAccessorImpl.java:43)
	at java.base/java.lang.reflect.Method.invoke(Method.java:568)
	at py4j.reflection.MethodInvoker.invoke(MethodInvoker.java:244)
	at py4j.reflection.ReflectionEngine.invoke(ReflectionEngine.java:374)
	at py4j.Gateway.invoke(Gateway.java:282)
	at py4j.commands.AbstractCommand.invokeMethod(AbstractCommand.java:132)
	at py4j.commands.CallCommand.execute(CallCommand.java:79)
	at py4j.ClientServerConnection.waitForCommands(ClientServerConnection.java:182)
	at py4j.ClientServerConnection.run(ClientServerConnection.java:106)
	at java.base/java.lang.Thread.run(Thread.java:840)
Caused by: javax.security.auth.login.LoginException: java.lang.NullPointerException: invalid null input: name
	at jdk.security.auth/com.sun.security.auth.UnixPrincipal.<init>(UnixPrincipal.java:71)
	at jdk.security.auth/com.sun.security.auth.module.UnixLoginModule.login(UnixLoginModule.java:134)
	at java.base/javax.security.auth.login.LoginContext.invoke(LoginContext.java:755)
	at java.base/javax.security.auth.login.LoginContext$4.run(LoginContext.java:679)
	at java.base/javax.security.auth.login.LoginContext$4.run(LoginContext.java:677)
	at java.base/java.security.AccessController.doPrivileged(AccessController.java:712)
	at java.base/javax.security.auth.login.LoginContext.invokePriv(LoginContext.java:677)
	at java.base/javax.security.auth.login.LoginContext.login(LoginContext.java:587)
	at org.apache.hadoop.security.UserGroupInformation$HadoopLoginContext.login(UserGroupInformation.java:2065)
	at org.apache.hadoop.security.UserGroupInformation.doSubjectLogin(UserGroupInformation.java:1975)
	at org.apache.hadoop.security.UserGroupInformation.createLoginUser(UserGroupInformation.java:719)
	at org.apache.hadoop.security.UserGroupInformation.getLoginUser(UserGroupInformation.java:669)
	at org.apache.hadoop.security.UserGroupInformation.getCurrentUser(UserGroupInformation.java:579)
	at org.apache.hadoop.fs.FileSystem$Cache$Key.<init>(FileSystem.java:3746)
	at org.apache.hadoop.fs.FileSystem$Cache$Key.<init>(FileSystem.java:3736)
	at org.apache.hadoop.fs.FileSystem$Cache.get(FileSystem.java:3520)
	at org.apache.hadoop.fs.FileSystem.get(FileSystem.java:540)
	at org.apache.hadoop.fs.FileSystem.get(FileSystem.java:288)
	at org.apache.hadoop.fs.FileSystem.get(FileSystem.java:524)
	at org.apache.hadoop.fs.Path.getFileSystem(Path.java:365)
	at org.apache.spark.sql.execution.datasources.DataSource.sourceSchema(DataSource.scala:246)
	at org.apache.spark.sql.execution.datasources.DataSource.sourceInfo$lzycompute(DataSource.scala:118)
	at org.apache.spark.sql.execution.datasources.DataSource.sourceInfo(DataSource.scala:118)
	at org.apache.spark.sql.execution.streaming.StreamingRelation$.apply(StreamingRelation.scala:36)
	at org.apache.spark.sql.streaming.DataStreamReader.loadInternal(DataStreamReader.scala:198)
	at org.apache.spark.sql.streaming.DataStreamReader.load(DataStreamReader.scala:212)
	at org.apache.spark.sql.streaming.DataStreamReader.csv(DataStreamReader.scala:260)
	at java.base/jdk.internal.reflect.NativeMethodAccessorImpl.invoke0(Native Method)
	at java.base/jdk.internal.reflect.NativeMethodAccessorImpl.invoke(NativeMethodAccessorImpl.java:77)
	at java.base/jdk.internal.reflect.DelegatingMethodAccessorImpl.invoke(DelegatingMethodAccessorImpl.java:43)
	at java.base/java.lang.reflect.Method.invoke(Method.java:568)
	at py4j.reflection.MethodInvoker.invoke(MethodInvoker.java:244)
	at py4j.reflection.ReflectionEngine.invoke(ReflectionEngine.java:374)
	at py4j.Gateway.invoke(Gateway.java:282)
	at py4j.commands.AbstractCommand.invokeMethod(AbstractCommand.java:132)
	at py4j.commands.CallCommand.execute(CallCommand.java:79)
	at py4j.ClientServerConnection.waitForCommands(ClientServerConnection.java:182)
	at py4j.ClientServerConnection.run(ClientServerConnection.java:106)
	at java.base/java.lang.Thread.run(Thread.java:840)

	at java.base/javax.security.auth.login.LoginContext.invoke(LoginContext.java:850)
	at java.base/javax.security.auth.login.LoginContext$4.run(LoginContext.java:679)
	at java.base/javax.security.auth.login.LoginContext$4.run(LoginContext.java:677)
	at java.base/java.security.AccessController.doPrivileged(AccessController.java:712)
	at java.base/javax.security.auth.login.LoginContext.invokePriv(LoginContext.java:677)
	at java.base/javax.security.auth.login.LoginContext.login(LoginContext.java:587)
	at org.apache.hadoop.security.UserGroupInformation$HadoopLoginContext.login(UserGroupInformation.java:2065)
	at org.apache.hadoop.security.UserGroupInformation.doSubjectLogin(UserGroupInformation.java:1975)
	... 29 more

2025-05-23 10:03:00,585 ERROR Application failed: An error occurred while calling o40.csv.
: org.apache.hadoop.security.KerberosAuthException: failure to login: javax.security.auth.login.LoginException: java.lang.NullPointerException: invalid null input: name
	at jdk.security.auth/com.sun.security.auth.UnixPrincipal.<init>(UnixPrincipal.java:71)
	at jdk.security.auth/com.sun.security.auth.module.UnixLoginModule.login(UnixLoginModule.java:134)
	at java.base/javax.security.auth.login.LoginContext.invoke(LoginContext.java:755)
	at java.base/javax.security.auth.login.LoginContext$4.run(LoginContext.java:679)
	at java.base/javax.security.auth.login.LoginContext$4.run(LoginContext.java:677)
	at java.base/java.security.AccessController.doPrivileged(AccessController.java:712)
	at java.base/javax.security.auth.login.LoginContext.invokePriv(LoginContext.java:677)
	at java.base/javax.security.auth.login.LoginContext.login(LoginContext.java:587)
	at org.apache.hadoop.security.UserGroupInformation$HadoopLoginContext.login(UserGroupInformation.java:2065)
	at org.apache.hadoop.security.UserGroupInformation.doSubjectLogin(UserGroupInformation.java:1975)
	at org.apache.hadoop.security.UserGroupInformation.createLoginUser(UserGroupInformation.java:719)
	at org.apache.hadoop.security.UserGroupInformation.getLoginUser(UserGroupInformation.java:669)
	at org.apache.hadoop.security.UserGroupInformation.getCurrentUser(UserGroupInformation.java:579)
	at org.apache.hadoop.fs.FileSystem$Cache$Key.<init>(FileSystem.java:3746)
	at org.apache.hadoop.fs.FileSystem$Cache$Key.<init>(FileSystem.java:3736)
	at org.apache.hadoop.fs.FileSystem$Cache.get(FileSystem.java:3520)
	at org.apache.hadoop.fs.FileSystem.get(FileSystem.java:540)
	at org.apache.hadoop.fs.FileSystem.get(FileSystem.java:288)
	at org.apache.hadoop.fs.FileSystem.get(FileSystem.java:524)
	at org.apache.hadoop.fs.Path.getFileSystem(Path.java:365)
	at org.apache.spark.sql.execution.datasources.DataSource.sourceSchema(DataSource.scala:246)
	at org.apache.spark.sql.execution.datasources.DataSource.sourceInfo$lzycompute(DataSource.scala:118)
	at org.apache.spark.sql.execution.datasources.DataSource.sourceInfo(DataSource.scala:118)
	at org.apache.spark.sql.execution.streaming.StreamingRelation$.apply(StreamingRelation.scala:36)
	at org.apache.spark.sql.streaming.DataStreamReader.loadInternal(DataStreamReader.scala:198)
	at org.apache.spark.sql.streaming.DataStreamReader.load(DataStreamReader.scala:212)
	at org.apache.spark.sql.streaming.DataStreamReader.csv(DataStreamReader.scala:260)
	at java.base/jdk.internal.reflect.NativeMethodAccessorImpl.invoke0(Native Method)
	at java.base/jdk.internal.reflect.NativeMethodAccessorImpl.invoke(NativeMethodAccessorImpl.java:77)
	at java.base/jdk.internal.reflect.DelegatingMethodAccessorImpl.invoke(DelegatingMethodAccessorImpl.java:43)
	at java.base/java.lang.reflect.Method.invoke(Method.java:568)
	at py4j.reflection.MethodInvoker.invoke(MethodInvoker.java:244)
	at py4j.reflection.ReflectionEngine.invoke(ReflectionEngine.java:374)
	at py4j.Gateway.invoke(Gateway.java:282)
	at py4j.commands.AbstractCommand.invokeMethod(AbstractCommand.java:132)
	at py4j.commands.CallCommand.execute(CallCommand.java:79)
	at py4j.ClientServerConnection.waitForCommands(ClientServerConnection.java:182)
	at py4j.ClientServerConnection.run(ClientServerConnection.java:106)
	at java.base/java.lang.Thread.run(Thread.java:840)

	at org.apache.hadoop.security.UserGroupInformation.doSubjectLogin(UserGroupInformation.java:1986)
	at org.apache.hadoop.security.UserGroupInformation.createLoginUser(UserGroupInformation.java:719)
	at org.apache.hadoop.security.UserGroupInformation.getLoginUser(UserGroupInformation.java:669)
	at org.apache.hadoop.security.UserGroupInformation.getCurrentUser(UserGroupInformation.java:579)
	at org.apache.hadoop.fs.FileSystem$Cache$Key.<init>(FileSystem.java:3746)
	at org.apache.hadoop.fs.FileSystem$Cache$Key.<init>(FileSystem.java:3736)
	at org.apache.hadoop.fs.FileSystem$Cache.get(FileSystem.java:3520)
	at org.apache.hadoop.fs.FileSystem.get(FileSystem.java:540)
	at org.apache.hadoop.fs.FileSystem.get(FileSystem.java:288)
	at org.apache.hadoop.fs.FileSystem.get(FileSystem.java:524)
	at org.apache.hadoop.fs.Path.getFileSystem(Path.java:365)
	at org.apache.spark.sql.execution.datasources.DataSource.sourceSchema(DataSource.scala:246)
	at org.apache.spark.sql.execution.datasources.DataSource.sourceInfo$lzycompute(DataSource.scala:118)
	at org.apache.spark.sql.execution.datasources.DataSource.sourceInfo(DataSource.scala:118)
	at org.apache.spark.sql.execution.streaming.StreamingRelation$.apply(StreamingRelation.scala:36)
	at org.apache.spark.sql.streaming.DataStreamReader.loadInternal(DataStreamReader.scala:198)
	at org.apache.spark.sql.streaming.DataStreamReader.load(DataStreamReader.scala:212)
	at org.apache.spark.sql.streaming.DataStreamReader.csv(DataStreamReader.scala:260)
	at java.base/jdk.internal.reflect.NativeMethodAccessorImpl.invoke0(Native Method)
	at java.base/jdk.internal.reflect.NativeMethodAccessorImpl.invoke(NativeMethodAccessorImpl.java:77)
	at java.base/jdk.internal.reflect.DelegatingMethodAccessorImpl.invoke(DelegatingMethodAccessorImpl.java:43)
	at java.base/java.lang.reflect.Method.invoke(Method.java:568)
	at py4j.reflection.MethodInvoker.invoke(MethodInvoker.java:244)
	at py4j.reflection.ReflectionEngine.invoke(ReflectionEngine.java:374)
	at py4j.Gateway.invoke(Gateway.java:282)
	at py4j.commands.AbstractCommand.invokeMethod(AbstractCommand.java:132)
	at py4j.commands.CallCommand.execute(CallCommand.java:79)
	at py4j.ClientServerConnection.waitForCommands(ClientServerConnection.java:182)
	at py4j.ClientServerConnection.run(ClientServerConnection.java:106)
	at java.base/java.lang.Thread.run(Thread.java:840)
Caused by: javax.security.auth.login.LoginException: java.lang.NullPointerException: invalid null input: name
	at jdk.security.auth/com.sun.security.auth.UnixPrincipal.<init>(UnixPrincipal.java:71)
	at jdk.security.auth/com.sun.security.auth.module.UnixLoginModule.login(UnixLoginModule.java:134)
	at java.base/javax.security.auth.login.LoginContext.invoke(LoginContext.java:755)
	at java.base/javax.security.auth.login.LoginContext$4.run(LoginContext.java:679)
	at java.base/javax.security.auth.login.LoginContext$4.run(LoginContext.java:677)
	at java.base/java.security.AccessController.doPrivileged(AccessController.java:712)
	at java.base/javax.security.auth.login.LoginContext.invokePriv(LoginContext.java:677)
	at java.base/javax.security.auth.login.LoginContext.login(LoginContext.java:587)
	at org.apache.hadoop.security.UserGroupInformation$HadoopLoginContext.login(UserGroupInformation.java:2065)
	at org.apache.hadoop.security.UserGroupInformation.doSubjectLogin(UserGroupInformation.java:1975)
	at org.apache.hadoop.security.UserGroupInformation.createLoginUser(UserGroupInformation.java:719)
	at org.apache.hadoop.security.UserGroupInformation.getLoginUser(UserGroupInformation.java:669)
	at org.apache.hadoop.security.UserGroupInformation.getCurrentUser(UserGroupInformation.java:579)
	at org.apache.hadoop.fs.FileSystem$Cache$Key.<init>(FileSystem.java:3746)
	at org.apache.hadoop.fs.FileSystem$Cache$Key.<init>(FileSystem.java:3736)
	at org.apache.hadoop.fs.FileSystem$Cache.get(FileSystem.java:3520)
	at org.apache.hadoop.fs.FileSystem.get(FileSystem.java:540)
	at org.apache.hadoop.fs.FileSystem.get(FileSystem.java:288)
	at org.apache.hadoop.fs.FileSystem.get(FileSystem.java:524)
	at org.apache.hadoop.fs.Path.getFileSystem(Path.java:365)
	at org.apache.spark.sql.execution.datasources.DataSource.sourceSchema(DataSource.scala:246)
	at org.apache.spark.sql.execution.datasources.DataSource.sourceInfo$lzycompute(DataSource.scala:118)
	at org.apache.spark.sql.execution.datasources.DataSource.sourceInfo(DataSource.scala:118)
	at org.apache.spark.sql.execution.streaming.StreamingRelation$.apply(StreamingRelation.scala:36)
	at org.apache.spark.sql.streaming.DataStreamReader.loadInternal(DataStreamReader.scala:198)
	at org.apache.spark.sql.streaming.DataStreamReader.load(DataStreamReader.scala:212)
	at org.apache.spark.sql.streaming.DataStreamReader.csv(DataStreamReader.scala:260)
	at java.base/jdk.internal.reflect.NativeMethodAccessorImpl.invoke0(Native Method)
	at java.base/jdk.internal.reflect.NativeMethodAccessorImpl.invoke(NativeMethodAccessorImpl.java:77)
	at java.base/jdk.internal.reflect.DelegatingMethodAccessorImpl.invoke(DelegatingMethodAccessorImpl.java:43)
	at java.base/java.lang.reflect.Method.invoke(Method.java:568)
	at py4j.reflection.MethodInvoker.invoke(MethodInvoker.java:244)
	at py4j.reflection.ReflectionEngine.invoke(ReflectionEngine.java:374)
	at py4j.Gateway.invoke(Gateway.java:282)
	at py4j.commands.AbstractCommand.invokeMethod(AbstractCommand.java:132)
	at py4j.commands.CallCommand.execute(CallCommand.java:79)
	at py4j.ClientServerConnection.waitForCommands(ClientServerConnection.java:182)
	at py4j.ClientServerConnection.run(ClientServerConnection.java:106)
	at java.base/java.lang.Thread.run(Thread.java:840)

	at java.base/javax.security.auth.login.LoginContext.invoke(LoginContext.java:850)
	at java.base/javax.security.auth.login.LoginContext$4.run(LoginContext.java:679)
	at java.base/javax.security.auth.login.LoginContext$4.run(LoginContext.java:677)
	at java.base/java.security.AccessController.doPrivileged(AccessController.java:712)
	at java.base/javax.security.auth.login.LoginContext.invokePriv(LoginContext.java:677)
	at java.base/javax.security.auth.login.LoginContext.login(LoginContext.java:587)
	at org.apache.hadoop.security.UserGroupInformation$HadoopLoginContext.login(UserGroupInformation.java:2065)
	at org.apache.hadoop.security.UserGroupInformation.doSubjectLogin(UserGroupInformation.java:1975)
	... 29 more

2025-05-23 10:03:00,640 INFO Closing down clientserver connection
2025-05-23 10:03:09,364 INFO SparkSession initialized
2025-05-23 10:03:11,276 ERROR Failed to read streaming data: An error occurred while calling o40.csv.
: org.apache.hadoop.security.KerberosAuthException: failure to login: javax.security.auth.login.LoginException: java.lang.NullPointerException: invalid null input: name
	at jdk.security.auth/com.sun.security.auth.UnixPrincipal.<init>(UnixPrincipal.java:71)
	at jdk.security.auth/com.sun.security.auth.module.UnixLoginModule.login(UnixLoginModule.java:134)
	at java.base/javax.security.auth.login.LoginContext.invoke(LoginContext.java:755)
	at java.base/javax.security.auth.login.LoginContext$4.run(LoginContext.java:679)
	at java.base/javax.security.auth.login.LoginContext$4.run(LoginContext.java:677)
	at java.base/java.security.AccessController.doPrivileged(AccessController.java:712)
	at java.base/javax.security.auth.login.LoginContext.invokePriv(LoginContext.java:677)
	at java.base/javax.security.auth.login.LoginContext.login(LoginContext.java:587)
	at org.apache.hadoop.security.UserGroupInformation$HadoopLoginContext.login(UserGroupInformation.java:2065)
	at org.apache.hadoop.security.UserGroupInformation.doSubjectLogin(UserGroupInformation.java:1975)
	at org.apache.hadoop.security.UserGroupInformation.createLoginUser(UserGroupInformation.java:719)
	at org.apache.hadoop.security.UserGroupInformation.getLoginUser(UserGroupInformation.java:669)
	at org.apache.hadoop.security.UserGroupInformation.getCurrentUser(UserGroupInformation.java:579)
	at org.apache.hadoop.fs.FileSystem$Cache$Key.<init>(FileSystem.java:3746)
	at org.apache.hadoop.fs.FileSystem$Cache$Key.<init>(FileSystem.java:3736)
	at org.apache.hadoop.fs.FileSystem$Cache.get(FileSystem.java:3520)
	at org.apache.hadoop.fs.FileSystem.get(FileSystem.java:540)
	at org.apache.hadoop.fs.FileSystem.get(FileSystem.java:288)
	at org.apache.hadoop.fs.FileSystem.get(FileSystem.java:524)
	at org.apache.hadoop.fs.Path.getFileSystem(Path.java:365)
	at org.apache.spark.sql.execution.datasources.DataSource.sourceSchema(DataSource.scala:246)
	at org.apache.spark.sql.execution.datasources.DataSource.sourceInfo$lzycompute(DataSource.scala:118)
	at org.apache.spark.sql.execution.datasources.DataSource.sourceInfo(DataSource.scala:118)
	at org.apache.spark.sql.execution.streaming.StreamingRelation$.apply(StreamingRelation.scala:36)
	at org.apache.spark.sql.streaming.DataStreamReader.loadInternal(DataStreamReader.scala:198)
	at org.apache.spark.sql.streaming.DataStreamReader.load(DataStreamReader.scala:212)
	at org.apache.spark.sql.streaming.DataStreamReader.csv(DataStreamReader.scala:260)
	at java.base/jdk.internal.reflect.NativeMethodAccessorImpl.invoke0(Native Method)
	at java.base/jdk.internal.reflect.NativeMethodAccessorImpl.invoke(NativeMethodAccessorImpl.java:77)
	at java.base/jdk.internal.reflect.DelegatingMethodAccessorImpl.invoke(DelegatingMethodAccessorImpl.java:43)
	at java.base/java.lang.reflect.Method.invoke(Method.java:568)
	at py4j.reflection.MethodInvoker.invoke(MethodInvoker.java:244)
	at py4j.reflection.ReflectionEngine.invoke(ReflectionEngine.java:374)
	at py4j.Gateway.invoke(Gateway.java:282)
	at py4j.commands.AbstractCommand.invokeMethod(AbstractCommand.java:132)
	at py4j.commands.CallCommand.execute(CallCommand.java:79)
	at py4j.ClientServerConnection.waitForCommands(ClientServerConnection.java:182)
	at py4j.ClientServerConnection.run(ClientServerConnection.java:106)
	at java.base/java.lang.Thread.run(Thread.java:840)

	at org.apache.hadoop.security.UserGroupInformation.doSubjectLogin(UserGroupInformation.java:1986)
	at org.apache.hadoop.security.UserGroupInformation.createLoginUser(UserGroupInformation.java:719)
	at org.apache.hadoop.security.UserGroupInformation.getLoginUser(UserGroupInformation.java:669)
	at org.apache.hadoop.security.UserGroupInformation.getCurrentUser(UserGroupInformation.java:579)
	at org.apache.hadoop.fs.FileSystem$Cache$Key.<init>(FileSystem.java:3746)
	at org.apache.hadoop.fs.FileSystem$Cache$Key.<init>(FileSystem.java:3736)
	at org.apache.hadoop.fs.FileSystem$Cache.get(FileSystem.java:3520)
	at org.apache.hadoop.fs.FileSystem.get(FileSystem.java:540)
	at org.apache.hadoop.fs.FileSystem.get(FileSystem.java:288)
	at org.apache.hadoop.fs.FileSystem.get(FileSystem.java:524)
	at org.apache.hadoop.fs.Path.getFileSystem(Path.java:365)
	at org.apache.spark.sql.execution.datasources.DataSource.sourceSchema(DataSource.scala:246)
	at org.apache.spark.sql.execution.datasources.DataSource.sourceInfo$lzycompute(DataSource.scala:118)
	at org.apache.spark.sql.execution.datasources.DataSource.sourceInfo(DataSource.scala:118)
	at org.apache.spark.sql.execution.streaming.StreamingRelation$.apply(StreamingRelation.scala:36)
	at org.apache.spark.sql.streaming.DataStreamReader.loadInternal(DataStreamReader.scala:198)
	at org.apache.spark.sql.streaming.DataStreamReader.load(DataStreamReader.scala:212)
	at org.apache.spark.sql.streaming.DataStreamReader.csv(DataStreamReader.scala:260)
	at java.base/jdk.internal.reflect.NativeMethodAccessorImpl.invoke0(Native Method)
	at java.base/jdk.internal.reflect.NativeMethodAccessorImpl.invoke(NativeMethodAccessorImpl.java:77)
	at java.base/jdk.internal.reflect.DelegatingMethodAccessorImpl.invoke(DelegatingMethodAccessorImpl.java:43)
	at java.base/java.lang.reflect.Method.invoke(Method.java:568)
	at py4j.reflection.MethodInvoker.invoke(MethodInvoker.java:244)
	at py4j.reflection.ReflectionEngine.invoke(ReflectionEngine.java:374)
	at py4j.Gateway.invoke(Gateway.java:282)
	at py4j.commands.AbstractCommand.invokeMethod(AbstractCommand.java:132)
	at py4j.commands.CallCommand.execute(CallCommand.java:79)
	at py4j.ClientServerConnection.waitForCommands(ClientServerConnection.java:182)
	at py4j.ClientServerConnection.run(ClientServerConnection.java:106)
	at java.base/java.lang.Thread.run(Thread.java:840)
Caused by: javax.security.auth.login.LoginException: java.lang.NullPointerException: invalid null input: name
	at jdk.security.auth/com.sun.security.auth.UnixPrincipal.<init>(UnixPrincipal.java:71)
	at jdk.security.auth/com.sun.security.auth.module.UnixLoginModule.login(UnixLoginModule.java:134)
	at java.base/javax.security.auth.login.LoginContext.invoke(LoginContext.java:755)
	at java.base/javax.security.auth.login.LoginContext$4.run(LoginContext.java:679)
	at java.base/javax.security.auth.login.LoginContext$4.run(LoginContext.java:677)
	at java.base/java.security.AccessController.doPrivileged(AccessController.java:712)
	at java.base/javax.security.auth.login.LoginContext.invokePriv(LoginContext.java:677)
	at java.base/javax.security.auth.login.LoginContext.login(LoginContext.java:587)
	at org.apache.hadoop.security.UserGroupInformation$HadoopLoginContext.login(UserGroupInformation.java:2065)
	at org.apache.hadoop.security.UserGroupInformation.doSubjectLogin(UserGroupInformation.java:1975)
	at org.apache.hadoop.security.UserGroupInformation.createLoginUser(UserGroupInformation.java:719)
	at org.apache.hadoop.security.UserGroupInformation.getLoginUser(UserGroupInformation.java:669)
	at org.apache.hadoop.security.UserGroupInformation.getCurrentUser(UserGroupInformation.java:579)
	at org.apache.hadoop.fs.FileSystem$Cache$Key.<init>(FileSystem.java:3746)
	at org.apache.hadoop.fs.FileSystem$Cache$Key.<init>(FileSystem.java:3736)
	at org.apache.hadoop.fs.FileSystem$Cache.get(FileSystem.java:3520)
	at org.apache.hadoop.fs.FileSystem.get(FileSystem.java:540)
	at org.apache.hadoop.fs.FileSystem.get(FileSystem.java:288)
	at org.apache.hadoop.fs.FileSystem.get(FileSystem.java:524)
	at org.apache.hadoop.fs.Path.getFileSystem(Path.java:365)
	at org.apache.spark.sql.execution.datasources.DataSource.sourceSchema(DataSource.scala:246)
	at org.apache.spark.sql.execution.datasources.DataSource.sourceInfo$lzycompute(DataSource.scala:118)
	at org.apache.spark.sql.execution.datasources.DataSource.sourceInfo(DataSource.scala:118)
	at org.apache.spark.sql.execution.streaming.StreamingRelation$.apply(StreamingRelation.scala:36)
	at org.apache.spark.sql.streaming.DataStreamReader.loadInternal(DataStreamReader.scala:198)
	at org.apache.spark.sql.streaming.DataStreamReader.load(DataStreamReader.scala:212)
	at org.apache.spark.sql.streaming.DataStreamReader.csv(DataStreamReader.scala:260)
	at java.base/jdk.internal.reflect.NativeMethodAccessorImpl.invoke0(Native Method)
	at java.base/jdk.internal.reflect.NativeMethodAccessorImpl.invoke(NativeMethodAccessorImpl.java:77)
	at java.base/jdk.internal.reflect.DelegatingMethodAccessorImpl.invoke(DelegatingMethodAccessorImpl.java:43)
	at java.base/java.lang.reflect.Method.invoke(Method.java:568)
	at py4j.reflection.MethodInvoker.invoke(MethodInvoker.java:244)
	at py4j.reflection.ReflectionEngine.invoke(ReflectionEngine.java:374)
	at py4j.Gateway.invoke(Gateway.java:282)
	at py4j.commands.AbstractCommand.invokeMethod(AbstractCommand.java:132)
	at py4j.commands.CallCommand.execute(CallCommand.java:79)
	at py4j.ClientServerConnection.waitForCommands(ClientServerConnection.java:182)
	at py4j.ClientServerConnection.run(ClientServerConnection.java:106)
	at java.base/java.lang.Thread.run(Thread.java:840)

	at java.base/javax.security.auth.login.LoginContext.invoke(LoginContext.java:850)
	at java.base/javax.security.auth.login.LoginContext$4.run(LoginContext.java:679)
	at java.base/javax.security.auth.login.LoginContext$4.run(LoginContext.java:677)
	at java.base/java.security.AccessController.doPrivileged(AccessController.java:712)
	at java.base/javax.security.auth.login.LoginContext.invokePriv(LoginContext.java:677)
	at java.base/javax.security.auth.login.LoginContext.login(LoginContext.java:587)
	at org.apache.hadoop.security.UserGroupInformation$HadoopLoginContext.login(UserGroupInformation.java:2065)
	at org.apache.hadoop.security.UserGroupInformation.doSubjectLogin(UserGroupInformation.java:1975)
	... 29 more

2025-05-23 10:03:11,595 ERROR Application failed: An error occurred while calling o40.csv.
: org.apache.hadoop.security.KerberosAuthException: failure to login: javax.security.auth.login.LoginException: java.lang.NullPointerException: invalid null input: name
	at jdk.security.auth/com.sun.security.auth.UnixPrincipal.<init>(UnixPrincipal.java:71)
	at jdk.security.auth/com.sun.security.auth.module.UnixLoginModule.login(UnixLoginModule.java:134)
	at java.base/javax.security.auth.login.LoginContext.invoke(LoginContext.java:755)
	at java.base/javax.security.auth.login.LoginContext$4.run(LoginContext.java:679)
	at java.base/javax.security.auth.login.LoginContext$4.run(LoginContext.java:677)
	at java.base/java.security.AccessController.doPrivileged(AccessController.java:712)
	at java.base/javax.security.auth.login.LoginContext.invokePriv(LoginContext.java:677)
	at java.base/javax.security.auth.login.LoginContext.login(LoginContext.java:587)
	at org.apache.hadoop.security.UserGroupInformation$HadoopLoginContext.login(UserGroupInformation.java:2065)
	at org.apache.hadoop.security.UserGroupInformation.doSubjectLogin(UserGroupInformation.java:1975)
	at org.apache.hadoop.security.UserGroupInformation.createLoginUser(UserGroupInformation.java:719)
	at org.apache.hadoop.security.UserGroupInformation.getLoginUser(UserGroupInformation.java:669)
	at org.apache.hadoop.security.UserGroupInformation.getCurrentUser(UserGroupInformation.java:579)
	at org.apache.hadoop.fs.FileSystem$Cache$Key.<init>(FileSystem.java:3746)
	at org.apache.hadoop.fs.FileSystem$Cache$Key.<init>(FileSystem.java:3736)
	at org.apache.hadoop.fs.FileSystem$Cache.get(FileSystem.java:3520)
	at org.apache.hadoop.fs.FileSystem.get(FileSystem.java:540)
	at org.apache.hadoop.fs.FileSystem.get(FileSystem.java:288)
	at org.apache.hadoop.fs.FileSystem.get(FileSystem.java:524)
	at org.apache.hadoop.fs.Path.getFileSystem(Path.java:365)
	at org.apache.spark.sql.execution.datasources.DataSource.sourceSchema(DataSource.scala:246)
	at org.apache.spark.sql.execution.datasources.DataSource.sourceInfo$lzycompute(DataSource.scala:118)
	at org.apache.spark.sql.execution.datasources.DataSource.sourceInfo(DataSource.scala:118)
	at org.apache.spark.sql.execution.streaming.StreamingRelation$.apply(StreamingRelation.scala:36)
	at org.apache.spark.sql.streaming.DataStreamReader.loadInternal(DataStreamReader.scala:198)
	at org.apache.spark.sql.streaming.DataStreamReader.load(DataStreamReader.scala:212)
	at org.apache.spark.sql.streaming.DataStreamReader.csv(DataStreamReader.scala:260)
	at java.base/jdk.internal.reflect.NativeMethodAccessorImpl.invoke0(Native Method)
	at java.base/jdk.internal.reflect.NativeMethodAccessorImpl.invoke(NativeMethodAccessorImpl.java:77)
	at java.base/jdk.internal.reflect.DelegatingMethodAccessorImpl.invoke(DelegatingMethodAccessorImpl.java:43)
	at java.base/java.lang.reflect.Method.invoke(Method.java:568)
	at py4j.reflection.MethodInvoker.invoke(MethodInvoker.java:244)
	at py4j.reflection.ReflectionEngine.invoke(ReflectionEngine.java:374)
	at py4j.Gateway.invoke(Gateway.java:282)
	at py4j.commands.AbstractCommand.invokeMethod(AbstractCommand.java:132)
	at py4j.commands.CallCommand.execute(CallCommand.java:79)
	at py4j.ClientServerConnection.waitForCommands(ClientServerConnection.java:182)
	at py4j.ClientServerConnection.run(ClientServerConnection.java:106)
	at java.base/java.lang.Thread.run(Thread.java:840)

	at org.apache.hadoop.security.UserGroupInformation.doSubjectLogin(UserGroupInformation.java:1986)
	at org.apache.hadoop.security.UserGroupInformation.createLoginUser(UserGroupInformation.java:719)
	at org.apache.hadoop.security.UserGroupInformation.getLoginUser(UserGroupInformation.java:669)
	at org.apache.hadoop.security.UserGroupInformation.getCurrentUser(UserGroupInformation.java:579)
	at org.apache.hadoop.fs.FileSystem$Cache$Key.<init>(FileSystem.java:3746)
	at org.apache.hadoop.fs.FileSystem$Cache$Key.<init>(FileSystem.java:3736)
	at org.apache.hadoop.fs.FileSystem$Cache.get(FileSystem.java:3520)
	at org.apache.hadoop.fs.FileSystem.get(FileSystem.java:540)
	at org.apache.hadoop.fs.FileSystem.get(FileSystem.java:288)
	at org.apache.hadoop.fs.FileSystem.get(FileSystem.java:524)
	at org.apache.hadoop.fs.Path.getFileSystem(Path.java:365)
	at org.apache.spark.sql.execution.datasources.DataSource.sourceSchema(DataSource.scala:246)
	at org.apache.spark.sql.execution.datasources.DataSource.sourceInfo$lzycompute(DataSource.scala:118)
	at org.apache.spark.sql.execution.datasources.DataSource.sourceInfo(DataSource.scala:118)
	at org.apache.spark.sql.execution.streaming.StreamingRelation$.apply(StreamingRelation.scala:36)
	at org.apache.spark.sql.streaming.DataStreamReader.loadInternal(DataStreamReader.scala:198)
	at org.apache.spark.sql.streaming.DataStreamReader.load(DataStreamReader.scala:212)
	at org.apache.spark.sql.streaming.DataStreamReader.csv(DataStreamReader.scala:260)
	at java.base/jdk.internal.reflect.NativeMethodAccessorImpl.invoke0(Native Method)
	at java.base/jdk.internal.reflect.NativeMethodAccessorImpl.invoke(NativeMethodAccessorImpl.java:77)
	at java.base/jdk.internal.reflect.DelegatingMethodAccessorImpl.invoke(DelegatingMethodAccessorImpl.java:43)
	at java.base/java.lang.reflect.Method.invoke(Method.java:568)
	at py4j.reflection.MethodInvoker.invoke(MethodInvoker.java:244)
	at py4j.reflection.ReflectionEngine.invoke(ReflectionEngine.java:374)
	at py4j.Gateway.invoke(Gateway.java:282)
	at py4j.commands.AbstractCommand.invokeMethod(AbstractCommand.java:132)
	at py4j.commands.CallCommand.execute(CallCommand.java:79)
	at py4j.ClientServerConnection.waitForCommands(ClientServerConnection.java:182)
	at py4j.ClientServerConnection.run(ClientServerConnection.java:106)
	at java.base/java.lang.Thread.run(Thread.java:840)
Caused by: javax.security.auth.login.LoginException: java.lang.NullPointerException: invalid null input: name
	at jdk.security.auth/com.sun.security.auth.UnixPrincipal.<init>(UnixPrincipal.java:71)
	at jdk.security.auth/com.sun.security.auth.module.UnixLoginModule.login(UnixLoginModule.java:134)
	at java.base/javax.security.auth.login.LoginContext.invoke(LoginContext.java:755)
	at java.base/javax.security.auth.login.LoginContext$4.run(LoginContext.java:679)
	at java.base/javax.security.auth.login.LoginContext$4.run(LoginContext.java:677)
	at java.base/java.security.AccessController.doPrivileged(AccessController.java:712)
	at java.base/javax.security.auth.login.LoginContext.invokePriv(LoginContext.java:677)
	at java.base/javax.security.auth.login.LoginContext.login(LoginContext.java:587)
	at org.apache.hadoop.security.UserGroupInformation$HadoopLoginContext.login(UserGroupInformation.java:2065)
	at org.apache.hadoop.security.UserGroupInformation.doSubjectLogin(UserGroupInformation.java:1975)
	at org.apache.hadoop.security.UserGroupInformation.createLoginUser(UserGroupInformation.java:719)
	at org.apache.hadoop.security.UserGroupInformation.getLoginUser(UserGroupInformation.java:669)
	at org.apache.hadoop.security.UserGroupInformation.getCurrentUser(UserGroupInformation.java:579)
	at org.apache.hadoop.fs.FileSystem$Cache$Key.<init>(FileSystem.java:3746)
	at org.apache.hadoop.fs.FileSystem$Cache$Key.<init>(FileSystem.java:3736)
	at org.apache.hadoop.fs.FileSystem$Cache.get(FileSystem.java:3520)
	at org.apache.hadoop.fs.FileSystem.get(FileSystem.java:540)
	at org.apache.hadoop.fs.FileSystem.get(FileSystem.java:288)
	at org.apache.hadoop.fs.FileSystem.get(FileSystem.java:524)
	at org.apache.hadoop.fs.Path.getFileSystem(Path.java:365)
	at org.apache.spark.sql.execution.datasources.DataSource.sourceSchema(DataSource.scala:246)
	at org.apache.spark.sql.execution.datasources.DataSource.sourceInfo$lzycompute(DataSource.scala:118)
	at org.apache.spark.sql.execution.datasources.DataSource.sourceInfo(DataSource.scala:118)
	at org.apache.spark.sql.execution.streaming.StreamingRelation$.apply(StreamingRelation.scala:36)
	at org.apache.spark.sql.streaming.DataStreamReader.loadInternal(DataStreamReader.scala:198)
	at org.apache.spark.sql.streaming.DataStreamReader.load(DataStreamReader.scala:212)
	at org.apache.spark.sql.streaming.DataStreamReader.csv(DataStreamReader.scala:260)
	at java.base/jdk.internal.reflect.NativeMethodAccessorImpl.invoke0(Native Method)
	at java.base/jdk.internal.reflect.NativeMethodAccessorImpl.invoke(NativeMethodAccessorImpl.java:77)
	at java.base/jdk.internal.reflect.DelegatingMethodAccessorImpl.invoke(DelegatingMethodAccessorImpl.java:43)
	at java.base/java.lang.reflect.Method.invoke(Method.java:568)
	at py4j.reflection.MethodInvoker.invoke(MethodInvoker.java:244)
	at py4j.reflection.ReflectionEngine.invoke(ReflectionEngine.java:374)
	at py4j.Gateway.invoke(Gateway.java:282)
	at py4j.commands.AbstractCommand.invokeMethod(AbstractCommand.java:132)
	at py4j.commands.CallCommand.execute(CallCommand.java:79)
	at py4j.ClientServerConnection.waitForCommands(ClientServerConnection.java:182)
	at py4j.ClientServerConnection.run(ClientServerConnection.java:106)
	at java.base/java.lang.Thread.run(Thread.java:840)

	at java.base/javax.security.auth.login.LoginContext.invoke(LoginContext.java:850)
	at java.base/javax.security.auth.login.LoginContext$4.run(LoginContext.java:679)
	at java.base/javax.security.auth.login.LoginContext$4.run(LoginContext.java:677)
	at java.base/java.security.AccessController.doPrivileged(AccessController.java:712)
	at java.base/javax.security.auth.login.LoginContext.invokePriv(LoginContext.java:677)
	at java.base/javax.security.auth.login.LoginContext.login(LoginContext.java:587)
	at org.apache.hadoop.security.UserGroupInformation$HadoopLoginContext.login(UserGroupInformation.java:2065)
	at org.apache.hadoop.security.UserGroupInformation.doSubjectLogin(UserGroupInformation.java:1975)
	... 29 more

2025-05-23 10:03:11,647 INFO Closing down clientserver connection
2025-05-23 10:03:20,154 INFO SparkSession initialized
2025-05-23 10:03:22,100 ERROR Failed to read streaming data: An error occurred while calling o40.csv.
: org.apache.hadoop.security.KerberosAuthException: failure to login: javax.security.auth.login.LoginException: java.lang.NullPointerException: invalid null input: name
	at jdk.security.auth/com.sun.security.auth.UnixPrincipal.<init>(UnixPrincipal.java:71)
	at jdk.security.auth/com.sun.security.auth.module.UnixLoginModule.login(UnixLoginModule.java:134)
	at java.base/javax.security.auth.login.LoginContext.invoke(LoginContext.java:755)
	at java.base/javax.security.auth.login.LoginContext$4.run(LoginContext.java:679)
	at java.base/javax.security.auth.login.LoginContext$4.run(LoginContext.java:677)
	at java.base/java.security.AccessController.doPrivileged(AccessController.java:712)
	at java.base/javax.security.auth.login.LoginContext.invokePriv(LoginContext.java:677)
	at java.base/javax.security.auth.login.LoginContext.login(LoginContext.java:587)
	at org.apache.hadoop.security.UserGroupInformation$HadoopLoginContext.login(UserGroupInformation.java:2065)
	at org.apache.hadoop.security.UserGroupInformation.doSubjectLogin(UserGroupInformation.java:1975)
	at org.apache.hadoop.security.UserGroupInformation.createLoginUser(UserGroupInformation.java:719)
	at org.apache.hadoop.security.UserGroupInformation.getLoginUser(UserGroupInformation.java:669)
	at org.apache.hadoop.security.UserGroupInformation.getCurrentUser(UserGroupInformation.java:579)
	at org.apache.hadoop.fs.FileSystem$Cache$Key.<init>(FileSystem.java:3746)
	at org.apache.hadoop.fs.FileSystem$Cache$Key.<init>(FileSystem.java:3736)
	at org.apache.hadoop.fs.FileSystem$Cache.get(FileSystem.java:3520)
	at org.apache.hadoop.fs.FileSystem.get(FileSystem.java:540)
	at org.apache.hadoop.fs.FileSystem.get(FileSystem.java:288)
	at org.apache.hadoop.fs.FileSystem.get(FileSystem.java:524)
	at org.apache.hadoop.fs.Path.getFileSystem(Path.java:365)
	at org.apache.spark.sql.execution.datasources.DataSource.sourceSchema(DataSource.scala:246)
	at org.apache.spark.sql.execution.datasources.DataSource.sourceInfo$lzycompute(DataSource.scala:118)
	at org.apache.spark.sql.execution.datasources.DataSource.sourceInfo(DataSource.scala:118)
	at org.apache.spark.sql.execution.streaming.StreamingRelation$.apply(StreamingRelation.scala:36)
	at org.apache.spark.sql.streaming.DataStreamReader.loadInternal(DataStreamReader.scala:198)
	at org.apache.spark.sql.streaming.DataStreamReader.load(DataStreamReader.scala:212)
	at org.apache.spark.sql.streaming.DataStreamReader.csv(DataStreamReader.scala:260)
	at java.base/jdk.internal.reflect.NativeMethodAccessorImpl.invoke0(Native Method)
	at java.base/jdk.internal.reflect.NativeMethodAccessorImpl.invoke(NativeMethodAccessorImpl.java:77)
	at java.base/jdk.internal.reflect.DelegatingMethodAccessorImpl.invoke(DelegatingMethodAccessorImpl.java:43)
	at java.base/java.lang.reflect.Method.invoke(Method.java:568)
	at py4j.reflection.MethodInvoker.invoke(MethodInvoker.java:244)
	at py4j.reflection.ReflectionEngine.invoke(ReflectionEngine.java:374)
	at py4j.Gateway.invoke(Gateway.java:282)
	at py4j.commands.AbstractCommand.invokeMethod(AbstractCommand.java:132)
	at py4j.commands.CallCommand.execute(CallCommand.java:79)
	at py4j.ClientServerConnection.waitForCommands(ClientServerConnection.java:182)
	at py4j.ClientServerConnection.run(ClientServerConnection.java:106)
	at java.base/java.lang.Thread.run(Thread.java:840)

	at org.apache.hadoop.security.UserGroupInformation.doSubjectLogin(UserGroupInformation.java:1986)
	at org.apache.hadoop.security.UserGroupInformation.createLoginUser(UserGroupInformation.java:719)
	at org.apache.hadoop.security.UserGroupInformation.getLoginUser(UserGroupInformation.java:669)
	at org.apache.hadoop.security.UserGroupInformation.getCurrentUser(UserGroupInformation.java:579)
	at org.apache.hadoop.fs.FileSystem$Cache$Key.<init>(FileSystem.java:3746)
	at org.apache.hadoop.fs.FileSystem$Cache$Key.<init>(FileSystem.java:3736)
	at org.apache.hadoop.fs.FileSystem$Cache.get(FileSystem.java:3520)
	at org.apache.hadoop.fs.FileSystem.get(FileSystem.java:540)
	at org.apache.hadoop.fs.FileSystem.get(FileSystem.java:288)
	at org.apache.hadoop.fs.FileSystem.get(FileSystem.java:524)
	at org.apache.hadoop.fs.Path.getFileSystem(Path.java:365)
	at org.apache.spark.sql.execution.datasources.DataSource.sourceSchema(DataSource.scala:246)
	at org.apache.spark.sql.execution.datasources.DataSource.sourceInfo$lzycompute(DataSource.scala:118)
	at org.apache.spark.sql.execution.datasources.DataSource.sourceInfo(DataSource.scala:118)
	at org.apache.spark.sql.execution.streaming.StreamingRelation$.apply(StreamingRelation.scala:36)
	at org.apache.spark.sql.streaming.DataStreamReader.loadInternal(DataStreamReader.scala:198)
	at org.apache.spark.sql.streaming.DataStreamReader.load(DataStreamReader.scala:212)
	at org.apache.spark.sql.streaming.DataStreamReader.csv(DataStreamReader.scala:260)
	at java.base/jdk.internal.reflect.NativeMethodAccessorImpl.invoke0(Native Method)
	at java.base/jdk.internal.reflect.NativeMethodAccessorImpl.invoke(NativeMethodAccessorImpl.java:77)
	at java.base/jdk.internal.reflect.DelegatingMethodAccessorImpl.invoke(DelegatingMethodAccessorImpl.java:43)
	at java.base/java.lang.reflect.Method.invoke(Method.java:568)
	at py4j.reflection.MethodInvoker.invoke(MethodInvoker.java:244)
	at py4j.reflection.ReflectionEngine.invoke(ReflectionEngine.java:374)
	at py4j.Gateway.invoke(Gateway.java:282)
	at py4j.commands.AbstractCommand.invokeMethod(AbstractCommand.java:132)
	at py4j.commands.CallCommand.execute(CallCommand.java:79)
	at py4j.ClientServerConnection.waitForCommands(ClientServerConnection.java:182)
	at py4j.ClientServerConnection.run(ClientServerConnection.java:106)
	at java.base/java.lang.Thread.run(Thread.java:840)
Caused by: javax.security.auth.login.LoginException: java.lang.NullPointerException: invalid null input: name
	at jdk.security.auth/com.sun.security.auth.UnixPrincipal.<init>(UnixPrincipal.java:71)
	at jdk.security.auth/com.sun.security.auth.module.UnixLoginModule.login(UnixLoginModule.java:134)
	at java.base/javax.security.auth.login.LoginContext.invoke(LoginContext.java:755)
	at java.base/javax.security.auth.login.LoginContext$4.run(LoginContext.java:679)
	at java.base/javax.security.auth.login.LoginContext$4.run(LoginContext.java:677)
	at java.base/java.security.AccessController.doPrivileged(AccessController.java:712)
	at java.base/javax.security.auth.login.LoginContext.invokePriv(LoginContext.java:677)
	at java.base/javax.security.auth.login.LoginContext.login(LoginContext.java:587)
	at org.apache.hadoop.security.UserGroupInformation$HadoopLoginContext.login(UserGroupInformation.java:2065)
	at org.apache.hadoop.security.UserGroupInformation.doSubjectLogin(UserGroupInformation.java:1975)
	at org.apache.hadoop.security.UserGroupInformation.createLoginUser(UserGroupInformation.java:719)
	at org.apache.hadoop.security.UserGroupInformation.getLoginUser(UserGroupInformation.java:669)
	at org.apache.hadoop.security.UserGroupInformation.getCurrentUser(UserGroupInformation.java:579)
	at org.apache.hadoop.fs.FileSystem$Cache$Key.<init>(FileSystem.java:3746)
	at org.apache.hadoop.fs.FileSystem$Cache$Key.<init>(FileSystem.java:3736)
	at org.apache.hadoop.fs.FileSystem$Cache.get(FileSystem.java:3520)
	at org.apache.hadoop.fs.FileSystem.get(FileSystem.java:540)
	at org.apache.hadoop.fs.FileSystem.get(FileSystem.java:288)
	at org.apache.hadoop.fs.FileSystem.get(FileSystem.java:524)
	at org.apache.hadoop.fs.Path.getFileSystem(Path.java:365)
	at org.apache.spark.sql.execution.datasources.DataSource.sourceSchema(DataSource.scala:246)
	at org.apache.spark.sql.execution.datasources.DataSource.sourceInfo$lzycompute(DataSource.scala:118)
	at org.apache.spark.sql.execution.datasources.DataSource.sourceInfo(DataSource.scala:118)
	at org.apache.spark.sql.execution.streaming.StreamingRelation$.apply(StreamingRelation.scala:36)
	at org.apache.spark.sql.streaming.DataStreamReader.loadInternal(DataStreamReader.scala:198)
	at org.apache.spark.sql.streaming.DataStreamReader.load(DataStreamReader.scala:212)
	at org.apache.spark.sql.streaming.DataStreamReader.csv(DataStreamReader.scala:260)
	at java.base/jdk.internal.reflect.NativeMethodAccessorImpl.invoke0(Native Method)
	at java.base/jdk.internal.reflect.NativeMethodAccessorImpl.invoke(NativeMethodAccessorImpl.java:77)
	at java.base/jdk.internal.reflect.DelegatingMethodAccessorImpl.invoke(DelegatingMethodAccessorImpl.java:43)
	at java.base/java.lang.reflect.Method.invoke(Method.java:568)
	at py4j.reflection.MethodInvoker.invoke(MethodInvoker.java:244)
	at py4j.reflection.ReflectionEngine.invoke(ReflectionEngine.java:374)
	at py4j.Gateway.invoke(Gateway.java:282)
	at py4j.commands.AbstractCommand.invokeMethod(AbstractCommand.java:132)
	at py4j.commands.CallCommand.execute(CallCommand.java:79)
	at py4j.ClientServerConnection.waitForCommands(ClientServerConnection.java:182)
	at py4j.ClientServerConnection.run(ClientServerConnection.java:106)
	at java.base/java.lang.Thread.run(Thread.java:840)

	at java.base/javax.security.auth.login.LoginContext.invoke(LoginContext.java:850)
	at java.base/javax.security.auth.login.LoginContext$4.run(LoginContext.java:679)
	at java.base/javax.security.auth.login.LoginContext$4.run(LoginContext.java:677)
	at java.base/java.security.AccessController.doPrivileged(AccessController.java:712)
	at java.base/javax.security.auth.login.LoginContext.invokePriv(LoginContext.java:677)
	at java.base/javax.security.auth.login.LoginContext.login(LoginContext.java:587)
	at org.apache.hadoop.security.UserGroupInformation$HadoopLoginContext.login(UserGroupInformation.java:2065)
	at org.apache.hadoop.security.UserGroupInformation.doSubjectLogin(UserGroupInformation.java:1975)
	... 29 more

2025-05-23 10:03:22,460 ERROR Application failed: An error occurred while calling o40.csv.
: org.apache.hadoop.security.KerberosAuthException: failure to login: javax.security.auth.login.LoginException: java.lang.NullPointerException: invalid null input: name
	at jdk.security.auth/com.sun.security.auth.UnixPrincipal.<init>(UnixPrincipal.java:71)
	at jdk.security.auth/com.sun.security.auth.module.UnixLoginModule.login(UnixLoginModule.java:134)
	at java.base/javax.security.auth.login.LoginContext.invoke(LoginContext.java:755)
	at java.base/javax.security.auth.login.LoginContext$4.run(LoginContext.java:679)
	at java.base/javax.security.auth.login.LoginContext$4.run(LoginContext.java:677)
	at java.base/java.security.AccessController.doPrivileged(AccessController.java:712)
	at java.base/javax.security.auth.login.LoginContext.invokePriv(LoginContext.java:677)
	at java.base/javax.security.auth.login.LoginContext.login(LoginContext.java:587)
	at org.apache.hadoop.security.UserGroupInformation$HadoopLoginContext.login(UserGroupInformation.java:2065)
	at org.apache.hadoop.security.UserGroupInformation.doSubjectLogin(UserGroupInformation.java:1975)
	at org.apache.hadoop.security.UserGroupInformation.createLoginUser(UserGroupInformation.java:719)
	at org.apache.hadoop.security.UserGroupInformation.getLoginUser(UserGroupInformation.java:669)
	at org.apache.hadoop.security.UserGroupInformation.getCurrentUser(UserGroupInformation.java:579)
	at org.apache.hadoop.fs.FileSystem$Cache$Key.<init>(FileSystem.java:3746)
	at org.apache.hadoop.fs.FileSystem$Cache$Key.<init>(FileSystem.java:3736)
	at org.apache.hadoop.fs.FileSystem$Cache.get(FileSystem.java:3520)
	at org.apache.hadoop.fs.FileSystem.get(FileSystem.java:540)
	at org.apache.hadoop.fs.FileSystem.get(FileSystem.java:288)
	at org.apache.hadoop.fs.FileSystem.get(FileSystem.java:524)
	at org.apache.hadoop.fs.Path.getFileSystem(Path.java:365)
	at org.apache.spark.sql.execution.datasources.DataSource.sourceSchema(DataSource.scala:246)
	at org.apache.spark.sql.execution.datasources.DataSource.sourceInfo$lzycompute(DataSource.scala:118)
	at org.apache.spark.sql.execution.datasources.DataSource.sourceInfo(DataSource.scala:118)
	at org.apache.spark.sql.execution.streaming.StreamingRelation$.apply(StreamingRelation.scala:36)
	at org.apache.spark.sql.streaming.DataStreamReader.loadInternal(DataStreamReader.scala:198)
	at org.apache.spark.sql.streaming.DataStreamReader.load(DataStreamReader.scala:212)
	at org.apache.spark.sql.streaming.DataStreamReader.csv(DataStreamReader.scala:260)
	at java.base/jdk.internal.reflect.NativeMethodAccessorImpl.invoke0(Native Method)
	at java.base/jdk.internal.reflect.NativeMethodAccessorImpl.invoke(NativeMethodAccessorImpl.java:77)
	at java.base/jdk.internal.reflect.DelegatingMethodAccessorImpl.invoke(DelegatingMethodAccessorImpl.java:43)
	at java.base/java.lang.reflect.Method.invoke(Method.java:568)
	at py4j.reflection.MethodInvoker.invoke(MethodInvoker.java:244)
	at py4j.reflection.ReflectionEngine.invoke(ReflectionEngine.java:374)
	at py4j.Gateway.invoke(Gateway.java:282)
	at py4j.commands.AbstractCommand.invokeMethod(AbstractCommand.java:132)
	at py4j.commands.CallCommand.execute(CallCommand.java:79)
	at py4j.ClientServerConnection.waitForCommands(ClientServerConnection.java:182)
	at py4j.ClientServerConnection.run(ClientServerConnection.java:106)
	at java.base/java.lang.Thread.run(Thread.java:840)

	at org.apache.hadoop.security.UserGroupInformation.doSubjectLogin(UserGroupInformation.java:1986)
	at org.apache.hadoop.security.UserGroupInformation.createLoginUser(UserGroupInformation.java:719)
	at org.apache.hadoop.security.UserGroupInformation.getLoginUser(UserGroupInformation.java:669)
	at org.apache.hadoop.security.UserGroupInformation.getCurrentUser(UserGroupInformation.java:579)
	at org.apache.hadoop.fs.FileSystem$Cache$Key.<init>(FileSystem.java:3746)
	at org.apache.hadoop.fs.FileSystem$Cache$Key.<init>(FileSystem.java:3736)
	at org.apache.hadoop.fs.FileSystem$Cache.get(FileSystem.java:3520)
	at org.apache.hadoop.fs.FileSystem.get(FileSystem.java:540)
	at org.apache.hadoop.fs.FileSystem.get(FileSystem.java:288)
	at org.apache.hadoop.fs.FileSystem.get(FileSystem.java:524)
	at org.apache.hadoop.fs.Path.getFileSystem(Path.java:365)
	at org.apache.spark.sql.execution.datasources.DataSource.sourceSchema(DataSource.scala:246)
	at org.apache.spark.sql.execution.datasources.DataSource.sourceInfo$lzycompute(DataSource.scala:118)
	at org.apache.spark.sql.execution.datasources.DataSource.sourceInfo(DataSource.scala:118)
	at org.apache.spark.sql.execution.streaming.StreamingRelation$.apply(StreamingRelation.scala:36)
	at org.apache.spark.sql.streaming.DataStreamReader.loadInternal(DataStreamReader.scala:198)
	at org.apache.spark.sql.streaming.DataStreamReader.load(DataStreamReader.scala:212)
	at org.apache.spark.sql.streaming.DataStreamReader.csv(DataStreamReader.scala:260)
	at java.base/jdk.internal.reflect.NativeMethodAccessorImpl.invoke0(Native Method)
	at java.base/jdk.internal.reflect.NativeMethodAccessorImpl.invoke(NativeMethodAccessorImpl.java:77)
	at java.base/jdk.internal.reflect.DelegatingMethodAccessorImpl.invoke(DelegatingMethodAccessorImpl.java:43)
	at java.base/java.lang.reflect.Method.invoke(Method.java:568)
	at py4j.reflection.MethodInvoker.invoke(MethodInvoker.java:244)
	at py4j.reflection.ReflectionEngine.invoke(ReflectionEngine.java:374)
	at py4j.Gateway.invoke(Gateway.java:282)
	at py4j.commands.AbstractCommand.invokeMethod(AbstractCommand.java:132)
	at py4j.commands.CallCommand.execute(CallCommand.java:79)
	at py4j.ClientServerConnection.waitForCommands(ClientServerConnection.java:182)
	at py4j.ClientServerConnection.run(ClientServerConnection.java:106)
	at java.base/java.lang.Thread.run(Thread.java:840)
Caused by: javax.security.auth.login.LoginException: java.lang.NullPointerException: invalid null input: name
	at jdk.security.auth/com.sun.security.auth.UnixPrincipal.<init>(UnixPrincipal.java:71)
	at jdk.security.auth/com.sun.security.auth.module.UnixLoginModule.login(UnixLoginModule.java:134)
	at java.base/javax.security.auth.login.LoginContext.invoke(LoginContext.java:755)
	at java.base/javax.security.auth.login.LoginContext$4.run(LoginContext.java:679)
	at java.base/javax.security.auth.login.LoginContext$4.run(LoginContext.java:677)
	at java.base/java.security.AccessController.doPrivileged(AccessController.java:712)
	at java.base/javax.security.auth.login.LoginContext.invokePriv(LoginContext.java:677)
	at java.base/javax.security.auth.login.LoginContext.login(LoginContext.java:587)
	at org.apache.hadoop.security.UserGroupInformation$HadoopLoginContext.login(UserGroupInformation.java:2065)
	at org.apache.hadoop.security.UserGroupInformation.doSubjectLogin(UserGroupInformation.java:1975)
	at org.apache.hadoop.security.UserGroupInformation.createLoginUser(UserGroupInformation.java:719)
	at org.apache.hadoop.security.UserGroupInformation.getLoginUser(UserGroupInformation.java:669)
	at org.apache.hadoop.security.UserGroupInformation.getCurrentUser(UserGroupInformation.java:579)
	at org.apache.hadoop.fs.FileSystem$Cache$Key.<init>(FileSystem.java:3746)
	at org.apache.hadoop.fs.FileSystem$Cache$Key.<init>(FileSystem.java:3736)
	at org.apache.hadoop.fs.FileSystem$Cache.get(FileSystem.java:3520)
	at org.apache.hadoop.fs.FileSystem.get(FileSystem.java:540)
	at org.apache.hadoop.fs.FileSystem.get(FileSystem.java:288)
	at org.apache.hadoop.fs.FileSystem.get(FileSystem.java:524)
	at org.apache.hadoop.fs.Path.getFileSystem(Path.java:365)
	at org.apache.spark.sql.execution.datasources.DataSource.sourceSchema(DataSource.scala:246)
	at org.apache.spark.sql.execution.datasources.DataSource.sourceInfo$lzycompute(DataSource.scala:118)
	at org.apache.spark.sql.execution.datasources.DataSource.sourceInfo(DataSource.scala:118)
	at org.apache.spark.sql.execution.streaming.StreamingRelation$.apply(StreamingRelation.scala:36)
	at org.apache.spark.sql.streaming.DataStreamReader.loadInternal(DataStreamReader.scala:198)
	at org.apache.spark.sql.streaming.DataStreamReader.load(DataStreamReader.scala:212)
	at org.apache.spark.sql.streaming.DataStreamReader.csv(DataStreamReader.scala:260)
	at java.base/jdk.internal.reflect.NativeMethodAccessorImpl.invoke0(Native Method)
	at java.base/jdk.internal.reflect.NativeMethodAccessorImpl.invoke(NativeMethodAccessorImpl.java:77)
	at java.base/jdk.internal.reflect.DelegatingMethodAccessorImpl.invoke(DelegatingMethodAccessorImpl.java:43)
	at java.base/java.lang.reflect.Method.invoke(Method.java:568)
	at py4j.reflection.MethodInvoker.invoke(MethodInvoker.java:244)
	at py4j.reflection.ReflectionEngine.invoke(ReflectionEngine.java:374)
	at py4j.Gateway.invoke(Gateway.java:282)
	at py4j.commands.AbstractCommand.invokeMethod(AbstractCommand.java:132)
	at py4j.commands.CallCommand.execute(CallCommand.java:79)
	at py4j.ClientServerConnection.waitForCommands(ClientServerConnection.java:182)
	at py4j.ClientServerConnection.run(ClientServerConnection.java:106)
	at java.base/java.lang.Thread.run(Thread.java:840)

	at java.base/javax.security.auth.login.LoginContext.invoke(LoginContext.java:850)
	at java.base/javax.security.auth.login.LoginContext$4.run(LoginContext.java:679)
	at java.base/javax.security.auth.login.LoginContext$4.run(LoginContext.java:677)
	at java.base/java.security.AccessController.doPrivileged(AccessController.java:712)
	at java.base/javax.security.auth.login.LoginContext.invokePriv(LoginContext.java:677)
	at java.base/javax.security.auth.login.LoginContext.login(LoginContext.java:587)
	at org.apache.hadoop.security.UserGroupInformation$HadoopLoginContext.login(UserGroupInformation.java:2065)
	at org.apache.hadoop.security.UserGroupInformation.doSubjectLogin(UserGroupInformation.java:1975)
	... 29 more

2025-05-23 10:03:22,511 INFO Closing down clientserver connection
2025-05-23 10:03:31,868 INFO SparkSession initialized
2025-05-23 10:03:34,080 ERROR Failed to read streaming data: An error occurred while calling o40.csv.
: org.apache.hadoop.security.KerberosAuthException: failure to login: javax.security.auth.login.LoginException: java.lang.NullPointerException: invalid null input: name
	at jdk.security.auth/com.sun.security.auth.UnixPrincipal.<init>(UnixPrincipal.java:71)
	at jdk.security.auth/com.sun.security.auth.module.UnixLoginModule.login(UnixLoginModule.java:134)
	at java.base/javax.security.auth.login.LoginContext.invoke(LoginContext.java:755)
	at java.base/javax.security.auth.login.LoginContext$4.run(LoginContext.java:679)
	at java.base/javax.security.auth.login.LoginContext$4.run(LoginContext.java:677)
	at java.base/java.security.AccessController.doPrivileged(AccessController.java:712)
	at java.base/javax.security.auth.login.LoginContext.invokePriv(LoginContext.java:677)
	at java.base/javax.security.auth.login.LoginContext.login(LoginContext.java:587)
	at org.apache.hadoop.security.UserGroupInformation$HadoopLoginContext.login(UserGroupInformation.java:2065)
	at org.apache.hadoop.security.UserGroupInformation.doSubjectLogin(UserGroupInformation.java:1975)
	at org.apache.hadoop.security.UserGroupInformation.createLoginUser(UserGroupInformation.java:719)
	at org.apache.hadoop.security.UserGroupInformation.getLoginUser(UserGroupInformation.java:669)
	at org.apache.hadoop.security.UserGroupInformation.getCurrentUser(UserGroupInformation.java:579)
	at org.apache.hadoop.fs.FileSystem$Cache$Key.<init>(FileSystem.java:3746)
	at org.apache.hadoop.fs.FileSystem$Cache$Key.<init>(FileSystem.java:3736)
	at org.apache.hadoop.fs.FileSystem$Cache.get(FileSystem.java:3520)
	at org.apache.hadoop.fs.FileSystem.get(FileSystem.java:540)
	at org.apache.hadoop.fs.FileSystem.get(FileSystem.java:288)
	at org.apache.hadoop.fs.FileSystem.get(FileSystem.java:524)
	at org.apache.hadoop.fs.Path.getFileSystem(Path.java:365)
	at org.apache.spark.sql.execution.datasources.DataSource.sourceSchema(DataSource.scala:246)
	at org.apache.spark.sql.execution.datasources.DataSource.sourceInfo$lzycompute(DataSource.scala:118)
	at org.apache.spark.sql.execution.datasources.DataSource.sourceInfo(DataSource.scala:118)
	at org.apache.spark.sql.execution.streaming.StreamingRelation$.apply(StreamingRelation.scala:36)
	at org.apache.spark.sql.streaming.DataStreamReader.loadInternal(DataStreamReader.scala:198)
	at org.apache.spark.sql.streaming.DataStreamReader.load(DataStreamReader.scala:212)
	at org.apache.spark.sql.streaming.DataStreamReader.csv(DataStreamReader.scala:260)
	at java.base/jdk.internal.reflect.NativeMethodAccessorImpl.invoke0(Native Method)
	at java.base/jdk.internal.reflect.NativeMethodAccessorImpl.invoke(NativeMethodAccessorImpl.java:77)
	at java.base/jdk.internal.reflect.DelegatingMethodAccessorImpl.invoke(DelegatingMethodAccessorImpl.java:43)
	at java.base/java.lang.reflect.Method.invoke(Method.java:568)
	at py4j.reflection.MethodInvoker.invoke(MethodInvoker.java:244)
	at py4j.reflection.ReflectionEngine.invoke(ReflectionEngine.java:374)
	at py4j.Gateway.invoke(Gateway.java:282)
	at py4j.commands.AbstractCommand.invokeMethod(AbstractCommand.java:132)
	at py4j.commands.CallCommand.execute(CallCommand.java:79)
	at py4j.ClientServerConnection.waitForCommands(ClientServerConnection.java:182)
	at py4j.ClientServerConnection.run(ClientServerConnection.java:106)
	at java.base/java.lang.Thread.run(Thread.java:840)

	at org.apache.hadoop.security.UserGroupInformation.doSubjectLogin(UserGroupInformation.java:1986)
	at org.apache.hadoop.security.UserGroupInformation.createLoginUser(UserGroupInformation.java:719)
	at org.apache.hadoop.security.UserGroupInformation.getLoginUser(UserGroupInformation.java:669)
	at org.apache.hadoop.security.UserGroupInformation.getCurrentUser(UserGroupInformation.java:579)
	at org.apache.hadoop.fs.FileSystem$Cache$Key.<init>(FileSystem.java:3746)
	at org.apache.hadoop.fs.FileSystem$Cache$Key.<init>(FileSystem.java:3736)
	at org.apache.hadoop.fs.FileSystem$Cache.get(FileSystem.java:3520)
	at org.apache.hadoop.fs.FileSystem.get(FileSystem.java:540)
	at org.apache.hadoop.fs.FileSystem.get(FileSystem.java:288)
	at org.apache.hadoop.fs.FileSystem.get(FileSystem.java:524)
	at org.apache.hadoop.fs.Path.getFileSystem(Path.java:365)
	at org.apache.spark.sql.execution.datasources.DataSource.sourceSchema(DataSource.scala:246)
	at org.apache.spark.sql.execution.datasources.DataSource.sourceInfo$lzycompute(DataSource.scala:118)
	at org.apache.spark.sql.execution.datasources.DataSource.sourceInfo(DataSource.scala:118)
	at org.apache.spark.sql.execution.streaming.StreamingRelation$.apply(StreamingRelation.scala:36)
	at org.apache.spark.sql.streaming.DataStreamReader.loadInternal(DataStreamReader.scala:198)
	at org.apache.spark.sql.streaming.DataStreamReader.load(DataStreamReader.scala:212)
	at org.apache.spark.sql.streaming.DataStreamReader.csv(DataStreamReader.scala:260)
	at java.base/jdk.internal.reflect.NativeMethodAccessorImpl.invoke0(Native Method)
	at java.base/jdk.internal.reflect.NativeMethodAccessorImpl.invoke(NativeMethodAccessorImpl.java:77)
	at java.base/jdk.internal.reflect.DelegatingMethodAccessorImpl.invoke(DelegatingMethodAccessorImpl.java:43)
	at java.base/java.lang.reflect.Method.invoke(Method.java:568)
	at py4j.reflection.MethodInvoker.invoke(MethodInvoker.java:244)
	at py4j.reflection.ReflectionEngine.invoke(ReflectionEngine.java:374)
	at py4j.Gateway.invoke(Gateway.java:282)
	at py4j.commands.AbstractCommand.invokeMethod(AbstractCommand.java:132)
	at py4j.commands.CallCommand.execute(CallCommand.java:79)
	at py4j.ClientServerConnection.waitForCommands(ClientServerConnection.java:182)
	at py4j.ClientServerConnection.run(ClientServerConnection.java:106)
	at java.base/java.lang.Thread.run(Thread.java:840)
Caused by: javax.security.auth.login.LoginException: java.lang.NullPointerException: invalid null input: name
	at jdk.security.auth/com.sun.security.auth.UnixPrincipal.<init>(UnixPrincipal.java:71)
	at jdk.security.auth/com.sun.security.auth.module.UnixLoginModule.login(UnixLoginModule.java:134)
	at java.base/javax.security.auth.login.LoginContext.invoke(LoginContext.java:755)
	at java.base/javax.security.auth.login.LoginContext$4.run(LoginContext.java:679)
	at java.base/javax.security.auth.login.LoginContext$4.run(LoginContext.java:677)
	at java.base/java.security.AccessController.doPrivileged(AccessController.java:712)
	at java.base/javax.security.auth.login.LoginContext.invokePriv(LoginContext.java:677)
	at java.base/javax.security.auth.login.LoginContext.login(LoginContext.java:587)
	at org.apache.hadoop.security.UserGroupInformation$HadoopLoginContext.login(UserGroupInformation.java:2065)
	at org.apache.hadoop.security.UserGroupInformation.doSubjectLogin(UserGroupInformation.java:1975)
	at org.apache.hadoop.security.UserGroupInformation.createLoginUser(UserGroupInformation.java:719)
	at org.apache.hadoop.security.UserGroupInformation.getLoginUser(UserGroupInformation.java:669)
	at org.apache.hadoop.security.UserGroupInformation.getCurrentUser(UserGroupInformation.java:579)
	at org.apache.hadoop.fs.FileSystem$Cache$Key.<init>(FileSystem.java:3746)
	at org.apache.hadoop.fs.FileSystem$Cache$Key.<init>(FileSystem.java:3736)
	at org.apache.hadoop.fs.FileSystem$Cache.get(FileSystem.java:3520)
	at org.apache.hadoop.fs.FileSystem.get(FileSystem.java:540)
	at org.apache.hadoop.fs.FileSystem.get(FileSystem.java:288)
	at org.apache.hadoop.fs.FileSystem.get(FileSystem.java:524)
	at org.apache.hadoop.fs.Path.getFileSystem(Path.java:365)
	at org.apache.spark.sql.execution.datasources.DataSource.sourceSchema(DataSource.scala:246)
	at org.apache.spark.sql.execution.datasources.DataSource.sourceInfo$lzycompute(DataSource.scala:118)
	at org.apache.spark.sql.execution.datasources.DataSource.sourceInfo(DataSource.scala:118)
	at org.apache.spark.sql.execution.streaming.StreamingRelation$.apply(StreamingRelation.scala:36)
	at org.apache.spark.sql.streaming.DataStreamReader.loadInternal(DataStreamReader.scala:198)
	at org.apache.spark.sql.streaming.DataStreamReader.load(DataStreamReader.scala:212)
	at org.apache.spark.sql.streaming.DataStreamReader.csv(DataStreamReader.scala:260)
	at java.base/jdk.internal.reflect.NativeMethodAccessorImpl.invoke0(Native Method)
	at java.base/jdk.internal.reflect.NativeMethodAccessorImpl.invoke(NativeMethodAccessorImpl.java:77)
	at java.base/jdk.internal.reflect.DelegatingMethodAccessorImpl.invoke(DelegatingMethodAccessorImpl.java:43)
	at java.base/java.lang.reflect.Method.invoke(Method.java:568)
	at py4j.reflection.MethodInvoker.invoke(MethodInvoker.java:244)
	at py4j.reflection.ReflectionEngine.invoke(ReflectionEngine.java:374)
	at py4j.Gateway.invoke(Gateway.java:282)
	at py4j.commands.AbstractCommand.invokeMethod(AbstractCommand.java:132)
	at py4j.commands.CallCommand.execute(CallCommand.java:79)
	at py4j.ClientServerConnection.waitForCommands(ClientServerConnection.java:182)
	at py4j.ClientServerConnection.run(ClientServerConnection.java:106)
	at java.base/java.lang.Thread.run(Thread.java:840)

	at java.base/javax.security.auth.login.LoginContext.invoke(LoginContext.java:850)
	at java.base/javax.security.auth.login.LoginContext$4.run(LoginContext.java:679)
	at java.base/javax.security.auth.login.LoginContext$4.run(LoginContext.java:677)
	at java.base/java.security.AccessController.doPrivileged(AccessController.java:712)
	at java.base/javax.security.auth.login.LoginContext.invokePriv(LoginContext.java:677)
	at java.base/javax.security.auth.login.LoginContext.login(LoginContext.java:587)
	at org.apache.hadoop.security.UserGroupInformation$HadoopLoginContext.login(UserGroupInformation.java:2065)
	at org.apache.hadoop.security.UserGroupInformation.doSubjectLogin(UserGroupInformation.java:1975)
	... 29 more

2025-05-23 10:03:34,560 ERROR Application failed: An error occurred while calling o40.csv.
: org.apache.hadoop.security.KerberosAuthException: failure to login: javax.security.auth.login.LoginException: java.lang.NullPointerException: invalid null input: name
	at jdk.security.auth/com.sun.security.auth.UnixPrincipal.<init>(UnixPrincipal.java:71)
	at jdk.security.auth/com.sun.security.auth.module.UnixLoginModule.login(UnixLoginModule.java:134)
	at java.base/javax.security.auth.login.LoginContext.invoke(LoginContext.java:755)
	at java.base/javax.security.auth.login.LoginContext$4.run(LoginContext.java:679)
	at java.base/javax.security.auth.login.LoginContext$4.run(LoginContext.java:677)
	at java.base/java.security.AccessController.doPrivileged(AccessController.java:712)
	at java.base/javax.security.auth.login.LoginContext.invokePriv(LoginContext.java:677)
	at java.base/javax.security.auth.login.LoginContext.login(LoginContext.java:587)
	at org.apache.hadoop.security.UserGroupInformation$HadoopLoginContext.login(UserGroupInformation.java:2065)
	at org.apache.hadoop.security.UserGroupInformation.doSubjectLogin(UserGroupInformation.java:1975)
	at org.apache.hadoop.security.UserGroupInformation.createLoginUser(UserGroupInformation.java:719)
	at org.apache.hadoop.security.UserGroupInformation.getLoginUser(UserGroupInformation.java:669)
	at org.apache.hadoop.security.UserGroupInformation.getCurrentUser(UserGroupInformation.java:579)
	at org.apache.hadoop.fs.FileSystem$Cache$Key.<init>(FileSystem.java:3746)
	at org.apache.hadoop.fs.FileSystem$Cache$Key.<init>(FileSystem.java:3736)
	at org.apache.hadoop.fs.FileSystem$Cache.get(FileSystem.java:3520)
	at org.apache.hadoop.fs.FileSystem.get(FileSystem.java:540)
	at org.apache.hadoop.fs.FileSystem.get(FileSystem.java:288)
	at org.apache.hadoop.fs.FileSystem.get(FileSystem.java:524)
	at org.apache.hadoop.fs.Path.getFileSystem(Path.java:365)
	at org.apache.spark.sql.execution.datasources.DataSource.sourceSchema(DataSource.scala:246)
	at org.apache.spark.sql.execution.datasources.DataSource.sourceInfo$lzycompute(DataSource.scala:118)
	at org.apache.spark.sql.execution.datasources.DataSource.sourceInfo(DataSource.scala:118)
	at org.apache.spark.sql.execution.streaming.StreamingRelation$.apply(StreamingRelation.scala:36)
	at org.apache.spark.sql.streaming.DataStreamReader.loadInternal(DataStreamReader.scala:198)
	at org.apache.spark.sql.streaming.DataStreamReader.load(DataStreamReader.scala:212)
	at org.apache.spark.sql.streaming.DataStreamReader.csv(DataStreamReader.scala:260)
	at java.base/jdk.internal.reflect.NativeMethodAccessorImpl.invoke0(Native Method)
	at java.base/jdk.internal.reflect.NativeMethodAccessorImpl.invoke(NativeMethodAccessorImpl.java:77)
	at java.base/jdk.internal.reflect.DelegatingMethodAccessorImpl.invoke(DelegatingMethodAccessorImpl.java:43)
	at java.base/java.lang.reflect.Method.invoke(Method.java:568)
	at py4j.reflection.MethodInvoker.invoke(MethodInvoker.java:244)
	at py4j.reflection.ReflectionEngine.invoke(ReflectionEngine.java:374)
	at py4j.Gateway.invoke(Gateway.java:282)
	at py4j.commands.AbstractCommand.invokeMethod(AbstractCommand.java:132)
	at py4j.commands.CallCommand.execute(CallCommand.java:79)
	at py4j.ClientServerConnection.waitForCommands(ClientServerConnection.java:182)
	at py4j.ClientServerConnection.run(ClientServerConnection.java:106)
	at java.base/java.lang.Thread.run(Thread.java:840)

	at org.apache.hadoop.security.UserGroupInformation.doSubjectLogin(UserGroupInformation.java:1986)
	at org.apache.hadoop.security.UserGroupInformation.createLoginUser(UserGroupInformation.java:719)
	at org.apache.hadoop.security.UserGroupInformation.getLoginUser(UserGroupInformation.java:669)
	at org.apache.hadoop.security.UserGroupInformation.getCurrentUser(UserGroupInformation.java:579)
	at org.apache.hadoop.fs.FileSystem$Cache$Key.<init>(FileSystem.java:3746)
	at org.apache.hadoop.fs.FileSystem$Cache$Key.<init>(FileSystem.java:3736)
	at org.apache.hadoop.fs.FileSystem$Cache.get(FileSystem.java:3520)
	at org.apache.hadoop.fs.FileSystem.get(FileSystem.java:540)
	at org.apache.hadoop.fs.FileSystem.get(FileSystem.java:288)
	at org.apache.hadoop.fs.FileSystem.get(FileSystem.java:524)
	at org.apache.hadoop.fs.Path.getFileSystem(Path.java:365)
	at org.apache.spark.sql.execution.datasources.DataSource.sourceSchema(DataSource.scala:246)
	at org.apache.spark.sql.execution.datasources.DataSource.sourceInfo$lzycompute(DataSource.scala:118)
	at org.apache.spark.sql.execution.datasources.DataSource.sourceInfo(DataSource.scala:118)
	at org.apache.spark.sql.execution.streaming.StreamingRelation$.apply(StreamingRelation.scala:36)
	at org.apache.spark.sql.streaming.DataStreamReader.loadInternal(DataStreamReader.scala:198)
	at org.apache.spark.sql.streaming.DataStreamReader.load(DataStreamReader.scala:212)
	at org.apache.spark.sql.streaming.DataStreamReader.csv(DataStreamReader.scala:260)
	at java.base/jdk.internal.reflect.NativeMethodAccessorImpl.invoke0(Native Method)
	at java.base/jdk.internal.reflect.NativeMethodAccessorImpl.invoke(NativeMethodAccessorImpl.java:77)
	at java.base/jdk.internal.reflect.DelegatingMethodAccessorImpl.invoke(DelegatingMethodAccessorImpl.java:43)
	at java.base/java.lang.reflect.Method.invoke(Method.java:568)
	at py4j.reflection.MethodInvoker.invoke(MethodInvoker.java:244)
	at py4j.reflection.ReflectionEngine.invoke(ReflectionEngine.java:374)
	at py4j.Gateway.invoke(Gateway.java:282)
	at py4j.commands.AbstractCommand.invokeMethod(AbstractCommand.java:132)
	at py4j.commands.CallCommand.execute(CallCommand.java:79)
	at py4j.ClientServerConnection.waitForCommands(ClientServerConnection.java:182)
	at py4j.ClientServerConnection.run(ClientServerConnection.java:106)
	at java.base/java.lang.Thread.run(Thread.java:840)
Caused by: javax.security.auth.login.LoginException: java.lang.NullPointerException: invalid null input: name
	at jdk.security.auth/com.sun.security.auth.UnixPrincipal.<init>(UnixPrincipal.java:71)
	at jdk.security.auth/com.sun.security.auth.module.UnixLoginModule.login(UnixLoginModule.java:134)
	at java.base/javax.security.auth.login.LoginContext.invoke(LoginContext.java:755)
	at java.base/javax.security.auth.login.LoginContext$4.run(LoginContext.java:679)
	at java.base/javax.security.auth.login.LoginContext$4.run(LoginContext.java:677)
	at java.base/java.security.AccessController.doPrivileged(AccessController.java:712)
	at java.base/javax.security.auth.login.LoginContext.invokePriv(LoginContext.java:677)
	at java.base/javax.security.auth.login.LoginContext.login(LoginContext.java:587)
	at org.apache.hadoop.security.UserGroupInformation$HadoopLoginContext.login(UserGroupInformation.java:2065)
	at org.apache.hadoop.security.UserGroupInformation.doSubjectLogin(UserGroupInformation.java:1975)
	at org.apache.hadoop.security.UserGroupInformation.createLoginUser(UserGroupInformation.java:719)
	at org.apache.hadoop.security.UserGroupInformation.getLoginUser(UserGroupInformation.java:669)
	at org.apache.hadoop.security.UserGroupInformation.getCurrentUser(UserGroupInformation.java:579)
	at org.apache.hadoop.fs.FileSystem$Cache$Key.<init>(FileSystem.java:3746)
	at org.apache.hadoop.fs.FileSystem$Cache$Key.<init>(FileSystem.java:3736)
	at org.apache.hadoop.fs.FileSystem$Cache.get(FileSystem.java:3520)
	at org.apache.hadoop.fs.FileSystem.get(FileSystem.java:540)
	at org.apache.hadoop.fs.FileSystem.get(FileSystem.java:288)
	at org.apache.hadoop.fs.FileSystem.get(FileSystem.java:524)
	at org.apache.hadoop.fs.Path.getFileSystem(Path.java:365)
	at org.apache.spark.sql.execution.datasources.DataSource.sourceSchema(DataSource.scala:246)
	at org.apache.spark.sql.execution.datasources.DataSource.sourceInfo$lzycompute(DataSource.scala:118)
	at org.apache.spark.sql.execution.datasources.DataSource.sourceInfo(DataSource.scala:118)
	at org.apache.spark.sql.execution.streaming.StreamingRelation$.apply(StreamingRelation.scala:36)
	at org.apache.spark.sql.streaming.DataStreamReader.loadInternal(DataStreamReader.scala:198)
	at org.apache.spark.sql.streaming.DataStreamReader.load(DataStreamReader.scala:212)
	at org.apache.spark.sql.streaming.DataStreamReader.csv(DataStreamReader.scala:260)
	at java.base/jdk.internal.reflect.NativeMethodAccessorImpl.invoke0(Native Method)
	at java.base/jdk.internal.reflect.NativeMethodAccessorImpl.invoke(NativeMethodAccessorImpl.java:77)
	at java.base/jdk.internal.reflect.DelegatingMethodAccessorImpl.invoke(DelegatingMethodAccessorImpl.java:43)
	at java.base/java.lang.reflect.Method.invoke(Method.java:568)
	at py4j.reflection.MethodInvoker.invoke(MethodInvoker.java:244)
	at py4j.reflection.ReflectionEngine.invoke(ReflectionEngine.java:374)
	at py4j.Gateway.invoke(Gateway.java:282)
	at py4j.commands.AbstractCommand.invokeMethod(AbstractCommand.java:132)
	at py4j.commands.CallCommand.execute(CallCommand.java:79)
	at py4j.ClientServerConnection.waitForCommands(ClientServerConnection.java:182)
	at py4j.ClientServerConnection.run(ClientServerConnection.java:106)
	at java.base/java.lang.Thread.run(Thread.java:840)

	at java.base/javax.security.auth.login.LoginContext.invoke(LoginContext.java:850)
	at java.base/javax.security.auth.login.LoginContext$4.run(LoginContext.java:679)
	at java.base/javax.security.auth.login.LoginContext$4.run(LoginContext.java:677)
	at java.base/java.security.AccessController.doPrivileged(AccessController.java:712)
	at java.base/javax.security.auth.login.LoginContext.invokePriv(LoginContext.java:677)
	at java.base/javax.security.auth.login.LoginContext.login(LoginContext.java:587)
	at org.apache.hadoop.security.UserGroupInformation$HadoopLoginContext.login(UserGroupInformation.java:2065)
	at org.apache.hadoop.security.UserGroupInformation.doSubjectLogin(UserGroupInformation.java:1975)
	... 29 more

2025-05-23 10:03:34,611 INFO Closing down clientserver connection
2025-05-23 10:03:42,969 INFO SparkSession initialized
2025-05-23 10:03:44,870 ERROR Failed to read streaming data: An error occurred while calling o40.csv.
: org.apache.hadoop.security.KerberosAuthException: failure to login: javax.security.auth.login.LoginException: java.lang.NullPointerException: invalid null input: name
	at jdk.security.auth/com.sun.security.auth.UnixPrincipal.<init>(UnixPrincipal.java:71)
	at jdk.security.auth/com.sun.security.auth.module.UnixLoginModule.login(UnixLoginModule.java:134)
	at java.base/javax.security.auth.login.LoginContext.invoke(LoginContext.java:755)
	at java.base/javax.security.auth.login.LoginContext$4.run(LoginContext.java:679)
	at java.base/javax.security.auth.login.LoginContext$4.run(LoginContext.java:677)
	at java.base/java.security.AccessController.doPrivileged(AccessController.java:712)
	at java.base/javax.security.auth.login.LoginContext.invokePriv(LoginContext.java:677)
	at java.base/javax.security.auth.login.LoginContext.login(LoginContext.java:587)
	at org.apache.hadoop.security.UserGroupInformation$HadoopLoginContext.login(UserGroupInformation.java:2065)
	at org.apache.hadoop.security.UserGroupInformation.doSubjectLogin(UserGroupInformation.java:1975)
	at org.apache.hadoop.security.UserGroupInformation.createLoginUser(UserGroupInformation.java:719)
	at org.apache.hadoop.security.UserGroupInformation.getLoginUser(UserGroupInformation.java:669)
	at org.apache.hadoop.security.UserGroupInformation.getCurrentUser(UserGroupInformation.java:579)
	at org.apache.hadoop.fs.FileSystem$Cache$Key.<init>(FileSystem.java:3746)
	at org.apache.hadoop.fs.FileSystem$Cache$Key.<init>(FileSystem.java:3736)
	at org.apache.hadoop.fs.FileSystem$Cache.get(FileSystem.java:3520)
	at org.apache.hadoop.fs.FileSystem.get(FileSystem.java:540)
	at org.apache.hadoop.fs.FileSystem.get(FileSystem.java:288)
	at org.apache.hadoop.fs.FileSystem.get(FileSystem.java:524)
	at org.apache.hadoop.fs.Path.getFileSystem(Path.java:365)
	at org.apache.spark.sql.execution.datasources.DataSource.sourceSchema(DataSource.scala:246)
	at org.apache.spark.sql.execution.datasources.DataSource.sourceInfo$lzycompute(DataSource.scala:118)
	at org.apache.spark.sql.execution.datasources.DataSource.sourceInfo(DataSource.scala:118)
	at org.apache.spark.sql.execution.streaming.StreamingRelation$.apply(StreamingRelation.scala:36)
	at org.apache.spark.sql.streaming.DataStreamReader.loadInternal(DataStreamReader.scala:198)
	at org.apache.spark.sql.streaming.DataStreamReader.load(DataStreamReader.scala:212)
	at org.apache.spark.sql.streaming.DataStreamReader.csv(DataStreamReader.scala:260)
	at java.base/jdk.internal.reflect.NativeMethodAccessorImpl.invoke0(Native Method)
	at java.base/jdk.internal.reflect.NativeMethodAccessorImpl.invoke(NativeMethodAccessorImpl.java:77)
	at java.base/jdk.internal.reflect.DelegatingMethodAccessorImpl.invoke(DelegatingMethodAccessorImpl.java:43)
	at java.base/java.lang.reflect.Method.invoke(Method.java:568)
	at py4j.reflection.MethodInvoker.invoke(MethodInvoker.java:244)
	at py4j.reflection.ReflectionEngine.invoke(ReflectionEngine.java:374)
	at py4j.Gateway.invoke(Gateway.java:282)
	at py4j.commands.AbstractCommand.invokeMethod(AbstractCommand.java:132)
	at py4j.commands.CallCommand.execute(CallCommand.java:79)
	at py4j.ClientServerConnection.waitForCommands(ClientServerConnection.java:182)
	at py4j.ClientServerConnection.run(ClientServerConnection.java:106)
	at java.base/java.lang.Thread.run(Thread.java:840)

	at org.apache.hadoop.security.UserGroupInformation.doSubjectLogin(UserGroupInformation.java:1986)
	at org.apache.hadoop.security.UserGroupInformation.createLoginUser(UserGroupInformation.java:719)
	at org.apache.hadoop.security.UserGroupInformation.getLoginUser(UserGroupInformation.java:669)
	at org.apache.hadoop.security.UserGroupInformation.getCurrentUser(UserGroupInformation.java:579)
	at org.apache.hadoop.fs.FileSystem$Cache$Key.<init>(FileSystem.java:3746)
	at org.apache.hadoop.fs.FileSystem$Cache$Key.<init>(FileSystem.java:3736)
	at org.apache.hadoop.fs.FileSystem$Cache.get(FileSystem.java:3520)
	at org.apache.hadoop.fs.FileSystem.get(FileSystem.java:540)
	at org.apache.hadoop.fs.FileSystem.get(FileSystem.java:288)
	at org.apache.hadoop.fs.FileSystem.get(FileSystem.java:524)
	at org.apache.hadoop.fs.Path.getFileSystem(Path.java:365)
	at org.apache.spark.sql.execution.datasources.DataSource.sourceSchema(DataSource.scala:246)
	at org.apache.spark.sql.execution.datasources.DataSource.sourceInfo$lzycompute(DataSource.scala:118)
	at org.apache.spark.sql.execution.datasources.DataSource.sourceInfo(DataSource.scala:118)
	at org.apache.spark.sql.execution.streaming.StreamingRelation$.apply(StreamingRelation.scala:36)
	at org.apache.spark.sql.streaming.DataStreamReader.loadInternal(DataStreamReader.scala:198)
	at org.apache.spark.sql.streaming.DataStreamReader.load(DataStreamReader.scala:212)
	at org.apache.spark.sql.streaming.DataStreamReader.csv(DataStreamReader.scala:260)
	at java.base/jdk.internal.reflect.NativeMethodAccessorImpl.invoke0(Native Method)
	at java.base/jdk.internal.reflect.NativeMethodAccessorImpl.invoke(NativeMethodAccessorImpl.java:77)
	at java.base/jdk.internal.reflect.DelegatingMethodAccessorImpl.invoke(DelegatingMethodAccessorImpl.java:43)
	at java.base/java.lang.reflect.Method.invoke(Method.java:568)
	at py4j.reflection.MethodInvoker.invoke(MethodInvoker.java:244)
	at py4j.reflection.ReflectionEngine.invoke(ReflectionEngine.java:374)
	at py4j.Gateway.invoke(Gateway.java:282)
	at py4j.commands.AbstractCommand.invokeMethod(AbstractCommand.java:132)
	at py4j.commands.CallCommand.execute(CallCommand.java:79)
	at py4j.ClientServerConnection.waitForCommands(ClientServerConnection.java:182)
	at py4j.ClientServerConnection.run(ClientServerConnection.java:106)
	at java.base/java.lang.Thread.run(Thread.java:840)
Caused by: javax.security.auth.login.LoginException: java.lang.NullPointerException: invalid null input: name
	at jdk.security.auth/com.sun.security.auth.UnixPrincipal.<init>(UnixPrincipal.java:71)
	at jdk.security.auth/com.sun.security.auth.module.UnixLoginModule.login(UnixLoginModule.java:134)
	at java.base/javax.security.auth.login.LoginContext.invoke(LoginContext.java:755)
	at java.base/javax.security.auth.login.LoginContext$4.run(LoginContext.java:679)
	at java.base/javax.security.auth.login.LoginContext$4.run(LoginContext.java:677)
	at java.base/java.security.AccessController.doPrivileged(AccessController.java:712)
	at java.base/javax.security.auth.login.LoginContext.invokePriv(LoginContext.java:677)
	at java.base/javax.security.auth.login.LoginContext.login(LoginContext.java:587)
	at org.apache.hadoop.security.UserGroupInformation$HadoopLoginContext.login(UserGroupInformation.java:2065)
	at org.apache.hadoop.security.UserGroupInformation.doSubjectLogin(UserGroupInformation.java:1975)
	at org.apache.hadoop.security.UserGroupInformation.createLoginUser(UserGroupInformation.java:719)
	at org.apache.hadoop.security.UserGroupInformation.getLoginUser(UserGroupInformation.java:669)
	at org.apache.hadoop.security.UserGroupInformation.getCurrentUser(UserGroupInformation.java:579)
	at org.apache.hadoop.fs.FileSystem$Cache$Key.<init>(FileSystem.java:3746)
	at org.apache.hadoop.fs.FileSystem$Cache$Key.<init>(FileSystem.java:3736)
	at org.apache.hadoop.fs.FileSystem$Cache.get(FileSystem.java:3520)
	at org.apache.hadoop.fs.FileSystem.get(FileSystem.java:540)
	at org.apache.hadoop.fs.FileSystem.get(FileSystem.java:288)
	at org.apache.hadoop.fs.FileSystem.get(FileSystem.java:524)
	at org.apache.hadoop.fs.Path.getFileSystem(Path.java:365)
	at org.apache.spark.sql.execution.datasources.DataSource.sourceSchema(DataSource.scala:246)
	at org.apache.spark.sql.execution.datasources.DataSource.sourceInfo$lzycompute(DataSource.scala:118)
	at org.apache.spark.sql.execution.datasources.DataSource.sourceInfo(DataSource.scala:118)
	at org.apache.spark.sql.execution.streaming.StreamingRelation$.apply(StreamingRelation.scala:36)
	at org.apache.spark.sql.streaming.DataStreamReader.loadInternal(DataStreamReader.scala:198)
	at org.apache.spark.sql.streaming.DataStreamReader.load(DataStreamReader.scala:212)
	at org.apache.spark.sql.streaming.DataStreamReader.csv(DataStreamReader.scala:260)
	at java.base/jdk.internal.reflect.NativeMethodAccessorImpl.invoke0(Native Method)
	at java.base/jdk.internal.reflect.NativeMethodAccessorImpl.invoke(NativeMethodAccessorImpl.java:77)
	at java.base/jdk.internal.reflect.DelegatingMethodAccessorImpl.invoke(DelegatingMethodAccessorImpl.java:43)
	at java.base/java.lang.reflect.Method.invoke(Method.java:568)
	at py4j.reflection.MethodInvoker.invoke(MethodInvoker.java:244)
	at py4j.reflection.ReflectionEngine.invoke(ReflectionEngine.java:374)
	at py4j.Gateway.invoke(Gateway.java:282)
	at py4j.commands.AbstractCommand.invokeMethod(AbstractCommand.java:132)
	at py4j.commands.CallCommand.execute(CallCommand.java:79)
	at py4j.ClientServerConnection.waitForCommands(ClientServerConnection.java:182)
	at py4j.ClientServerConnection.run(ClientServerConnection.java:106)
	at java.base/java.lang.Thread.run(Thread.java:840)

	at java.base/javax.security.auth.login.LoginContext.invoke(LoginContext.java:850)
	at java.base/javax.security.auth.login.LoginContext$4.run(LoginContext.java:679)
	at java.base/javax.security.auth.login.LoginContext$4.run(LoginContext.java:677)
	at java.base/java.security.AccessController.doPrivileged(AccessController.java:712)
	at java.base/javax.security.auth.login.LoginContext.invokePriv(LoginContext.java:677)
	at java.base/javax.security.auth.login.LoginContext.login(LoginContext.java:587)
	at org.apache.hadoop.security.UserGroupInformation$HadoopLoginContext.login(UserGroupInformation.java:2065)
	at org.apache.hadoop.security.UserGroupInformation.doSubjectLogin(UserGroupInformation.java:1975)
	... 29 more

2025-05-23 10:03:45,260 ERROR Application failed: An error occurred while calling o40.csv.
: org.apache.hadoop.security.KerberosAuthException: failure to login: javax.security.auth.login.LoginException: java.lang.NullPointerException: invalid null input: name
	at jdk.security.auth/com.sun.security.auth.UnixPrincipal.<init>(UnixPrincipal.java:71)
	at jdk.security.auth/com.sun.security.auth.module.UnixLoginModule.login(UnixLoginModule.java:134)
	at java.base/javax.security.auth.login.LoginContext.invoke(LoginContext.java:755)
	at java.base/javax.security.auth.login.LoginContext$4.run(LoginContext.java:679)
	at java.base/javax.security.auth.login.LoginContext$4.run(LoginContext.java:677)
	at java.base/java.security.AccessController.doPrivileged(AccessController.java:712)
	at java.base/javax.security.auth.login.LoginContext.invokePriv(LoginContext.java:677)
	at java.base/javax.security.auth.login.LoginContext.login(LoginContext.java:587)
	at org.apache.hadoop.security.UserGroupInformation$HadoopLoginContext.login(UserGroupInformation.java:2065)
	at org.apache.hadoop.security.UserGroupInformation.doSubjectLogin(UserGroupInformation.java:1975)
	at org.apache.hadoop.security.UserGroupInformation.createLoginUser(UserGroupInformation.java:719)
	at org.apache.hadoop.security.UserGroupInformation.getLoginUser(UserGroupInformation.java:669)
	at org.apache.hadoop.security.UserGroupInformation.getCurrentUser(UserGroupInformation.java:579)
	at org.apache.hadoop.fs.FileSystem$Cache$Key.<init>(FileSystem.java:3746)
	at org.apache.hadoop.fs.FileSystem$Cache$Key.<init>(FileSystem.java:3736)
	at org.apache.hadoop.fs.FileSystem$Cache.get(FileSystem.java:3520)
	at org.apache.hadoop.fs.FileSystem.get(FileSystem.java:540)
	at org.apache.hadoop.fs.FileSystem.get(FileSystem.java:288)
	at org.apache.hadoop.fs.FileSystem.get(FileSystem.java:524)
	at org.apache.hadoop.fs.Path.getFileSystem(Path.java:365)
	at org.apache.spark.sql.execution.datasources.DataSource.sourceSchema(DataSource.scala:246)
	at org.apache.spark.sql.execution.datasources.DataSource.sourceInfo$lzycompute(DataSource.scala:118)
	at org.apache.spark.sql.execution.datasources.DataSource.sourceInfo(DataSource.scala:118)
	at org.apache.spark.sql.execution.streaming.StreamingRelation$.apply(StreamingRelation.scala:36)
	at org.apache.spark.sql.streaming.DataStreamReader.loadInternal(DataStreamReader.scala:198)
	at org.apache.spark.sql.streaming.DataStreamReader.load(DataStreamReader.scala:212)
	at org.apache.spark.sql.streaming.DataStreamReader.csv(DataStreamReader.scala:260)
	at java.base/jdk.internal.reflect.NativeMethodAccessorImpl.invoke0(Native Method)
	at java.base/jdk.internal.reflect.NativeMethodAccessorImpl.invoke(NativeMethodAccessorImpl.java:77)
	at java.base/jdk.internal.reflect.DelegatingMethodAccessorImpl.invoke(DelegatingMethodAccessorImpl.java:43)
	at java.base/java.lang.reflect.Method.invoke(Method.java:568)
	at py4j.reflection.MethodInvoker.invoke(MethodInvoker.java:244)
	at py4j.reflection.ReflectionEngine.invoke(ReflectionEngine.java:374)
	at py4j.Gateway.invoke(Gateway.java:282)
	at py4j.commands.AbstractCommand.invokeMethod(AbstractCommand.java:132)
	at py4j.commands.CallCommand.execute(CallCommand.java:79)
	at py4j.ClientServerConnection.waitForCommands(ClientServerConnection.java:182)
	at py4j.ClientServerConnection.run(ClientServerConnection.java:106)
	at java.base/java.lang.Thread.run(Thread.java:840)

	at org.apache.hadoop.security.UserGroupInformation.doSubjectLogin(UserGroupInformation.java:1986)
	at org.apache.hadoop.security.UserGroupInformation.createLoginUser(UserGroupInformation.java:719)
	at org.apache.hadoop.security.UserGroupInformation.getLoginUser(UserGroupInformation.java:669)
	at org.apache.hadoop.security.UserGroupInformation.getCurrentUser(UserGroupInformation.java:579)
	at org.apache.hadoop.fs.FileSystem$Cache$Key.<init>(FileSystem.java:3746)
	at org.apache.hadoop.fs.FileSystem$Cache$Key.<init>(FileSystem.java:3736)
	at org.apache.hadoop.fs.FileSystem$Cache.get(FileSystem.java:3520)
	at org.apache.hadoop.fs.FileSystem.get(FileSystem.java:540)
	at org.apache.hadoop.fs.FileSystem.get(FileSystem.java:288)
	at org.apache.hadoop.fs.FileSystem.get(FileSystem.java:524)
	at org.apache.hadoop.fs.Path.getFileSystem(Path.java:365)
	at org.apache.spark.sql.execution.datasources.DataSource.sourceSchema(DataSource.scala:246)
	at org.apache.spark.sql.execution.datasources.DataSource.sourceInfo$lzycompute(DataSource.scala:118)
	at org.apache.spark.sql.execution.datasources.DataSource.sourceInfo(DataSource.scala:118)
	at org.apache.spark.sql.execution.streaming.StreamingRelation$.apply(StreamingRelation.scala:36)
	at org.apache.spark.sql.streaming.DataStreamReader.loadInternal(DataStreamReader.scala:198)
	at org.apache.spark.sql.streaming.DataStreamReader.load(DataStreamReader.scala:212)
	at org.apache.spark.sql.streaming.DataStreamReader.csv(DataStreamReader.scala:260)
	at java.base/jdk.internal.reflect.NativeMethodAccessorImpl.invoke0(Native Method)
	at java.base/jdk.internal.reflect.NativeMethodAccessorImpl.invoke(NativeMethodAccessorImpl.java:77)
	at java.base/jdk.internal.reflect.DelegatingMethodAccessorImpl.invoke(DelegatingMethodAccessorImpl.java:43)
	at java.base/java.lang.reflect.Method.invoke(Method.java:568)
	at py4j.reflection.MethodInvoker.invoke(MethodInvoker.java:244)
	at py4j.reflection.ReflectionEngine.invoke(ReflectionEngine.java:374)
	at py4j.Gateway.invoke(Gateway.java:282)
	at py4j.commands.AbstractCommand.invokeMethod(AbstractCommand.java:132)
	at py4j.commands.CallCommand.execute(CallCommand.java:79)
	at py4j.ClientServerConnection.waitForCommands(ClientServerConnection.java:182)
	at py4j.ClientServerConnection.run(ClientServerConnection.java:106)
	at java.base/java.lang.Thread.run(Thread.java:840)
Caused by: javax.security.auth.login.LoginException: java.lang.NullPointerException: invalid null input: name
	at jdk.security.auth/com.sun.security.auth.UnixPrincipal.<init>(UnixPrincipal.java:71)
	at jdk.security.auth/com.sun.security.auth.module.UnixLoginModule.login(UnixLoginModule.java:134)
	at java.base/javax.security.auth.login.LoginContext.invoke(LoginContext.java:755)
	at java.base/javax.security.auth.login.LoginContext$4.run(LoginContext.java:679)
	at java.base/javax.security.auth.login.LoginContext$4.run(LoginContext.java:677)
	at java.base/java.security.AccessController.doPrivileged(AccessController.java:712)
	at java.base/javax.security.auth.login.LoginContext.invokePriv(LoginContext.java:677)
	at java.base/javax.security.auth.login.LoginContext.login(LoginContext.java:587)
	at org.apache.hadoop.security.UserGroupInformation$HadoopLoginContext.login(UserGroupInformation.java:2065)
	at org.apache.hadoop.security.UserGroupInformation.doSubjectLogin(UserGroupInformation.java:1975)
	at org.apache.hadoop.security.UserGroupInformation.createLoginUser(UserGroupInformation.java:719)
	at org.apache.hadoop.security.UserGroupInformation.getLoginUser(UserGroupInformation.java:669)
	at org.apache.hadoop.security.UserGroupInformation.getCurrentUser(UserGroupInformation.java:579)
	at org.apache.hadoop.fs.FileSystem$Cache$Key.<init>(FileSystem.java:3746)
	at org.apache.hadoop.fs.FileSystem$Cache$Key.<init>(FileSystem.java:3736)
	at org.apache.hadoop.fs.FileSystem$Cache.get(FileSystem.java:3520)
	at org.apache.hadoop.fs.FileSystem.get(FileSystem.java:540)
	at org.apache.hadoop.fs.FileSystem.get(FileSystem.java:288)
	at org.apache.hadoop.fs.FileSystem.get(FileSystem.java:524)
	at org.apache.hadoop.fs.Path.getFileSystem(Path.java:365)
	at org.apache.spark.sql.execution.datasources.DataSource.sourceSchema(DataSource.scala:246)
	at org.apache.spark.sql.execution.datasources.DataSource.sourceInfo$lzycompute(DataSource.scala:118)
	at org.apache.spark.sql.execution.datasources.DataSource.sourceInfo(DataSource.scala:118)
	at org.apache.spark.sql.execution.streaming.StreamingRelation$.apply(StreamingRelation.scala:36)
	at org.apache.spark.sql.streaming.DataStreamReader.loadInternal(DataStreamReader.scala:198)
	at org.apache.spark.sql.streaming.DataStreamReader.load(DataStreamReader.scala:212)
	at org.apache.spark.sql.streaming.DataStreamReader.csv(DataStreamReader.scala:260)
	at java.base/jdk.internal.reflect.NativeMethodAccessorImpl.invoke0(Native Method)
	at java.base/jdk.internal.reflect.NativeMethodAccessorImpl.invoke(NativeMethodAccessorImpl.java:77)
	at java.base/jdk.internal.reflect.DelegatingMethodAccessorImpl.invoke(DelegatingMethodAccessorImpl.java:43)
	at java.base/java.lang.reflect.Method.invoke(Method.java:568)
	at py4j.reflection.MethodInvoker.invoke(MethodInvoker.java:244)
	at py4j.reflection.ReflectionEngine.invoke(ReflectionEngine.java:374)
	at py4j.Gateway.invoke(Gateway.java:282)
	at py4j.commands.AbstractCommand.invokeMethod(AbstractCommand.java:132)
	at py4j.commands.CallCommand.execute(CallCommand.java:79)
	at py4j.ClientServerConnection.waitForCommands(ClientServerConnection.java:182)
	at py4j.ClientServerConnection.run(ClientServerConnection.java:106)
	at java.base/java.lang.Thread.run(Thread.java:840)

	at java.base/javax.security.auth.login.LoginContext.invoke(LoginContext.java:850)
	at java.base/javax.security.auth.login.LoginContext$4.run(LoginContext.java:679)
	at java.base/javax.security.auth.login.LoginContext$4.run(LoginContext.java:677)
	at java.base/java.security.AccessController.doPrivileged(AccessController.java:712)
	at java.base/javax.security.auth.login.LoginContext.invokePriv(LoginContext.java:677)
	at java.base/javax.security.auth.login.LoginContext.login(LoginContext.java:587)
	at org.apache.hadoop.security.UserGroupInformation$HadoopLoginContext.login(UserGroupInformation.java:2065)
	at org.apache.hadoop.security.UserGroupInformation.doSubjectLogin(UserGroupInformation.java:1975)
	... 29 more

2025-05-23 10:03:45,312 INFO Closing down clientserver connection
2025-05-23 10:03:54,120 INFO SparkSession initialized
2025-05-23 10:03:56,183 ERROR Failed to read streaming data: An error occurred while calling o40.csv.
: org.apache.hadoop.security.KerberosAuthException: failure to login: javax.security.auth.login.LoginException: java.lang.NullPointerException: invalid null input: name
	at jdk.security.auth/com.sun.security.auth.UnixPrincipal.<init>(UnixPrincipal.java:71)
	at jdk.security.auth/com.sun.security.auth.module.UnixLoginModule.login(UnixLoginModule.java:134)
	at java.base/javax.security.auth.login.LoginContext.invoke(LoginContext.java:755)
	at java.base/javax.security.auth.login.LoginContext$4.run(LoginContext.java:679)
	at java.base/javax.security.auth.login.LoginContext$4.run(LoginContext.java:677)
	at java.base/java.security.AccessController.doPrivileged(AccessController.java:712)
	at java.base/javax.security.auth.login.LoginContext.invokePriv(LoginContext.java:677)
	at java.base/javax.security.auth.login.LoginContext.login(LoginContext.java:587)
	at org.apache.hadoop.security.UserGroupInformation$HadoopLoginContext.login(UserGroupInformation.java:2065)
	at org.apache.hadoop.security.UserGroupInformation.doSubjectLogin(UserGroupInformation.java:1975)
	at org.apache.hadoop.security.UserGroupInformation.createLoginUser(UserGroupInformation.java:719)
	at org.apache.hadoop.security.UserGroupInformation.getLoginUser(UserGroupInformation.java:669)
	at org.apache.hadoop.security.UserGroupInformation.getCurrentUser(UserGroupInformation.java:579)
	at org.apache.hadoop.fs.FileSystem$Cache$Key.<init>(FileSystem.java:3746)
	at org.apache.hadoop.fs.FileSystem$Cache$Key.<init>(FileSystem.java:3736)
	at org.apache.hadoop.fs.FileSystem$Cache.get(FileSystem.java:3520)
	at org.apache.hadoop.fs.FileSystem.get(FileSystem.java:540)
	at org.apache.hadoop.fs.FileSystem.get(FileSystem.java:288)
	at org.apache.hadoop.fs.FileSystem.get(FileSystem.java:524)
	at org.apache.hadoop.fs.Path.getFileSystem(Path.java:365)
	at org.apache.spark.sql.execution.datasources.DataSource.sourceSchema(DataSource.scala:246)
	at org.apache.spark.sql.execution.datasources.DataSource.sourceInfo$lzycompute(DataSource.scala:118)
	at org.apache.spark.sql.execution.datasources.DataSource.sourceInfo(DataSource.scala:118)
	at org.apache.spark.sql.execution.streaming.StreamingRelation$.apply(StreamingRelation.scala:36)
	at org.apache.spark.sql.streaming.DataStreamReader.loadInternal(DataStreamReader.scala:198)
	at org.apache.spark.sql.streaming.DataStreamReader.load(DataStreamReader.scala:212)
	at org.apache.spark.sql.streaming.DataStreamReader.csv(DataStreamReader.scala:260)
	at java.base/jdk.internal.reflect.NativeMethodAccessorImpl.invoke0(Native Method)
	at java.base/jdk.internal.reflect.NativeMethodAccessorImpl.invoke(NativeMethodAccessorImpl.java:77)
	at java.base/jdk.internal.reflect.DelegatingMethodAccessorImpl.invoke(DelegatingMethodAccessorImpl.java:43)
	at java.base/java.lang.reflect.Method.invoke(Method.java:568)
	at py4j.reflection.MethodInvoker.invoke(MethodInvoker.java:244)
	at py4j.reflection.ReflectionEngine.invoke(ReflectionEngine.java:374)
	at py4j.Gateway.invoke(Gateway.java:282)
	at py4j.commands.AbstractCommand.invokeMethod(AbstractCommand.java:132)
	at py4j.commands.CallCommand.execute(CallCommand.java:79)
	at py4j.ClientServerConnection.waitForCommands(ClientServerConnection.java:182)
	at py4j.ClientServerConnection.run(ClientServerConnection.java:106)
	at java.base/java.lang.Thread.run(Thread.java:840)

	at org.apache.hadoop.security.UserGroupInformation.doSubjectLogin(UserGroupInformation.java:1986)
	at org.apache.hadoop.security.UserGroupInformation.createLoginUser(UserGroupInformation.java:719)
	at org.apache.hadoop.security.UserGroupInformation.getLoginUser(UserGroupInformation.java:669)
	at org.apache.hadoop.security.UserGroupInformation.getCurrentUser(UserGroupInformation.java:579)
	at org.apache.hadoop.fs.FileSystem$Cache$Key.<init>(FileSystem.java:3746)
	at org.apache.hadoop.fs.FileSystem$Cache$Key.<init>(FileSystem.java:3736)
	at org.apache.hadoop.fs.FileSystem$Cache.get(FileSystem.java:3520)
	at org.apache.hadoop.fs.FileSystem.get(FileSystem.java:540)
	at org.apache.hadoop.fs.FileSystem.get(FileSystem.java:288)
	at org.apache.hadoop.fs.FileSystem.get(FileSystem.java:524)
	at org.apache.hadoop.fs.Path.getFileSystem(Path.java:365)
	at org.apache.spark.sql.execution.datasources.DataSource.sourceSchema(DataSource.scala:246)
	at org.apache.spark.sql.execution.datasources.DataSource.sourceInfo$lzycompute(DataSource.scala:118)
	at org.apache.spark.sql.execution.datasources.DataSource.sourceInfo(DataSource.scala:118)
	at org.apache.spark.sql.execution.streaming.StreamingRelation$.apply(StreamingRelation.scala:36)
	at org.apache.spark.sql.streaming.DataStreamReader.loadInternal(DataStreamReader.scala:198)
	at org.apache.spark.sql.streaming.DataStreamReader.load(DataStreamReader.scala:212)
	at org.apache.spark.sql.streaming.DataStreamReader.csv(DataStreamReader.scala:260)
	at java.base/jdk.internal.reflect.NativeMethodAccessorImpl.invoke0(Native Method)
	at java.base/jdk.internal.reflect.NativeMethodAccessorImpl.invoke(NativeMethodAccessorImpl.java:77)
	at java.base/jdk.internal.reflect.DelegatingMethodAccessorImpl.invoke(DelegatingMethodAccessorImpl.java:43)
	at java.base/java.lang.reflect.Method.invoke(Method.java:568)
	at py4j.reflection.MethodInvoker.invoke(MethodInvoker.java:244)
	at py4j.reflection.ReflectionEngine.invoke(ReflectionEngine.java:374)
	at py4j.Gateway.invoke(Gateway.java:282)
	at py4j.commands.AbstractCommand.invokeMethod(AbstractCommand.java:132)
	at py4j.commands.CallCommand.execute(CallCommand.java:79)
	at py4j.ClientServerConnection.waitForCommands(ClientServerConnection.java:182)
	at py4j.ClientServerConnection.run(ClientServerConnection.java:106)
	at java.base/java.lang.Thread.run(Thread.java:840)
Caused by: javax.security.auth.login.LoginException: java.lang.NullPointerException: invalid null input: name
	at jdk.security.auth/com.sun.security.auth.UnixPrincipal.<init>(UnixPrincipal.java:71)
	at jdk.security.auth/com.sun.security.auth.module.UnixLoginModule.login(UnixLoginModule.java:134)
	at java.base/javax.security.auth.login.LoginContext.invoke(LoginContext.java:755)
	at java.base/javax.security.auth.login.LoginContext$4.run(LoginContext.java:679)
	at java.base/javax.security.auth.login.LoginContext$4.run(LoginContext.java:677)
	at java.base/java.security.AccessController.doPrivileged(AccessController.java:712)
	at java.base/javax.security.auth.login.LoginContext.invokePriv(LoginContext.java:677)
	at java.base/javax.security.auth.login.LoginContext.login(LoginContext.java:587)
	at org.apache.hadoop.security.UserGroupInformation$HadoopLoginContext.login(UserGroupInformation.java:2065)
	at org.apache.hadoop.security.UserGroupInformation.doSubjectLogin(UserGroupInformation.java:1975)
	at org.apache.hadoop.security.UserGroupInformation.createLoginUser(UserGroupInformation.java:719)
	at org.apache.hadoop.security.UserGroupInformation.getLoginUser(UserGroupInformation.java:669)
	at org.apache.hadoop.security.UserGroupInformation.getCurrentUser(UserGroupInformation.java:579)
	at org.apache.hadoop.fs.FileSystem$Cache$Key.<init>(FileSystem.java:3746)
	at org.apache.hadoop.fs.FileSystem$Cache$Key.<init>(FileSystem.java:3736)
	at org.apache.hadoop.fs.FileSystem$Cache.get(FileSystem.java:3520)
	at org.apache.hadoop.fs.FileSystem.get(FileSystem.java:540)
	at org.apache.hadoop.fs.FileSystem.get(FileSystem.java:288)
	at org.apache.hadoop.fs.FileSystem.get(FileSystem.java:524)
	at org.apache.hadoop.fs.Path.getFileSystem(Path.java:365)
	at org.apache.spark.sql.execution.datasources.DataSource.sourceSchema(DataSource.scala:246)
	at org.apache.spark.sql.execution.datasources.DataSource.sourceInfo$lzycompute(DataSource.scala:118)
	at org.apache.spark.sql.execution.datasources.DataSource.sourceInfo(DataSource.scala:118)
	at org.apache.spark.sql.execution.streaming.StreamingRelation$.apply(StreamingRelation.scala:36)
	at org.apache.spark.sql.streaming.DataStreamReader.loadInternal(DataStreamReader.scala:198)
	at org.apache.spark.sql.streaming.DataStreamReader.load(DataStreamReader.scala:212)
	at org.apache.spark.sql.streaming.DataStreamReader.csv(DataStreamReader.scala:260)
	at java.base/jdk.internal.reflect.NativeMethodAccessorImpl.invoke0(Native Method)
	at java.base/jdk.internal.reflect.NativeMethodAccessorImpl.invoke(NativeMethodAccessorImpl.java:77)
	at java.base/jdk.internal.reflect.DelegatingMethodAccessorImpl.invoke(DelegatingMethodAccessorImpl.java:43)
	at java.base/java.lang.reflect.Method.invoke(Method.java:568)
	at py4j.reflection.MethodInvoker.invoke(MethodInvoker.java:244)
	at py4j.reflection.ReflectionEngine.invoke(ReflectionEngine.java:374)
	at py4j.Gateway.invoke(Gateway.java:282)
	at py4j.commands.AbstractCommand.invokeMethod(AbstractCommand.java:132)
	at py4j.commands.CallCommand.execute(CallCommand.java:79)
	at py4j.ClientServerConnection.waitForCommands(ClientServerConnection.java:182)
	at py4j.ClientServerConnection.run(ClientServerConnection.java:106)
	at java.base/java.lang.Thread.run(Thread.java:840)

	at java.base/javax.security.auth.login.LoginContext.invoke(LoginContext.java:850)
	at java.base/javax.security.auth.login.LoginContext$4.run(LoginContext.java:679)
	at java.base/javax.security.auth.login.LoginContext$4.run(LoginContext.java:677)
	at java.base/java.security.AccessController.doPrivileged(AccessController.java:712)
	at java.base/javax.security.auth.login.LoginContext.invokePriv(LoginContext.java:677)
	at java.base/javax.security.auth.login.LoginContext.login(LoginContext.java:587)
	at org.apache.hadoop.security.UserGroupInformation$HadoopLoginContext.login(UserGroupInformation.java:2065)
	at org.apache.hadoop.security.UserGroupInformation.doSubjectLogin(UserGroupInformation.java:1975)
	... 29 more

2025-05-23 10:03:56,783 ERROR Application failed: An error occurred while calling o40.csv.
: org.apache.hadoop.security.KerberosAuthException: failure to login: javax.security.auth.login.LoginException: java.lang.NullPointerException: invalid null input: name
	at jdk.security.auth/com.sun.security.auth.UnixPrincipal.<init>(UnixPrincipal.java:71)
	at jdk.security.auth/com.sun.security.auth.module.UnixLoginModule.login(UnixLoginModule.java:134)
	at java.base/javax.security.auth.login.LoginContext.invoke(LoginContext.java:755)
	at java.base/javax.security.auth.login.LoginContext$4.run(LoginContext.java:679)
	at java.base/javax.security.auth.login.LoginContext$4.run(LoginContext.java:677)
	at java.base/java.security.AccessController.doPrivileged(AccessController.java:712)
	at java.base/javax.security.auth.login.LoginContext.invokePriv(LoginContext.java:677)
	at java.base/javax.security.auth.login.LoginContext.login(LoginContext.java:587)
	at org.apache.hadoop.security.UserGroupInformation$HadoopLoginContext.login(UserGroupInformation.java:2065)
	at org.apache.hadoop.security.UserGroupInformation.doSubjectLogin(UserGroupInformation.java:1975)
	at org.apache.hadoop.security.UserGroupInformation.createLoginUser(UserGroupInformation.java:719)
	at org.apache.hadoop.security.UserGroupInformation.getLoginUser(UserGroupInformation.java:669)
	at org.apache.hadoop.security.UserGroupInformation.getCurrentUser(UserGroupInformation.java:579)
	at org.apache.hadoop.fs.FileSystem$Cache$Key.<init>(FileSystem.java:3746)
	at org.apache.hadoop.fs.FileSystem$Cache$Key.<init>(FileSystem.java:3736)
	at org.apache.hadoop.fs.FileSystem$Cache.get(FileSystem.java:3520)
	at org.apache.hadoop.fs.FileSystem.get(FileSystem.java:540)
	at org.apache.hadoop.fs.FileSystem.get(FileSystem.java:288)
	at org.apache.hadoop.fs.FileSystem.get(FileSystem.java:524)
	at org.apache.hadoop.fs.Path.getFileSystem(Path.java:365)
	at org.apache.spark.sql.execution.datasources.DataSource.sourceSchema(DataSource.scala:246)
	at org.apache.spark.sql.execution.datasources.DataSource.sourceInfo$lzycompute(DataSource.scala:118)
	at org.apache.spark.sql.execution.datasources.DataSource.sourceInfo(DataSource.scala:118)
	at org.apache.spark.sql.execution.streaming.StreamingRelation$.apply(StreamingRelation.scala:36)
	at org.apache.spark.sql.streaming.DataStreamReader.loadInternal(DataStreamReader.scala:198)
	at org.apache.spark.sql.streaming.DataStreamReader.load(DataStreamReader.scala:212)
	at org.apache.spark.sql.streaming.DataStreamReader.csv(DataStreamReader.scala:260)
	at java.base/jdk.internal.reflect.NativeMethodAccessorImpl.invoke0(Native Method)
	at java.base/jdk.internal.reflect.NativeMethodAccessorImpl.invoke(NativeMethodAccessorImpl.java:77)
	at java.base/jdk.internal.reflect.DelegatingMethodAccessorImpl.invoke(DelegatingMethodAccessorImpl.java:43)
	at java.base/java.lang.reflect.Method.invoke(Method.java:568)
	at py4j.reflection.MethodInvoker.invoke(MethodInvoker.java:244)
	at py4j.reflection.ReflectionEngine.invoke(ReflectionEngine.java:374)
	at py4j.Gateway.invoke(Gateway.java:282)
	at py4j.commands.AbstractCommand.invokeMethod(AbstractCommand.java:132)
	at py4j.commands.CallCommand.execute(CallCommand.java:79)
	at py4j.ClientServerConnection.waitForCommands(ClientServerConnection.java:182)
	at py4j.ClientServerConnection.run(ClientServerConnection.java:106)
	at java.base/java.lang.Thread.run(Thread.java:840)

	at org.apache.hadoop.security.UserGroupInformation.doSubjectLogin(UserGroupInformation.java:1986)
	at org.apache.hadoop.security.UserGroupInformation.createLoginUser(UserGroupInformation.java:719)
	at org.apache.hadoop.security.UserGroupInformation.getLoginUser(UserGroupInformation.java:669)
	at org.apache.hadoop.security.UserGroupInformation.getCurrentUser(UserGroupInformation.java:579)
	at org.apache.hadoop.fs.FileSystem$Cache$Key.<init>(FileSystem.java:3746)
	at org.apache.hadoop.fs.FileSystem$Cache$Key.<init>(FileSystem.java:3736)
	at org.apache.hadoop.fs.FileSystem$Cache.get(FileSystem.java:3520)
	at org.apache.hadoop.fs.FileSystem.get(FileSystem.java:540)
	at org.apache.hadoop.fs.FileSystem.get(FileSystem.java:288)
	at org.apache.hadoop.fs.FileSystem.get(FileSystem.java:524)
	at org.apache.hadoop.fs.Path.getFileSystem(Path.java:365)
	at org.apache.spark.sql.execution.datasources.DataSource.sourceSchema(DataSource.scala:246)
	at org.apache.spark.sql.execution.datasources.DataSource.sourceInfo$lzycompute(DataSource.scala:118)
	at org.apache.spark.sql.execution.datasources.DataSource.sourceInfo(DataSource.scala:118)
	at org.apache.spark.sql.execution.streaming.StreamingRelation$.apply(StreamingRelation.scala:36)
	at org.apache.spark.sql.streaming.DataStreamReader.loadInternal(DataStreamReader.scala:198)
	at org.apache.spark.sql.streaming.DataStreamReader.load(DataStreamReader.scala:212)
	at org.apache.spark.sql.streaming.DataStreamReader.csv(DataStreamReader.scala:260)
	at java.base/jdk.internal.reflect.NativeMethodAccessorImpl.invoke0(Native Method)
	at java.base/jdk.internal.reflect.NativeMethodAccessorImpl.invoke(NativeMethodAccessorImpl.java:77)
	at java.base/jdk.internal.reflect.DelegatingMethodAccessorImpl.invoke(DelegatingMethodAccessorImpl.java:43)
	at java.base/java.lang.reflect.Method.invoke(Method.java:568)
	at py4j.reflection.MethodInvoker.invoke(MethodInvoker.java:244)
	at py4j.reflection.ReflectionEngine.invoke(ReflectionEngine.java:374)
	at py4j.Gateway.invoke(Gateway.java:282)
	at py4j.commands.AbstractCommand.invokeMethod(AbstractCommand.java:132)
	at py4j.commands.CallCommand.execute(CallCommand.java:79)
	at py4j.ClientServerConnection.waitForCommands(ClientServerConnection.java:182)
	at py4j.ClientServerConnection.run(ClientServerConnection.java:106)
	at java.base/java.lang.Thread.run(Thread.java:840)
Caused by: javax.security.auth.login.LoginException: java.lang.NullPointerException: invalid null input: name
	at jdk.security.auth/com.sun.security.auth.UnixPrincipal.<init>(UnixPrincipal.java:71)
	at jdk.security.auth/com.sun.security.auth.module.UnixLoginModule.login(UnixLoginModule.java:134)
	at java.base/javax.security.auth.login.LoginContext.invoke(LoginContext.java:755)
	at java.base/javax.security.auth.login.LoginContext$4.run(LoginContext.java:679)
	at java.base/javax.security.auth.login.LoginContext$4.run(LoginContext.java:677)
	at java.base/java.security.AccessController.doPrivileged(AccessController.java:712)
	at java.base/javax.security.auth.login.LoginContext.invokePriv(LoginContext.java:677)
	at java.base/javax.security.auth.login.LoginContext.login(LoginContext.java:587)
	at org.apache.hadoop.security.UserGroupInformation$HadoopLoginContext.login(UserGroupInformation.java:2065)
	at org.apache.hadoop.security.UserGroupInformation.doSubjectLogin(UserGroupInformation.java:1975)
	at org.apache.hadoop.security.UserGroupInformation.createLoginUser(UserGroupInformation.java:719)
	at org.apache.hadoop.security.UserGroupInformation.getLoginUser(UserGroupInformation.java:669)
	at org.apache.hadoop.security.UserGroupInformation.getCurrentUser(UserGroupInformation.java:579)
	at org.apache.hadoop.fs.FileSystem$Cache$Key.<init>(FileSystem.java:3746)
	at org.apache.hadoop.fs.FileSystem$Cache$Key.<init>(FileSystem.java:3736)
	at org.apache.hadoop.fs.FileSystem$Cache.get(FileSystem.java:3520)
	at org.apache.hadoop.fs.FileSystem.get(FileSystem.java:540)
	at org.apache.hadoop.fs.FileSystem.get(FileSystem.java:288)
	at org.apache.hadoop.fs.FileSystem.get(FileSystem.java:524)
	at org.apache.hadoop.fs.Path.getFileSystem(Path.java:365)
	at org.apache.spark.sql.execution.datasources.DataSource.sourceSchema(DataSource.scala:246)
	at org.apache.spark.sql.execution.datasources.DataSource.sourceInfo$lzycompute(DataSource.scala:118)
	at org.apache.spark.sql.execution.datasources.DataSource.sourceInfo(DataSource.scala:118)
	at org.apache.spark.sql.execution.streaming.StreamingRelation$.apply(StreamingRelation.scala:36)
	at org.apache.spark.sql.streaming.DataStreamReader.loadInternal(DataStreamReader.scala:198)
	at org.apache.spark.sql.streaming.DataStreamReader.load(DataStreamReader.scala:212)
	at org.apache.spark.sql.streaming.DataStreamReader.csv(DataStreamReader.scala:260)
	at java.base/jdk.internal.reflect.NativeMethodAccessorImpl.invoke0(Native Method)
	at java.base/jdk.internal.reflect.NativeMethodAccessorImpl.invoke(NativeMethodAccessorImpl.java:77)
	at java.base/jdk.internal.reflect.DelegatingMethodAccessorImpl.invoke(DelegatingMethodAccessorImpl.java:43)
	at java.base/java.lang.reflect.Method.invoke(Method.java:568)
	at py4j.reflection.MethodInvoker.invoke(MethodInvoker.java:244)
	at py4j.reflection.ReflectionEngine.invoke(ReflectionEngine.java:374)
	at py4j.Gateway.invoke(Gateway.java:282)
	at py4j.commands.AbstractCommand.invokeMethod(AbstractCommand.java:132)
	at py4j.commands.CallCommand.execute(CallCommand.java:79)
	at py4j.ClientServerConnection.waitForCommands(ClientServerConnection.java:182)
	at py4j.ClientServerConnection.run(ClientServerConnection.java:106)
	at java.base/java.lang.Thread.run(Thread.java:840)

	at java.base/javax.security.auth.login.LoginContext.invoke(LoginContext.java:850)
	at java.base/javax.security.auth.login.LoginContext$4.run(LoginContext.java:679)
	at java.base/javax.security.auth.login.LoginContext$4.run(LoginContext.java:677)
	at java.base/java.security.AccessController.doPrivileged(AccessController.java:712)
	at java.base/javax.security.auth.login.LoginContext.invokePriv(LoginContext.java:677)
	at java.base/javax.security.auth.login.LoginContext.login(LoginContext.java:587)
	at org.apache.hadoop.security.UserGroupInformation$HadoopLoginContext.login(UserGroupInformation.java:2065)
	at org.apache.hadoop.security.UserGroupInformation.doSubjectLogin(UserGroupInformation.java:1975)
	... 29 more

2025-05-23 10:03:56,837 INFO Closing down clientserver connection
2025-05-23 10:04:06,791 INFO SparkSession initialized
2025-05-23 10:04:09,223 ERROR Failed to read streaming data: An error occurred while calling o40.csv.
: org.apache.hadoop.security.KerberosAuthException: failure to login: javax.security.auth.login.LoginException: java.lang.NullPointerException: invalid null input: name
	at jdk.security.auth/com.sun.security.auth.UnixPrincipal.<init>(UnixPrincipal.java:71)
	at jdk.security.auth/com.sun.security.auth.module.UnixLoginModule.login(UnixLoginModule.java:134)
	at java.base/javax.security.auth.login.LoginContext.invoke(LoginContext.java:755)
	at java.base/javax.security.auth.login.LoginContext$4.run(LoginContext.java:679)
	at java.base/javax.security.auth.login.LoginContext$4.run(LoginContext.java:677)
	at java.base/java.security.AccessController.doPrivileged(AccessController.java:712)
	at java.base/javax.security.auth.login.LoginContext.invokePriv(LoginContext.java:677)
	at java.base/javax.security.auth.login.LoginContext.login(LoginContext.java:587)
	at org.apache.hadoop.security.UserGroupInformation$HadoopLoginContext.login(UserGroupInformation.java:2065)
	at org.apache.hadoop.security.UserGroupInformation.doSubjectLogin(UserGroupInformation.java:1975)
	at org.apache.hadoop.security.UserGroupInformation.createLoginUser(UserGroupInformation.java:719)
	at org.apache.hadoop.security.UserGroupInformation.getLoginUser(UserGroupInformation.java:669)
	at org.apache.hadoop.security.UserGroupInformation.getCurrentUser(UserGroupInformation.java:579)
	at org.apache.hadoop.fs.FileSystem$Cache$Key.<init>(FileSystem.java:3746)
	at org.apache.hadoop.fs.FileSystem$Cache$Key.<init>(FileSystem.java:3736)
	at org.apache.hadoop.fs.FileSystem$Cache.get(FileSystem.java:3520)
	at org.apache.hadoop.fs.FileSystem.get(FileSystem.java:540)
	at org.apache.hadoop.fs.FileSystem.get(FileSystem.java:288)
	at org.apache.hadoop.fs.FileSystem.get(FileSystem.java:524)
	at org.apache.hadoop.fs.Path.getFileSystem(Path.java:365)
	at org.apache.spark.sql.execution.datasources.DataSource.sourceSchema(DataSource.scala:246)
	at org.apache.spark.sql.execution.datasources.DataSource.sourceInfo$lzycompute(DataSource.scala:118)
	at org.apache.spark.sql.execution.datasources.DataSource.sourceInfo(DataSource.scala:118)
	at org.apache.spark.sql.execution.streaming.StreamingRelation$.apply(StreamingRelation.scala:36)
	at org.apache.spark.sql.streaming.DataStreamReader.loadInternal(DataStreamReader.scala:198)
	at org.apache.spark.sql.streaming.DataStreamReader.load(DataStreamReader.scala:212)
	at org.apache.spark.sql.streaming.DataStreamReader.csv(DataStreamReader.scala:260)
	at java.base/jdk.internal.reflect.NativeMethodAccessorImpl.invoke0(Native Method)
	at java.base/jdk.internal.reflect.NativeMethodAccessorImpl.invoke(NativeMethodAccessorImpl.java:77)
	at java.base/jdk.internal.reflect.DelegatingMethodAccessorImpl.invoke(DelegatingMethodAccessorImpl.java:43)
	at java.base/java.lang.reflect.Method.invoke(Method.java:568)
	at py4j.reflection.MethodInvoker.invoke(MethodInvoker.java:244)
	at py4j.reflection.ReflectionEngine.invoke(ReflectionEngine.java:374)
	at py4j.Gateway.invoke(Gateway.java:282)
	at py4j.commands.AbstractCommand.invokeMethod(AbstractCommand.java:132)
	at py4j.commands.CallCommand.execute(CallCommand.java:79)
	at py4j.ClientServerConnection.waitForCommands(ClientServerConnection.java:182)
	at py4j.ClientServerConnection.run(ClientServerConnection.java:106)
	at java.base/java.lang.Thread.run(Thread.java:840)

	at org.apache.hadoop.security.UserGroupInformation.doSubjectLogin(UserGroupInformation.java:1986)
	at org.apache.hadoop.security.UserGroupInformation.createLoginUser(UserGroupInformation.java:719)
	at org.apache.hadoop.security.UserGroupInformation.getLoginUser(UserGroupInformation.java:669)
	at org.apache.hadoop.security.UserGroupInformation.getCurrentUser(UserGroupInformation.java:579)
	at org.apache.hadoop.fs.FileSystem$Cache$Key.<init>(FileSystem.java:3746)
	at org.apache.hadoop.fs.FileSystem$Cache$Key.<init>(FileSystem.java:3736)
	at org.apache.hadoop.fs.FileSystem$Cache.get(FileSystem.java:3520)
	at org.apache.hadoop.fs.FileSystem.get(FileSystem.java:540)
	at org.apache.hadoop.fs.FileSystem.get(FileSystem.java:288)
	at org.apache.hadoop.fs.FileSystem.get(FileSystem.java:524)
	at org.apache.hadoop.fs.Path.getFileSystem(Path.java:365)
	at org.apache.spark.sql.execution.datasources.DataSource.sourceSchema(DataSource.scala:246)
	at org.apache.spark.sql.execution.datasources.DataSource.sourceInfo$lzycompute(DataSource.scala:118)
	at org.apache.spark.sql.execution.datasources.DataSource.sourceInfo(DataSource.scala:118)
	at org.apache.spark.sql.execution.streaming.StreamingRelation$.apply(StreamingRelation.scala:36)
	at org.apache.spark.sql.streaming.DataStreamReader.loadInternal(DataStreamReader.scala:198)
	at org.apache.spark.sql.streaming.DataStreamReader.load(DataStreamReader.scala:212)
	at org.apache.spark.sql.streaming.DataStreamReader.csv(DataStreamReader.scala:260)
	at java.base/jdk.internal.reflect.NativeMethodAccessorImpl.invoke0(Native Method)
	at java.base/jdk.internal.reflect.NativeMethodAccessorImpl.invoke(NativeMethodAccessorImpl.java:77)
	at java.base/jdk.internal.reflect.DelegatingMethodAccessorImpl.invoke(DelegatingMethodAccessorImpl.java:43)
	at java.base/java.lang.reflect.Method.invoke(Method.java:568)
	at py4j.reflection.MethodInvoker.invoke(MethodInvoker.java:244)
	at py4j.reflection.ReflectionEngine.invoke(ReflectionEngine.java:374)
	at py4j.Gateway.invoke(Gateway.java:282)
	at py4j.commands.AbstractCommand.invokeMethod(AbstractCommand.java:132)
	at py4j.commands.CallCommand.execute(CallCommand.java:79)
	at py4j.ClientServerConnection.waitForCommands(ClientServerConnection.java:182)
	at py4j.ClientServerConnection.run(ClientServerConnection.java:106)
	at java.base/java.lang.Thread.run(Thread.java:840)
Caused by: javax.security.auth.login.LoginException: java.lang.NullPointerException: invalid null input: name
	at jdk.security.auth/com.sun.security.auth.UnixPrincipal.<init>(UnixPrincipal.java:71)
	at jdk.security.auth/com.sun.security.auth.module.UnixLoginModule.login(UnixLoginModule.java:134)
	at java.base/javax.security.auth.login.LoginContext.invoke(LoginContext.java:755)
	at java.base/javax.security.auth.login.LoginContext$4.run(LoginContext.java:679)
	at java.base/javax.security.auth.login.LoginContext$4.run(LoginContext.java:677)
	at java.base/java.security.AccessController.doPrivileged(AccessController.java:712)
	at java.base/javax.security.auth.login.LoginContext.invokePriv(LoginContext.java:677)
	at java.base/javax.security.auth.login.LoginContext.login(LoginContext.java:587)
	at org.apache.hadoop.security.UserGroupInformation$HadoopLoginContext.login(UserGroupInformation.java:2065)
	at org.apache.hadoop.security.UserGroupInformation.doSubjectLogin(UserGroupInformation.java:1975)
	at org.apache.hadoop.security.UserGroupInformation.createLoginUser(UserGroupInformation.java:719)
	at org.apache.hadoop.security.UserGroupInformation.getLoginUser(UserGroupInformation.java:669)
	at org.apache.hadoop.security.UserGroupInformation.getCurrentUser(UserGroupInformation.java:579)
	at org.apache.hadoop.fs.FileSystem$Cache$Key.<init>(FileSystem.java:3746)
	at org.apache.hadoop.fs.FileSystem$Cache$Key.<init>(FileSystem.java:3736)
	at org.apache.hadoop.fs.FileSystem$Cache.get(FileSystem.java:3520)
	at org.apache.hadoop.fs.FileSystem.get(FileSystem.java:540)
	at org.apache.hadoop.fs.FileSystem.get(FileSystem.java:288)
	at org.apache.hadoop.fs.FileSystem.get(FileSystem.java:524)
	at org.apache.hadoop.fs.Path.getFileSystem(Path.java:365)
	at org.apache.spark.sql.execution.datasources.DataSource.sourceSchema(DataSource.scala:246)
	at org.apache.spark.sql.execution.datasources.DataSource.sourceInfo$lzycompute(DataSource.scala:118)
	at org.apache.spark.sql.execution.datasources.DataSource.sourceInfo(DataSource.scala:118)
	at org.apache.spark.sql.execution.streaming.StreamingRelation$.apply(StreamingRelation.scala:36)
	at org.apache.spark.sql.streaming.DataStreamReader.loadInternal(DataStreamReader.scala:198)
	at org.apache.spark.sql.streaming.DataStreamReader.load(DataStreamReader.scala:212)
	at org.apache.spark.sql.streaming.DataStreamReader.csv(DataStreamReader.scala:260)
	at java.base/jdk.internal.reflect.NativeMethodAccessorImpl.invoke0(Native Method)
	at java.base/jdk.internal.reflect.NativeMethodAccessorImpl.invoke(NativeMethodAccessorImpl.java:77)
	at java.base/jdk.internal.reflect.DelegatingMethodAccessorImpl.invoke(DelegatingMethodAccessorImpl.java:43)
	at java.base/java.lang.reflect.Method.invoke(Method.java:568)
	at py4j.reflection.MethodInvoker.invoke(MethodInvoker.java:244)
	at py4j.reflection.ReflectionEngine.invoke(ReflectionEngine.java:374)
	at py4j.Gateway.invoke(Gateway.java:282)
	at py4j.commands.AbstractCommand.invokeMethod(AbstractCommand.java:132)
	at py4j.commands.CallCommand.execute(CallCommand.java:79)
	at py4j.ClientServerConnection.waitForCommands(ClientServerConnection.java:182)
	at py4j.ClientServerConnection.run(ClientServerConnection.java:106)
	at java.base/java.lang.Thread.run(Thread.java:840)

	at java.base/javax.security.auth.login.LoginContext.invoke(LoginContext.java:850)
	at java.base/javax.security.auth.login.LoginContext$4.run(LoginContext.java:679)
	at java.base/javax.security.auth.login.LoginContext$4.run(LoginContext.java:677)
	at java.base/java.security.AccessController.doPrivileged(AccessController.java:712)
	at java.base/javax.security.auth.login.LoginContext.invokePriv(LoginContext.java:677)
	at java.base/javax.security.auth.login.LoginContext.login(LoginContext.java:587)
	at org.apache.hadoop.security.UserGroupInformation$HadoopLoginContext.login(UserGroupInformation.java:2065)
	at org.apache.hadoop.security.UserGroupInformation.doSubjectLogin(UserGroupInformation.java:1975)
	... 29 more

2025-05-23 10:04:09,553 ERROR Application failed: An error occurred while calling o40.csv.
: org.apache.hadoop.security.KerberosAuthException: failure to login: javax.security.auth.login.LoginException: java.lang.NullPointerException: invalid null input: name
	at jdk.security.auth/com.sun.security.auth.UnixPrincipal.<init>(UnixPrincipal.java:71)
	at jdk.security.auth/com.sun.security.auth.module.UnixLoginModule.login(UnixLoginModule.java:134)
	at java.base/javax.security.auth.login.LoginContext.invoke(LoginContext.java:755)
	at java.base/javax.security.auth.login.LoginContext$4.run(LoginContext.java:679)
	at java.base/javax.security.auth.login.LoginContext$4.run(LoginContext.java:677)
	at java.base/java.security.AccessController.doPrivileged(AccessController.java:712)
	at java.base/javax.security.auth.login.LoginContext.invokePriv(LoginContext.java:677)
	at java.base/javax.security.auth.login.LoginContext.login(LoginContext.java:587)
	at org.apache.hadoop.security.UserGroupInformation$HadoopLoginContext.login(UserGroupInformation.java:2065)
	at org.apache.hadoop.security.UserGroupInformation.doSubjectLogin(UserGroupInformation.java:1975)
	at org.apache.hadoop.security.UserGroupInformation.createLoginUser(UserGroupInformation.java:719)
	at org.apache.hadoop.security.UserGroupInformation.getLoginUser(UserGroupInformation.java:669)
	at org.apache.hadoop.security.UserGroupInformation.getCurrentUser(UserGroupInformation.java:579)
	at org.apache.hadoop.fs.FileSystem$Cache$Key.<init>(FileSystem.java:3746)
	at org.apache.hadoop.fs.FileSystem$Cache$Key.<init>(FileSystem.java:3736)
	at org.apache.hadoop.fs.FileSystem$Cache.get(FileSystem.java:3520)
	at org.apache.hadoop.fs.FileSystem.get(FileSystem.java:540)
	at org.apache.hadoop.fs.FileSystem.get(FileSystem.java:288)
	at org.apache.hadoop.fs.FileSystem.get(FileSystem.java:524)
	at org.apache.hadoop.fs.Path.getFileSystem(Path.java:365)
	at org.apache.spark.sql.execution.datasources.DataSource.sourceSchema(DataSource.scala:246)
	at org.apache.spark.sql.execution.datasources.DataSource.sourceInfo$lzycompute(DataSource.scala:118)
	at org.apache.spark.sql.execution.datasources.DataSource.sourceInfo(DataSource.scala:118)
	at org.apache.spark.sql.execution.streaming.StreamingRelation$.apply(StreamingRelation.scala:36)
	at org.apache.spark.sql.streaming.DataStreamReader.loadInternal(DataStreamReader.scala:198)
	at org.apache.spark.sql.streaming.DataStreamReader.load(DataStreamReader.scala:212)
	at org.apache.spark.sql.streaming.DataStreamReader.csv(DataStreamReader.scala:260)
	at java.base/jdk.internal.reflect.NativeMethodAccessorImpl.invoke0(Native Method)
	at java.base/jdk.internal.reflect.NativeMethodAccessorImpl.invoke(NativeMethodAccessorImpl.java:77)
	at java.base/jdk.internal.reflect.DelegatingMethodAccessorImpl.invoke(DelegatingMethodAccessorImpl.java:43)
	at java.base/java.lang.reflect.Method.invoke(Method.java:568)
	at py4j.reflection.MethodInvoker.invoke(MethodInvoker.java:244)
	at py4j.reflection.ReflectionEngine.invoke(ReflectionEngine.java:374)
	at py4j.Gateway.invoke(Gateway.java:282)
	at py4j.commands.AbstractCommand.invokeMethod(AbstractCommand.java:132)
	at py4j.commands.CallCommand.execute(CallCommand.java:79)
	at py4j.ClientServerConnection.waitForCommands(ClientServerConnection.java:182)
	at py4j.ClientServerConnection.run(ClientServerConnection.java:106)
	at java.base/java.lang.Thread.run(Thread.java:840)

	at org.apache.hadoop.security.UserGroupInformation.doSubjectLogin(UserGroupInformation.java:1986)
	at org.apache.hadoop.security.UserGroupInformation.createLoginUser(UserGroupInformation.java:719)
	at org.apache.hadoop.security.UserGroupInformation.getLoginUser(UserGroupInformation.java:669)
	at org.apache.hadoop.security.UserGroupInformation.getCurrentUser(UserGroupInformation.java:579)
	at org.apache.hadoop.fs.FileSystem$Cache$Key.<init>(FileSystem.java:3746)
	at org.apache.hadoop.fs.FileSystem$Cache$Key.<init>(FileSystem.java:3736)
	at org.apache.hadoop.fs.FileSystem$Cache.get(FileSystem.java:3520)
	at org.apache.hadoop.fs.FileSystem.get(FileSystem.java:540)
	at org.apache.hadoop.fs.FileSystem.get(FileSystem.java:288)
	at org.apache.hadoop.fs.FileSystem.get(FileSystem.java:524)
	at org.apache.hadoop.fs.Path.getFileSystem(Path.java:365)
	at org.apache.spark.sql.execution.datasources.DataSource.sourceSchema(DataSource.scala:246)
	at org.apache.spark.sql.execution.datasources.DataSource.sourceInfo$lzycompute(DataSource.scala:118)
	at org.apache.spark.sql.execution.datasources.DataSource.sourceInfo(DataSource.scala:118)
	at org.apache.spark.sql.execution.streaming.StreamingRelation$.apply(StreamingRelation.scala:36)
	at org.apache.spark.sql.streaming.DataStreamReader.loadInternal(DataStreamReader.scala:198)
	at org.apache.spark.sql.streaming.DataStreamReader.load(DataStreamReader.scala:212)
	at org.apache.spark.sql.streaming.DataStreamReader.csv(DataStreamReader.scala:260)
	at java.base/jdk.internal.reflect.NativeMethodAccessorImpl.invoke0(Native Method)
	at java.base/jdk.internal.reflect.NativeMethodAccessorImpl.invoke(NativeMethodAccessorImpl.java:77)
	at java.base/jdk.internal.reflect.DelegatingMethodAccessorImpl.invoke(DelegatingMethodAccessorImpl.java:43)
	at java.base/java.lang.reflect.Method.invoke(Method.java:568)
	at py4j.reflection.MethodInvoker.invoke(MethodInvoker.java:244)
	at py4j.reflection.ReflectionEngine.invoke(ReflectionEngine.java:374)
	at py4j.Gateway.invoke(Gateway.java:282)
	at py4j.commands.AbstractCommand.invokeMethod(AbstractCommand.java:132)
	at py4j.commands.CallCommand.execute(CallCommand.java:79)
	at py4j.ClientServerConnection.waitForCommands(ClientServerConnection.java:182)
	at py4j.ClientServerConnection.run(ClientServerConnection.java:106)
	at java.base/java.lang.Thread.run(Thread.java:840)
Caused by: javax.security.auth.login.LoginException: java.lang.NullPointerException: invalid null input: name
	at jdk.security.auth/com.sun.security.auth.UnixPrincipal.<init>(UnixPrincipal.java:71)
	at jdk.security.auth/com.sun.security.auth.module.UnixLoginModule.login(UnixLoginModule.java:134)
	at java.base/javax.security.auth.login.LoginContext.invoke(LoginContext.java:755)
	at java.base/javax.security.auth.login.LoginContext$4.run(LoginContext.java:679)
	at java.base/javax.security.auth.login.LoginContext$4.run(LoginContext.java:677)
	at java.base/java.security.AccessController.doPrivileged(AccessController.java:712)
	at java.base/javax.security.auth.login.LoginContext.invokePriv(LoginContext.java:677)
	at java.base/javax.security.auth.login.LoginContext.login(LoginContext.java:587)
	at org.apache.hadoop.security.UserGroupInformation$HadoopLoginContext.login(UserGroupInformation.java:2065)
	at org.apache.hadoop.security.UserGroupInformation.doSubjectLogin(UserGroupInformation.java:1975)
	at org.apache.hadoop.security.UserGroupInformation.createLoginUser(UserGroupInformation.java:719)
	at org.apache.hadoop.security.UserGroupInformation.getLoginUser(UserGroupInformation.java:669)
	at org.apache.hadoop.security.UserGroupInformation.getCurrentUser(UserGroupInformation.java:579)
	at org.apache.hadoop.fs.FileSystem$Cache$Key.<init>(FileSystem.java:3746)
	at org.apache.hadoop.fs.FileSystem$Cache$Key.<init>(FileSystem.java:3736)
	at org.apache.hadoop.fs.FileSystem$Cache.get(FileSystem.java:3520)
	at org.apache.hadoop.fs.FileSystem.get(FileSystem.java:540)
	at org.apache.hadoop.fs.FileSystem.get(FileSystem.java:288)
	at org.apache.hadoop.fs.FileSystem.get(FileSystem.java:524)
	at org.apache.hadoop.fs.Path.getFileSystem(Path.java:365)
	at org.apache.spark.sql.execution.datasources.DataSource.sourceSchema(DataSource.scala:246)
	at org.apache.spark.sql.execution.datasources.DataSource.sourceInfo$lzycompute(DataSource.scala:118)
	at org.apache.spark.sql.execution.datasources.DataSource.sourceInfo(DataSource.scala:118)
	at org.apache.spark.sql.execution.streaming.StreamingRelation$.apply(StreamingRelation.scala:36)
	at org.apache.spark.sql.streaming.DataStreamReader.loadInternal(DataStreamReader.scala:198)
	at org.apache.spark.sql.streaming.DataStreamReader.load(DataStreamReader.scala:212)
	at org.apache.spark.sql.streaming.DataStreamReader.csv(DataStreamReader.scala:260)
	at java.base/jdk.internal.reflect.NativeMethodAccessorImpl.invoke0(Native Method)
	at java.base/jdk.internal.reflect.NativeMethodAccessorImpl.invoke(NativeMethodAccessorImpl.java:77)
	at java.base/jdk.internal.reflect.DelegatingMethodAccessorImpl.invoke(DelegatingMethodAccessorImpl.java:43)
	at java.base/java.lang.reflect.Method.invoke(Method.java:568)
	at py4j.reflection.MethodInvoker.invoke(MethodInvoker.java:244)
	at py4j.reflection.ReflectionEngine.invoke(ReflectionEngine.java:374)
	at py4j.Gateway.invoke(Gateway.java:282)
	at py4j.commands.AbstractCommand.invokeMethod(AbstractCommand.java:132)
	at py4j.commands.CallCommand.execute(CallCommand.java:79)
	at py4j.ClientServerConnection.waitForCommands(ClientServerConnection.java:182)
	at py4j.ClientServerConnection.run(ClientServerConnection.java:106)
	at java.base/java.lang.Thread.run(Thread.java:840)

	at java.base/javax.security.auth.login.LoginContext.invoke(LoginContext.java:850)
	at java.base/javax.security.auth.login.LoginContext$4.run(LoginContext.java:679)
	at java.base/javax.security.auth.login.LoginContext$4.run(LoginContext.java:677)
	at java.base/java.security.AccessController.doPrivileged(AccessController.java:712)
	at java.base/javax.security.auth.login.LoginContext.invokePriv(LoginContext.java:677)
	at java.base/javax.security.auth.login.LoginContext.login(LoginContext.java:587)
	at org.apache.hadoop.security.UserGroupInformation$HadoopLoginContext.login(UserGroupInformation.java:2065)
	at org.apache.hadoop.security.UserGroupInformation.doSubjectLogin(UserGroupInformation.java:1975)
	... 29 more

2025-05-23 10:04:09,605 INFO Closing down clientserver connection
2025-05-23 10:04:19,805 INFO SparkSession initialized
2025-05-23 10:04:21,732 ERROR Failed to read streaming data: An error occurred while calling o40.csv.
: org.apache.hadoop.security.KerberosAuthException: failure to login: javax.security.auth.login.LoginException: java.lang.NullPointerException: invalid null input: name
	at jdk.security.auth/com.sun.security.auth.UnixPrincipal.<init>(UnixPrincipal.java:71)
	at jdk.security.auth/com.sun.security.auth.module.UnixLoginModule.login(UnixLoginModule.java:134)
	at java.base/javax.security.auth.login.LoginContext.invoke(LoginContext.java:755)
	at java.base/javax.security.auth.login.LoginContext$4.run(LoginContext.java:679)
	at java.base/javax.security.auth.login.LoginContext$4.run(LoginContext.java:677)
	at java.base/java.security.AccessController.doPrivileged(AccessController.java:712)
	at java.base/javax.security.auth.login.LoginContext.invokePriv(LoginContext.java:677)
	at java.base/javax.security.auth.login.LoginContext.login(LoginContext.java:587)
	at org.apache.hadoop.security.UserGroupInformation$HadoopLoginContext.login(UserGroupInformation.java:2065)
	at org.apache.hadoop.security.UserGroupInformation.doSubjectLogin(UserGroupInformation.java:1975)
	at org.apache.hadoop.security.UserGroupInformation.createLoginUser(UserGroupInformation.java:719)
	at org.apache.hadoop.security.UserGroupInformation.getLoginUser(UserGroupInformation.java:669)
	at org.apache.hadoop.security.UserGroupInformation.getCurrentUser(UserGroupInformation.java:579)
	at org.apache.hadoop.fs.FileSystem$Cache$Key.<init>(FileSystem.java:3746)
	at org.apache.hadoop.fs.FileSystem$Cache$Key.<init>(FileSystem.java:3736)
	at org.apache.hadoop.fs.FileSystem$Cache.get(FileSystem.java:3520)
	at org.apache.hadoop.fs.FileSystem.get(FileSystem.java:540)
	at org.apache.hadoop.fs.FileSystem.get(FileSystem.java:288)
	at org.apache.hadoop.fs.FileSystem.get(FileSystem.java:524)
	at org.apache.hadoop.fs.Path.getFileSystem(Path.java:365)
	at org.apache.spark.sql.execution.datasources.DataSource.sourceSchema(DataSource.scala:246)
	at org.apache.spark.sql.execution.datasources.DataSource.sourceInfo$lzycompute(DataSource.scala:118)
	at org.apache.spark.sql.execution.datasources.DataSource.sourceInfo(DataSource.scala:118)
	at org.apache.spark.sql.execution.streaming.StreamingRelation$.apply(StreamingRelation.scala:36)
	at org.apache.spark.sql.streaming.DataStreamReader.loadInternal(DataStreamReader.scala:198)
	at org.apache.spark.sql.streaming.DataStreamReader.load(DataStreamReader.scala:212)
	at org.apache.spark.sql.streaming.DataStreamReader.csv(DataStreamReader.scala:260)
	at java.base/jdk.internal.reflect.NativeMethodAccessorImpl.invoke0(Native Method)
	at java.base/jdk.internal.reflect.NativeMethodAccessorImpl.invoke(NativeMethodAccessorImpl.java:77)
	at java.base/jdk.internal.reflect.DelegatingMethodAccessorImpl.invoke(DelegatingMethodAccessorImpl.java:43)
	at java.base/java.lang.reflect.Method.invoke(Method.java:568)
	at py4j.reflection.MethodInvoker.invoke(MethodInvoker.java:244)
	at py4j.reflection.ReflectionEngine.invoke(ReflectionEngine.java:374)
	at py4j.Gateway.invoke(Gateway.java:282)
	at py4j.commands.AbstractCommand.invokeMethod(AbstractCommand.java:132)
	at py4j.commands.CallCommand.execute(CallCommand.java:79)
	at py4j.ClientServerConnection.waitForCommands(ClientServerConnection.java:182)
	at py4j.ClientServerConnection.run(ClientServerConnection.java:106)
	at java.base/java.lang.Thread.run(Thread.java:840)

	at org.apache.hadoop.security.UserGroupInformation.doSubjectLogin(UserGroupInformation.java:1986)
	at org.apache.hadoop.security.UserGroupInformation.createLoginUser(UserGroupInformation.java:719)
	at org.apache.hadoop.security.UserGroupInformation.getLoginUser(UserGroupInformation.java:669)
	at org.apache.hadoop.security.UserGroupInformation.getCurrentUser(UserGroupInformation.java:579)
	at org.apache.hadoop.fs.FileSystem$Cache$Key.<init>(FileSystem.java:3746)
	at org.apache.hadoop.fs.FileSystem$Cache$Key.<init>(FileSystem.java:3736)
	at org.apache.hadoop.fs.FileSystem$Cache.get(FileSystem.java:3520)
	at org.apache.hadoop.fs.FileSystem.get(FileSystem.java:540)
	at org.apache.hadoop.fs.FileSystem.get(FileSystem.java:288)
	at org.apache.hadoop.fs.FileSystem.get(FileSystem.java:524)
	at org.apache.hadoop.fs.Path.getFileSystem(Path.java:365)
	at org.apache.spark.sql.execution.datasources.DataSource.sourceSchema(DataSource.scala:246)
	at org.apache.spark.sql.execution.datasources.DataSource.sourceInfo$lzycompute(DataSource.scala:118)
	at org.apache.spark.sql.execution.datasources.DataSource.sourceInfo(DataSource.scala:118)
	at org.apache.spark.sql.execution.streaming.StreamingRelation$.apply(StreamingRelation.scala:36)
	at org.apache.spark.sql.streaming.DataStreamReader.loadInternal(DataStreamReader.scala:198)
	at org.apache.spark.sql.streaming.DataStreamReader.load(DataStreamReader.scala:212)
	at org.apache.spark.sql.streaming.DataStreamReader.csv(DataStreamReader.scala:260)
	at java.base/jdk.internal.reflect.NativeMethodAccessorImpl.invoke0(Native Method)
	at java.base/jdk.internal.reflect.NativeMethodAccessorImpl.invoke(NativeMethodAccessorImpl.java:77)
	at java.base/jdk.internal.reflect.DelegatingMethodAccessorImpl.invoke(DelegatingMethodAccessorImpl.java:43)
	at java.base/java.lang.reflect.Method.invoke(Method.java:568)
	at py4j.reflection.MethodInvoker.invoke(MethodInvoker.java:244)
	at py4j.reflection.ReflectionEngine.invoke(ReflectionEngine.java:374)
	at py4j.Gateway.invoke(Gateway.java:282)
	at py4j.commands.AbstractCommand.invokeMethod(AbstractCommand.java:132)
	at py4j.commands.CallCommand.execute(CallCommand.java:79)
	at py4j.ClientServerConnection.waitForCommands(ClientServerConnection.java:182)
	at py4j.ClientServerConnection.run(ClientServerConnection.java:106)
	at java.base/java.lang.Thread.run(Thread.java:840)
Caused by: javax.security.auth.login.LoginException: java.lang.NullPointerException: invalid null input: name
	at jdk.security.auth/com.sun.security.auth.UnixPrincipal.<init>(UnixPrincipal.java:71)
	at jdk.security.auth/com.sun.security.auth.module.UnixLoginModule.login(UnixLoginModule.java:134)
	at java.base/javax.security.auth.login.LoginContext.invoke(LoginContext.java:755)
	at java.base/javax.security.auth.login.LoginContext$4.run(LoginContext.java:679)
	at java.base/javax.security.auth.login.LoginContext$4.run(LoginContext.java:677)
	at java.base/java.security.AccessController.doPrivileged(AccessController.java:712)
	at java.base/javax.security.auth.login.LoginContext.invokePriv(LoginContext.java:677)
	at java.base/javax.security.auth.login.LoginContext.login(LoginContext.java:587)
	at org.apache.hadoop.security.UserGroupInformation$HadoopLoginContext.login(UserGroupInformation.java:2065)
	at org.apache.hadoop.security.UserGroupInformation.doSubjectLogin(UserGroupInformation.java:1975)
	at org.apache.hadoop.security.UserGroupInformation.createLoginUser(UserGroupInformation.java:719)
	at org.apache.hadoop.security.UserGroupInformation.getLoginUser(UserGroupInformation.java:669)
	at org.apache.hadoop.security.UserGroupInformation.getCurrentUser(UserGroupInformation.java:579)
	at org.apache.hadoop.fs.FileSystem$Cache$Key.<init>(FileSystem.java:3746)
	at org.apache.hadoop.fs.FileSystem$Cache$Key.<init>(FileSystem.java:3736)
	at org.apache.hadoop.fs.FileSystem$Cache.get(FileSystem.java:3520)
	at org.apache.hadoop.fs.FileSystem.get(FileSystem.java:540)
	at org.apache.hadoop.fs.FileSystem.get(FileSystem.java:288)
	at org.apache.hadoop.fs.FileSystem.get(FileSystem.java:524)
	at org.apache.hadoop.fs.Path.getFileSystem(Path.java:365)
	at org.apache.spark.sql.execution.datasources.DataSource.sourceSchema(DataSource.scala:246)
	at org.apache.spark.sql.execution.datasources.DataSource.sourceInfo$lzycompute(DataSource.scala:118)
	at org.apache.spark.sql.execution.datasources.DataSource.sourceInfo(DataSource.scala:118)
	at org.apache.spark.sql.execution.streaming.StreamingRelation$.apply(StreamingRelation.scala:36)
	at org.apache.spark.sql.streaming.DataStreamReader.loadInternal(DataStreamReader.scala:198)
	at org.apache.spark.sql.streaming.DataStreamReader.load(DataStreamReader.scala:212)
	at org.apache.spark.sql.streaming.DataStreamReader.csv(DataStreamReader.scala:260)
	at java.base/jdk.internal.reflect.NativeMethodAccessorImpl.invoke0(Native Method)
	at java.base/jdk.internal.reflect.NativeMethodAccessorImpl.invoke(NativeMethodAccessorImpl.java:77)
	at java.base/jdk.internal.reflect.DelegatingMethodAccessorImpl.invoke(DelegatingMethodAccessorImpl.java:43)
	at java.base/java.lang.reflect.Method.invoke(Method.java:568)
	at py4j.reflection.MethodInvoker.invoke(MethodInvoker.java:244)
	at py4j.reflection.ReflectionEngine.invoke(ReflectionEngine.java:374)
	at py4j.Gateway.invoke(Gateway.java:282)
	at py4j.commands.AbstractCommand.invokeMethod(AbstractCommand.java:132)
	at py4j.commands.CallCommand.execute(CallCommand.java:79)
	at py4j.ClientServerConnection.waitForCommands(ClientServerConnection.java:182)
	at py4j.ClientServerConnection.run(ClientServerConnection.java:106)
	at java.base/java.lang.Thread.run(Thread.java:840)

	at java.base/javax.security.auth.login.LoginContext.invoke(LoginContext.java:850)
	at java.base/javax.security.auth.login.LoginContext$4.run(LoginContext.java:679)
	at java.base/javax.security.auth.login.LoginContext$4.run(LoginContext.java:677)
	at java.base/java.security.AccessController.doPrivileged(AccessController.java:712)
	at java.base/javax.security.auth.login.LoginContext.invokePriv(LoginContext.java:677)
	at java.base/javax.security.auth.login.LoginContext.login(LoginContext.java:587)
	at org.apache.hadoop.security.UserGroupInformation$HadoopLoginContext.login(UserGroupInformation.java:2065)
	at org.apache.hadoop.security.UserGroupInformation.doSubjectLogin(UserGroupInformation.java:1975)
	... 29 more

2025-05-23 10:04:22,053 ERROR Application failed: An error occurred while calling o40.csv.
: org.apache.hadoop.security.KerberosAuthException: failure to login: javax.security.auth.login.LoginException: java.lang.NullPointerException: invalid null input: name
	at jdk.security.auth/com.sun.security.auth.UnixPrincipal.<init>(UnixPrincipal.java:71)
	at jdk.security.auth/com.sun.security.auth.module.UnixLoginModule.login(UnixLoginModule.java:134)
	at java.base/javax.security.auth.login.LoginContext.invoke(LoginContext.java:755)
	at java.base/javax.security.auth.login.LoginContext$4.run(LoginContext.java:679)
	at java.base/javax.security.auth.login.LoginContext$4.run(LoginContext.java:677)
	at java.base/java.security.AccessController.doPrivileged(AccessController.java:712)
	at java.base/javax.security.auth.login.LoginContext.invokePriv(LoginContext.java:677)
	at java.base/javax.security.auth.login.LoginContext.login(LoginContext.java:587)
	at org.apache.hadoop.security.UserGroupInformation$HadoopLoginContext.login(UserGroupInformation.java:2065)
	at org.apache.hadoop.security.UserGroupInformation.doSubjectLogin(UserGroupInformation.java:1975)
	at org.apache.hadoop.security.UserGroupInformation.createLoginUser(UserGroupInformation.java:719)
	at org.apache.hadoop.security.UserGroupInformation.getLoginUser(UserGroupInformation.java:669)
	at org.apache.hadoop.security.UserGroupInformation.getCurrentUser(UserGroupInformation.java:579)
	at org.apache.hadoop.fs.FileSystem$Cache$Key.<init>(FileSystem.java:3746)
	at org.apache.hadoop.fs.FileSystem$Cache$Key.<init>(FileSystem.java:3736)
	at org.apache.hadoop.fs.FileSystem$Cache.get(FileSystem.java:3520)
	at org.apache.hadoop.fs.FileSystem.get(FileSystem.java:540)
	at org.apache.hadoop.fs.FileSystem.get(FileSystem.java:288)
	at org.apache.hadoop.fs.FileSystem.get(FileSystem.java:524)
	at org.apache.hadoop.fs.Path.getFileSystem(Path.java:365)
	at org.apache.spark.sql.execution.datasources.DataSource.sourceSchema(DataSource.scala:246)
	at org.apache.spark.sql.execution.datasources.DataSource.sourceInfo$lzycompute(DataSource.scala:118)
	at org.apache.spark.sql.execution.datasources.DataSource.sourceInfo(DataSource.scala:118)
	at org.apache.spark.sql.execution.streaming.StreamingRelation$.apply(StreamingRelation.scala:36)
	at org.apache.spark.sql.streaming.DataStreamReader.loadInternal(DataStreamReader.scala:198)
	at org.apache.spark.sql.streaming.DataStreamReader.load(DataStreamReader.scala:212)
	at org.apache.spark.sql.streaming.DataStreamReader.csv(DataStreamReader.scala:260)
	at java.base/jdk.internal.reflect.NativeMethodAccessorImpl.invoke0(Native Method)
	at java.base/jdk.internal.reflect.NativeMethodAccessorImpl.invoke(NativeMethodAccessorImpl.java:77)
	at java.base/jdk.internal.reflect.DelegatingMethodAccessorImpl.invoke(DelegatingMethodAccessorImpl.java:43)
	at java.base/java.lang.reflect.Method.invoke(Method.java:568)
	at py4j.reflection.MethodInvoker.invoke(MethodInvoker.java:244)
	at py4j.reflection.ReflectionEngine.invoke(ReflectionEngine.java:374)
	at py4j.Gateway.invoke(Gateway.java:282)
	at py4j.commands.AbstractCommand.invokeMethod(AbstractCommand.java:132)
	at py4j.commands.CallCommand.execute(CallCommand.java:79)
	at py4j.ClientServerConnection.waitForCommands(ClientServerConnection.java:182)
	at py4j.ClientServerConnection.run(ClientServerConnection.java:106)
	at java.base/java.lang.Thread.run(Thread.java:840)

	at org.apache.hadoop.security.UserGroupInformation.doSubjectLogin(UserGroupInformation.java:1986)
	at org.apache.hadoop.security.UserGroupInformation.createLoginUser(UserGroupInformation.java:719)
	at org.apache.hadoop.security.UserGroupInformation.getLoginUser(UserGroupInformation.java:669)
	at org.apache.hadoop.security.UserGroupInformation.getCurrentUser(UserGroupInformation.java:579)
	at org.apache.hadoop.fs.FileSystem$Cache$Key.<init>(FileSystem.java:3746)
	at org.apache.hadoop.fs.FileSystem$Cache$Key.<init>(FileSystem.java:3736)
	at org.apache.hadoop.fs.FileSystem$Cache.get(FileSystem.java:3520)
	at org.apache.hadoop.fs.FileSystem.get(FileSystem.java:540)
	at org.apache.hadoop.fs.FileSystem.get(FileSystem.java:288)
	at org.apache.hadoop.fs.FileSystem.get(FileSystem.java:524)
	at org.apache.hadoop.fs.Path.getFileSystem(Path.java:365)
	at org.apache.spark.sql.execution.datasources.DataSource.sourceSchema(DataSource.scala:246)
	at org.apache.spark.sql.execution.datasources.DataSource.sourceInfo$lzycompute(DataSource.scala:118)
	at org.apache.spark.sql.execution.datasources.DataSource.sourceInfo(DataSource.scala:118)
	at org.apache.spark.sql.execution.streaming.StreamingRelation$.apply(StreamingRelation.scala:36)
	at org.apache.spark.sql.streaming.DataStreamReader.loadInternal(DataStreamReader.scala:198)
	at org.apache.spark.sql.streaming.DataStreamReader.load(DataStreamReader.scala:212)
	at org.apache.spark.sql.streaming.DataStreamReader.csv(DataStreamReader.scala:260)
	at java.base/jdk.internal.reflect.NativeMethodAccessorImpl.invoke0(Native Method)
	at java.base/jdk.internal.reflect.NativeMethodAccessorImpl.invoke(NativeMethodAccessorImpl.java:77)
	at java.base/jdk.internal.reflect.DelegatingMethodAccessorImpl.invoke(DelegatingMethodAccessorImpl.java:43)
	at java.base/java.lang.reflect.Method.invoke(Method.java:568)
	at py4j.reflection.MethodInvoker.invoke(MethodInvoker.java:244)
	at py4j.reflection.ReflectionEngine.invoke(ReflectionEngine.java:374)
	at py4j.Gateway.invoke(Gateway.java:282)
	at py4j.commands.AbstractCommand.invokeMethod(AbstractCommand.java:132)
	at py4j.commands.CallCommand.execute(CallCommand.java:79)
	at py4j.ClientServerConnection.waitForCommands(ClientServerConnection.java:182)
	at py4j.ClientServerConnection.run(ClientServerConnection.java:106)
	at java.base/java.lang.Thread.run(Thread.java:840)
Caused by: javax.security.auth.login.LoginException: java.lang.NullPointerException: invalid null input: name
	at jdk.security.auth/com.sun.security.auth.UnixPrincipal.<init>(UnixPrincipal.java:71)
	at jdk.security.auth/com.sun.security.auth.module.UnixLoginModule.login(UnixLoginModule.java:134)
	at java.base/javax.security.auth.login.LoginContext.invoke(LoginContext.java:755)
	at java.base/javax.security.auth.login.LoginContext$4.run(LoginContext.java:679)
	at java.base/javax.security.auth.login.LoginContext$4.run(LoginContext.java:677)
	at java.base/java.security.AccessController.doPrivileged(AccessController.java:712)
	at java.base/javax.security.auth.login.LoginContext.invokePriv(LoginContext.java:677)
	at java.base/javax.security.auth.login.LoginContext.login(LoginContext.java:587)
	at org.apache.hadoop.security.UserGroupInformation$HadoopLoginContext.login(UserGroupInformation.java:2065)
	at org.apache.hadoop.security.UserGroupInformation.doSubjectLogin(UserGroupInformation.java:1975)
	at org.apache.hadoop.security.UserGroupInformation.createLoginUser(UserGroupInformation.java:719)
	at org.apache.hadoop.security.UserGroupInformation.getLoginUser(UserGroupInformation.java:669)
	at org.apache.hadoop.security.UserGroupInformation.getCurrentUser(UserGroupInformation.java:579)
	at org.apache.hadoop.fs.FileSystem$Cache$Key.<init>(FileSystem.java:3746)
	at org.apache.hadoop.fs.FileSystem$Cache$Key.<init>(FileSystem.java:3736)
	at org.apache.hadoop.fs.FileSystem$Cache.get(FileSystem.java:3520)
	at org.apache.hadoop.fs.FileSystem.get(FileSystem.java:540)
	at org.apache.hadoop.fs.FileSystem.get(FileSystem.java:288)
	at org.apache.hadoop.fs.FileSystem.get(FileSystem.java:524)
	at org.apache.hadoop.fs.Path.getFileSystem(Path.java:365)
	at org.apache.spark.sql.execution.datasources.DataSource.sourceSchema(DataSource.scala:246)
	at org.apache.spark.sql.execution.datasources.DataSource.sourceInfo$lzycompute(DataSource.scala:118)
	at org.apache.spark.sql.execution.datasources.DataSource.sourceInfo(DataSource.scala:118)
	at org.apache.spark.sql.execution.streaming.StreamingRelation$.apply(StreamingRelation.scala:36)
	at org.apache.spark.sql.streaming.DataStreamReader.loadInternal(DataStreamReader.scala:198)
	at org.apache.spark.sql.streaming.DataStreamReader.load(DataStreamReader.scala:212)
	at org.apache.spark.sql.streaming.DataStreamReader.csv(DataStreamReader.scala:260)
	at java.base/jdk.internal.reflect.NativeMethodAccessorImpl.invoke0(Native Method)
	at java.base/jdk.internal.reflect.NativeMethodAccessorImpl.invoke(NativeMethodAccessorImpl.java:77)
	at java.base/jdk.internal.reflect.DelegatingMethodAccessorImpl.invoke(DelegatingMethodAccessorImpl.java:43)
	at java.base/java.lang.reflect.Method.invoke(Method.java:568)
	at py4j.reflection.MethodInvoker.invoke(MethodInvoker.java:244)
	at py4j.reflection.ReflectionEngine.invoke(ReflectionEngine.java:374)
	at py4j.Gateway.invoke(Gateway.java:282)
	at py4j.commands.AbstractCommand.invokeMethod(AbstractCommand.java:132)
	at py4j.commands.CallCommand.execute(CallCommand.java:79)
	at py4j.ClientServerConnection.waitForCommands(ClientServerConnection.java:182)
	at py4j.ClientServerConnection.run(ClientServerConnection.java:106)
	at java.base/java.lang.Thread.run(Thread.java:840)

	at java.base/javax.security.auth.login.LoginContext.invoke(LoginContext.java:850)
	at java.base/javax.security.auth.login.LoginContext$4.run(LoginContext.java:679)
	at java.base/javax.security.auth.login.LoginContext$4.run(LoginContext.java:677)
	at java.base/java.security.AccessController.doPrivileged(AccessController.java:712)
	at java.base/javax.security.auth.login.LoginContext.invokePriv(LoginContext.java:677)
	at java.base/javax.security.auth.login.LoginContext.login(LoginContext.java:587)
	at org.apache.hadoop.security.UserGroupInformation$HadoopLoginContext.login(UserGroupInformation.java:2065)
	at org.apache.hadoop.security.UserGroupInformation.doSubjectLogin(UserGroupInformation.java:1975)
	... 29 more

2025-05-23 10:04:22,104 INFO Closing down clientserver connection
2025-05-23 10:04:31,468 INFO SparkSession initialized
2025-05-23 10:04:33,432 ERROR Failed to read streaming data: An error occurred while calling o40.csv.
: org.apache.hadoop.security.KerberosAuthException: failure to login: javax.security.auth.login.LoginException: java.lang.NullPointerException: invalid null input: name
	at jdk.security.auth/com.sun.security.auth.UnixPrincipal.<init>(UnixPrincipal.java:71)
	at jdk.security.auth/com.sun.security.auth.module.UnixLoginModule.login(UnixLoginModule.java:134)
	at java.base/javax.security.auth.login.LoginContext.invoke(LoginContext.java:755)
	at java.base/javax.security.auth.login.LoginContext$4.run(LoginContext.java:679)
	at java.base/javax.security.auth.login.LoginContext$4.run(LoginContext.java:677)
	at java.base/java.security.AccessController.doPrivileged(AccessController.java:712)
	at java.base/javax.security.auth.login.LoginContext.invokePriv(LoginContext.java:677)
	at java.base/javax.security.auth.login.LoginContext.login(LoginContext.java:587)
	at org.apache.hadoop.security.UserGroupInformation$HadoopLoginContext.login(UserGroupInformation.java:2065)
	at org.apache.hadoop.security.UserGroupInformation.doSubjectLogin(UserGroupInformation.java:1975)
	at org.apache.hadoop.security.UserGroupInformation.createLoginUser(UserGroupInformation.java:719)
	at org.apache.hadoop.security.UserGroupInformation.getLoginUser(UserGroupInformation.java:669)
	at org.apache.hadoop.security.UserGroupInformation.getCurrentUser(UserGroupInformation.java:579)
	at org.apache.hadoop.fs.FileSystem$Cache$Key.<init>(FileSystem.java:3746)
	at org.apache.hadoop.fs.FileSystem$Cache$Key.<init>(FileSystem.java:3736)
	at org.apache.hadoop.fs.FileSystem$Cache.get(FileSystem.java:3520)
	at org.apache.hadoop.fs.FileSystem.get(FileSystem.java:540)
	at org.apache.hadoop.fs.FileSystem.get(FileSystem.java:288)
	at org.apache.hadoop.fs.FileSystem.get(FileSystem.java:524)
	at org.apache.hadoop.fs.Path.getFileSystem(Path.java:365)
	at org.apache.spark.sql.execution.datasources.DataSource.sourceSchema(DataSource.scala:246)
	at org.apache.spark.sql.execution.datasources.DataSource.sourceInfo$lzycompute(DataSource.scala:118)
	at org.apache.spark.sql.execution.datasources.DataSource.sourceInfo(DataSource.scala:118)
	at org.apache.spark.sql.execution.streaming.StreamingRelation$.apply(StreamingRelation.scala:36)
	at org.apache.spark.sql.streaming.DataStreamReader.loadInternal(DataStreamReader.scala:198)
	at org.apache.spark.sql.streaming.DataStreamReader.load(DataStreamReader.scala:212)
	at org.apache.spark.sql.streaming.DataStreamReader.csv(DataStreamReader.scala:260)
	at java.base/jdk.internal.reflect.NativeMethodAccessorImpl.invoke0(Native Method)
	at java.base/jdk.internal.reflect.NativeMethodAccessorImpl.invoke(NativeMethodAccessorImpl.java:77)
	at java.base/jdk.internal.reflect.DelegatingMethodAccessorImpl.invoke(DelegatingMethodAccessorImpl.java:43)
	at java.base/java.lang.reflect.Method.invoke(Method.java:568)
	at py4j.reflection.MethodInvoker.invoke(MethodInvoker.java:244)
	at py4j.reflection.ReflectionEngine.invoke(ReflectionEngine.java:374)
	at py4j.Gateway.invoke(Gateway.java:282)
	at py4j.commands.AbstractCommand.invokeMethod(AbstractCommand.java:132)
	at py4j.commands.CallCommand.execute(CallCommand.java:79)
	at py4j.ClientServerConnection.waitForCommands(ClientServerConnection.java:182)
	at py4j.ClientServerConnection.run(ClientServerConnection.java:106)
	at java.base/java.lang.Thread.run(Thread.java:840)

	at org.apache.hadoop.security.UserGroupInformation.doSubjectLogin(UserGroupInformation.java:1986)
	at org.apache.hadoop.security.UserGroupInformation.createLoginUser(UserGroupInformation.java:719)
	at org.apache.hadoop.security.UserGroupInformation.getLoginUser(UserGroupInformation.java:669)
	at org.apache.hadoop.security.UserGroupInformation.getCurrentUser(UserGroupInformation.java:579)
	at org.apache.hadoop.fs.FileSystem$Cache$Key.<init>(FileSystem.java:3746)
	at org.apache.hadoop.fs.FileSystem$Cache$Key.<init>(FileSystem.java:3736)
	at org.apache.hadoop.fs.FileSystem$Cache.get(FileSystem.java:3520)
	at org.apache.hadoop.fs.FileSystem.get(FileSystem.java:540)
	at org.apache.hadoop.fs.FileSystem.get(FileSystem.java:288)
	at org.apache.hadoop.fs.FileSystem.get(FileSystem.java:524)
	at org.apache.hadoop.fs.Path.getFileSystem(Path.java:365)
	at org.apache.spark.sql.execution.datasources.DataSource.sourceSchema(DataSource.scala:246)
	at org.apache.spark.sql.execution.datasources.DataSource.sourceInfo$lzycompute(DataSource.scala:118)
	at org.apache.spark.sql.execution.datasources.DataSource.sourceInfo(DataSource.scala:118)
	at org.apache.spark.sql.execution.streaming.StreamingRelation$.apply(StreamingRelation.scala:36)
	at org.apache.spark.sql.streaming.DataStreamReader.loadInternal(DataStreamReader.scala:198)
	at org.apache.spark.sql.streaming.DataStreamReader.load(DataStreamReader.scala:212)
	at org.apache.spark.sql.streaming.DataStreamReader.csv(DataStreamReader.scala:260)
	at java.base/jdk.internal.reflect.NativeMethodAccessorImpl.invoke0(Native Method)
	at java.base/jdk.internal.reflect.NativeMethodAccessorImpl.invoke(NativeMethodAccessorImpl.java:77)
	at java.base/jdk.internal.reflect.DelegatingMethodAccessorImpl.invoke(DelegatingMethodAccessorImpl.java:43)
	at java.base/java.lang.reflect.Method.invoke(Method.java:568)
	at py4j.reflection.MethodInvoker.invoke(MethodInvoker.java:244)
	at py4j.reflection.ReflectionEngine.invoke(ReflectionEngine.java:374)
	at py4j.Gateway.invoke(Gateway.java:282)
	at py4j.commands.AbstractCommand.invokeMethod(AbstractCommand.java:132)
	at py4j.commands.CallCommand.execute(CallCommand.java:79)
	at py4j.ClientServerConnection.waitForCommands(ClientServerConnection.java:182)
	at py4j.ClientServerConnection.run(ClientServerConnection.java:106)
	at java.base/java.lang.Thread.run(Thread.java:840)
Caused by: javax.security.auth.login.LoginException: java.lang.NullPointerException: invalid null input: name
	at jdk.security.auth/com.sun.security.auth.UnixPrincipal.<init>(UnixPrincipal.java:71)
	at jdk.security.auth/com.sun.security.auth.module.UnixLoginModule.login(UnixLoginModule.java:134)
	at java.base/javax.security.auth.login.LoginContext.invoke(LoginContext.java:755)
	at java.base/javax.security.auth.login.LoginContext$4.run(LoginContext.java:679)
	at java.base/javax.security.auth.login.LoginContext$4.run(LoginContext.java:677)
	at java.base/java.security.AccessController.doPrivileged(AccessController.java:712)
	at java.base/javax.security.auth.login.LoginContext.invokePriv(LoginContext.java:677)
	at java.base/javax.security.auth.login.LoginContext.login(LoginContext.java:587)
	at org.apache.hadoop.security.UserGroupInformation$HadoopLoginContext.login(UserGroupInformation.java:2065)
	at org.apache.hadoop.security.UserGroupInformation.doSubjectLogin(UserGroupInformation.java:1975)
	at org.apache.hadoop.security.UserGroupInformation.createLoginUser(UserGroupInformation.java:719)
	at org.apache.hadoop.security.UserGroupInformation.getLoginUser(UserGroupInformation.java:669)
	at org.apache.hadoop.security.UserGroupInformation.getCurrentUser(UserGroupInformation.java:579)
	at org.apache.hadoop.fs.FileSystem$Cache$Key.<init>(FileSystem.java:3746)
	at org.apache.hadoop.fs.FileSystem$Cache$Key.<init>(FileSystem.java:3736)
	at org.apache.hadoop.fs.FileSystem$Cache.get(FileSystem.java:3520)
	at org.apache.hadoop.fs.FileSystem.get(FileSystem.java:540)
	at org.apache.hadoop.fs.FileSystem.get(FileSystem.java:288)
	at org.apache.hadoop.fs.FileSystem.get(FileSystem.java:524)
	at org.apache.hadoop.fs.Path.getFileSystem(Path.java:365)
	at org.apache.spark.sql.execution.datasources.DataSource.sourceSchema(DataSource.scala:246)
	at org.apache.spark.sql.execution.datasources.DataSource.sourceInfo$lzycompute(DataSource.scala:118)
	at org.apache.spark.sql.execution.datasources.DataSource.sourceInfo(DataSource.scala:118)
	at org.apache.spark.sql.execution.streaming.StreamingRelation$.apply(StreamingRelation.scala:36)
	at org.apache.spark.sql.streaming.DataStreamReader.loadInternal(DataStreamReader.scala:198)
	at org.apache.spark.sql.streaming.DataStreamReader.load(DataStreamReader.scala:212)
	at org.apache.spark.sql.streaming.DataStreamReader.csv(DataStreamReader.scala:260)
	at java.base/jdk.internal.reflect.NativeMethodAccessorImpl.invoke0(Native Method)
	at java.base/jdk.internal.reflect.NativeMethodAccessorImpl.invoke(NativeMethodAccessorImpl.java:77)
	at java.base/jdk.internal.reflect.DelegatingMethodAccessorImpl.invoke(DelegatingMethodAccessorImpl.java:43)
	at java.base/java.lang.reflect.Method.invoke(Method.java:568)
	at py4j.reflection.MethodInvoker.invoke(MethodInvoker.java:244)
	at py4j.reflection.ReflectionEngine.invoke(ReflectionEngine.java:374)
	at py4j.Gateway.invoke(Gateway.java:282)
	at py4j.commands.AbstractCommand.invokeMethod(AbstractCommand.java:132)
	at py4j.commands.CallCommand.execute(CallCommand.java:79)
	at py4j.ClientServerConnection.waitForCommands(ClientServerConnection.java:182)
	at py4j.ClientServerConnection.run(ClientServerConnection.java:106)
	at java.base/java.lang.Thread.run(Thread.java:840)

	at java.base/javax.security.auth.login.LoginContext.invoke(LoginContext.java:850)
	at java.base/javax.security.auth.login.LoginContext$4.run(LoginContext.java:679)
	at java.base/javax.security.auth.login.LoginContext$4.run(LoginContext.java:677)
	at java.base/java.security.AccessController.doPrivileged(AccessController.java:712)
	at java.base/javax.security.auth.login.LoginContext.invokePriv(LoginContext.java:677)
	at java.base/javax.security.auth.login.LoginContext.login(LoginContext.java:587)
	at org.apache.hadoop.security.UserGroupInformation$HadoopLoginContext.login(UserGroupInformation.java:2065)
	at org.apache.hadoop.security.UserGroupInformation.doSubjectLogin(UserGroupInformation.java:1975)
	... 29 more

2025-05-23 10:04:33,712 ERROR Application failed: An error occurred while calling o40.csv.
: org.apache.hadoop.security.KerberosAuthException: failure to login: javax.security.auth.login.LoginException: java.lang.NullPointerException: invalid null input: name
	at jdk.security.auth/com.sun.security.auth.UnixPrincipal.<init>(UnixPrincipal.java:71)
	at jdk.security.auth/com.sun.security.auth.module.UnixLoginModule.login(UnixLoginModule.java:134)
	at java.base/javax.security.auth.login.LoginContext.invoke(LoginContext.java:755)
	at java.base/javax.security.auth.login.LoginContext$4.run(LoginContext.java:679)
	at java.base/javax.security.auth.login.LoginContext$4.run(LoginContext.java:677)
	at java.base/java.security.AccessController.doPrivileged(AccessController.java:712)
	at java.base/javax.security.auth.login.LoginContext.invokePriv(LoginContext.java:677)
	at java.base/javax.security.auth.login.LoginContext.login(LoginContext.java:587)
	at org.apache.hadoop.security.UserGroupInformation$HadoopLoginContext.login(UserGroupInformation.java:2065)
	at org.apache.hadoop.security.UserGroupInformation.doSubjectLogin(UserGroupInformation.java:1975)
	at org.apache.hadoop.security.UserGroupInformation.createLoginUser(UserGroupInformation.java:719)
	at org.apache.hadoop.security.UserGroupInformation.getLoginUser(UserGroupInformation.java:669)
	at org.apache.hadoop.security.UserGroupInformation.getCurrentUser(UserGroupInformation.java:579)
	at org.apache.hadoop.fs.FileSystem$Cache$Key.<init>(FileSystem.java:3746)
	at org.apache.hadoop.fs.FileSystem$Cache$Key.<init>(FileSystem.java:3736)
	at org.apache.hadoop.fs.FileSystem$Cache.get(FileSystem.java:3520)
	at org.apache.hadoop.fs.FileSystem.get(FileSystem.java:540)
	at org.apache.hadoop.fs.FileSystem.get(FileSystem.java:288)
	at org.apache.hadoop.fs.FileSystem.get(FileSystem.java:524)
	at org.apache.hadoop.fs.Path.getFileSystem(Path.java:365)
	at org.apache.spark.sql.execution.datasources.DataSource.sourceSchema(DataSource.scala:246)
	at org.apache.spark.sql.execution.datasources.DataSource.sourceInfo$lzycompute(DataSource.scala:118)
	at org.apache.spark.sql.execution.datasources.DataSource.sourceInfo(DataSource.scala:118)
	at org.apache.spark.sql.execution.streaming.StreamingRelation$.apply(StreamingRelation.scala:36)
	at org.apache.spark.sql.streaming.DataStreamReader.loadInternal(DataStreamReader.scala:198)
	at org.apache.spark.sql.streaming.DataStreamReader.load(DataStreamReader.scala:212)
	at org.apache.spark.sql.streaming.DataStreamReader.csv(DataStreamReader.scala:260)
	at java.base/jdk.internal.reflect.NativeMethodAccessorImpl.invoke0(Native Method)
	at java.base/jdk.internal.reflect.NativeMethodAccessorImpl.invoke(NativeMethodAccessorImpl.java:77)
	at java.base/jdk.internal.reflect.DelegatingMethodAccessorImpl.invoke(DelegatingMethodAccessorImpl.java:43)
	at java.base/java.lang.reflect.Method.invoke(Method.java:568)
	at py4j.reflection.MethodInvoker.invoke(MethodInvoker.java:244)
	at py4j.reflection.ReflectionEngine.invoke(ReflectionEngine.java:374)
	at py4j.Gateway.invoke(Gateway.java:282)
	at py4j.commands.AbstractCommand.invokeMethod(AbstractCommand.java:132)
	at py4j.commands.CallCommand.execute(CallCommand.java:79)
	at py4j.ClientServerConnection.waitForCommands(ClientServerConnection.java:182)
	at py4j.ClientServerConnection.run(ClientServerConnection.java:106)
	at java.base/java.lang.Thread.run(Thread.java:840)

	at org.apache.hadoop.security.UserGroupInformation.doSubjectLogin(UserGroupInformation.java:1986)
	at org.apache.hadoop.security.UserGroupInformation.createLoginUser(UserGroupInformation.java:719)
	at org.apache.hadoop.security.UserGroupInformation.getLoginUser(UserGroupInformation.java:669)
	at org.apache.hadoop.security.UserGroupInformation.getCurrentUser(UserGroupInformation.java:579)
	at org.apache.hadoop.fs.FileSystem$Cache$Key.<init>(FileSystem.java:3746)
	at org.apache.hadoop.fs.FileSystem$Cache$Key.<init>(FileSystem.java:3736)
	at org.apache.hadoop.fs.FileSystem$Cache.get(FileSystem.java:3520)
	at org.apache.hadoop.fs.FileSystem.get(FileSystem.java:540)
	at org.apache.hadoop.fs.FileSystem.get(FileSystem.java:288)
	at org.apache.hadoop.fs.FileSystem.get(FileSystem.java:524)
	at org.apache.hadoop.fs.Path.getFileSystem(Path.java:365)
	at org.apache.spark.sql.execution.datasources.DataSource.sourceSchema(DataSource.scala:246)
	at org.apache.spark.sql.execution.datasources.DataSource.sourceInfo$lzycompute(DataSource.scala:118)
	at org.apache.spark.sql.execution.datasources.DataSource.sourceInfo(DataSource.scala:118)
	at org.apache.spark.sql.execution.streaming.StreamingRelation$.apply(StreamingRelation.scala:36)
	at org.apache.spark.sql.streaming.DataStreamReader.loadInternal(DataStreamReader.scala:198)
	at org.apache.spark.sql.streaming.DataStreamReader.load(DataStreamReader.scala:212)
	at org.apache.spark.sql.streaming.DataStreamReader.csv(DataStreamReader.scala:260)
	at java.base/jdk.internal.reflect.NativeMethodAccessorImpl.invoke0(Native Method)
	at java.base/jdk.internal.reflect.NativeMethodAccessorImpl.invoke(NativeMethodAccessorImpl.java:77)
	at java.base/jdk.internal.reflect.DelegatingMethodAccessorImpl.invoke(DelegatingMethodAccessorImpl.java:43)
	at java.base/java.lang.reflect.Method.invoke(Method.java:568)
	at py4j.reflection.MethodInvoker.invoke(MethodInvoker.java:244)
	at py4j.reflection.ReflectionEngine.invoke(ReflectionEngine.java:374)
	at py4j.Gateway.invoke(Gateway.java:282)
	at py4j.commands.AbstractCommand.invokeMethod(AbstractCommand.java:132)
	at py4j.commands.CallCommand.execute(CallCommand.java:79)
	at py4j.ClientServerConnection.waitForCommands(ClientServerConnection.java:182)
	at py4j.ClientServerConnection.run(ClientServerConnection.java:106)
	at java.base/java.lang.Thread.run(Thread.java:840)
Caused by: javax.security.auth.login.LoginException: java.lang.NullPointerException: invalid null input: name
	at jdk.security.auth/com.sun.security.auth.UnixPrincipal.<init>(UnixPrincipal.java:71)
	at jdk.security.auth/com.sun.security.auth.module.UnixLoginModule.login(UnixLoginModule.java:134)
	at java.base/javax.security.auth.login.LoginContext.invoke(LoginContext.java:755)
	at java.base/javax.security.auth.login.LoginContext$4.run(LoginContext.java:679)
	at java.base/javax.security.auth.login.LoginContext$4.run(LoginContext.java:677)
	at java.base/java.security.AccessController.doPrivileged(AccessController.java:712)
	at java.base/javax.security.auth.login.LoginContext.invokePriv(LoginContext.java:677)
	at java.base/javax.security.auth.login.LoginContext.login(LoginContext.java:587)
	at org.apache.hadoop.security.UserGroupInformation$HadoopLoginContext.login(UserGroupInformation.java:2065)
	at org.apache.hadoop.security.UserGroupInformation.doSubjectLogin(UserGroupInformation.java:1975)
	at org.apache.hadoop.security.UserGroupInformation.createLoginUser(UserGroupInformation.java:719)
	at org.apache.hadoop.security.UserGroupInformation.getLoginUser(UserGroupInformation.java:669)
	at org.apache.hadoop.security.UserGroupInformation.getCurrentUser(UserGroupInformation.java:579)
	at org.apache.hadoop.fs.FileSystem$Cache$Key.<init>(FileSystem.java:3746)
	at org.apache.hadoop.fs.FileSystem$Cache$Key.<init>(FileSystem.java:3736)
	at org.apache.hadoop.fs.FileSystem$Cache.get(FileSystem.java:3520)
	at org.apache.hadoop.fs.FileSystem.get(FileSystem.java:540)
	at org.apache.hadoop.fs.FileSystem.get(FileSystem.java:288)
	at org.apache.hadoop.fs.FileSystem.get(FileSystem.java:524)
	at org.apache.hadoop.fs.Path.getFileSystem(Path.java:365)
	at org.apache.spark.sql.execution.datasources.DataSource.sourceSchema(DataSource.scala:246)
	at org.apache.spark.sql.execution.datasources.DataSource.sourceInfo$lzycompute(DataSource.scala:118)
	at org.apache.spark.sql.execution.datasources.DataSource.sourceInfo(DataSource.scala:118)
	at org.apache.spark.sql.execution.streaming.StreamingRelation$.apply(StreamingRelation.scala:36)
	at org.apache.spark.sql.streaming.DataStreamReader.loadInternal(DataStreamReader.scala:198)
	at org.apache.spark.sql.streaming.DataStreamReader.load(DataStreamReader.scala:212)
	at org.apache.spark.sql.streaming.DataStreamReader.csv(DataStreamReader.scala:260)
	at java.base/jdk.internal.reflect.NativeMethodAccessorImpl.invoke0(Native Method)
	at java.base/jdk.internal.reflect.NativeMethodAccessorImpl.invoke(NativeMethodAccessorImpl.java:77)
	at java.base/jdk.internal.reflect.DelegatingMethodAccessorImpl.invoke(DelegatingMethodAccessorImpl.java:43)
	at java.base/java.lang.reflect.Method.invoke(Method.java:568)
	at py4j.reflection.MethodInvoker.invoke(MethodInvoker.java:244)
	at py4j.reflection.ReflectionEngine.invoke(ReflectionEngine.java:374)
	at py4j.Gateway.invoke(Gateway.java:282)
	at py4j.commands.AbstractCommand.invokeMethod(AbstractCommand.java:132)
	at py4j.commands.CallCommand.execute(CallCommand.java:79)
	at py4j.ClientServerConnection.waitForCommands(ClientServerConnection.java:182)
	at py4j.ClientServerConnection.run(ClientServerConnection.java:106)
	at java.base/java.lang.Thread.run(Thread.java:840)

	at java.base/javax.security.auth.login.LoginContext.invoke(LoginContext.java:850)
	at java.base/javax.security.auth.login.LoginContext$4.run(LoginContext.java:679)
	at java.base/javax.security.auth.login.LoginContext$4.run(LoginContext.java:677)
	at java.base/java.security.AccessController.doPrivileged(AccessController.java:712)
	at java.base/javax.security.auth.login.LoginContext.invokePriv(LoginContext.java:677)
	at java.base/javax.security.auth.login.LoginContext.login(LoginContext.java:587)
	at org.apache.hadoop.security.UserGroupInformation$HadoopLoginContext.login(UserGroupInformation.java:2065)
	at org.apache.hadoop.security.UserGroupInformation.doSubjectLogin(UserGroupInformation.java:1975)
	... 29 more

2025-05-23 10:04:33,768 INFO Closing down clientserver connection
2025-05-23 10:04:41,941 INFO SparkSession initialized
2025-05-23 10:04:43,892 ERROR Failed to read streaming data: An error occurred while calling o40.csv.
: org.apache.hadoop.security.KerberosAuthException: failure to login: javax.security.auth.login.LoginException: java.lang.NullPointerException: invalid null input: name
	at jdk.security.auth/com.sun.security.auth.UnixPrincipal.<init>(UnixPrincipal.java:71)
	at jdk.security.auth/com.sun.security.auth.module.UnixLoginModule.login(UnixLoginModule.java:134)
	at java.base/javax.security.auth.login.LoginContext.invoke(LoginContext.java:755)
	at java.base/javax.security.auth.login.LoginContext$4.run(LoginContext.java:679)
	at java.base/javax.security.auth.login.LoginContext$4.run(LoginContext.java:677)
	at java.base/java.security.AccessController.doPrivileged(AccessController.java:712)
	at java.base/javax.security.auth.login.LoginContext.invokePriv(LoginContext.java:677)
	at java.base/javax.security.auth.login.LoginContext.login(LoginContext.java:587)
	at org.apache.hadoop.security.UserGroupInformation$HadoopLoginContext.login(UserGroupInformation.java:2065)
	at org.apache.hadoop.security.UserGroupInformation.doSubjectLogin(UserGroupInformation.java:1975)
	at org.apache.hadoop.security.UserGroupInformation.createLoginUser(UserGroupInformation.java:719)
	at org.apache.hadoop.security.UserGroupInformation.getLoginUser(UserGroupInformation.java:669)
	at org.apache.hadoop.security.UserGroupInformation.getCurrentUser(UserGroupInformation.java:579)
	at org.apache.hadoop.fs.FileSystem$Cache$Key.<init>(FileSystem.java:3746)
	at org.apache.hadoop.fs.FileSystem$Cache$Key.<init>(FileSystem.java:3736)
	at org.apache.hadoop.fs.FileSystem$Cache.get(FileSystem.java:3520)
	at org.apache.hadoop.fs.FileSystem.get(FileSystem.java:540)
	at org.apache.hadoop.fs.FileSystem.get(FileSystem.java:288)
	at org.apache.hadoop.fs.FileSystem.get(FileSystem.java:524)
	at org.apache.hadoop.fs.Path.getFileSystem(Path.java:365)
	at org.apache.spark.sql.execution.datasources.DataSource.sourceSchema(DataSource.scala:246)
	at org.apache.spark.sql.execution.datasources.DataSource.sourceInfo$lzycompute(DataSource.scala:118)
	at org.apache.spark.sql.execution.datasources.DataSource.sourceInfo(DataSource.scala:118)
	at org.apache.spark.sql.execution.streaming.StreamingRelation$.apply(StreamingRelation.scala:36)
	at org.apache.spark.sql.streaming.DataStreamReader.loadInternal(DataStreamReader.scala:198)
	at org.apache.spark.sql.streaming.DataStreamReader.load(DataStreamReader.scala:212)
	at org.apache.spark.sql.streaming.DataStreamReader.csv(DataStreamReader.scala:260)
	at java.base/jdk.internal.reflect.NativeMethodAccessorImpl.invoke0(Native Method)
	at java.base/jdk.internal.reflect.NativeMethodAccessorImpl.invoke(NativeMethodAccessorImpl.java:77)
	at java.base/jdk.internal.reflect.DelegatingMethodAccessorImpl.invoke(DelegatingMethodAccessorImpl.java:43)
	at java.base/java.lang.reflect.Method.invoke(Method.java:568)
	at py4j.reflection.MethodInvoker.invoke(MethodInvoker.java:244)
	at py4j.reflection.ReflectionEngine.invoke(ReflectionEngine.java:374)
	at py4j.Gateway.invoke(Gateway.java:282)
	at py4j.commands.AbstractCommand.invokeMethod(AbstractCommand.java:132)
	at py4j.commands.CallCommand.execute(CallCommand.java:79)
	at py4j.ClientServerConnection.waitForCommands(ClientServerConnection.java:182)
	at py4j.ClientServerConnection.run(ClientServerConnection.java:106)
	at java.base/java.lang.Thread.run(Thread.java:840)

	at org.apache.hadoop.security.UserGroupInformation.doSubjectLogin(UserGroupInformation.java:1986)
	at org.apache.hadoop.security.UserGroupInformation.createLoginUser(UserGroupInformation.java:719)
	at org.apache.hadoop.security.UserGroupInformation.getLoginUser(UserGroupInformation.java:669)
	at org.apache.hadoop.security.UserGroupInformation.getCurrentUser(UserGroupInformation.java:579)
	at org.apache.hadoop.fs.FileSystem$Cache$Key.<init>(FileSystem.java:3746)
	at org.apache.hadoop.fs.FileSystem$Cache$Key.<init>(FileSystem.java:3736)
	at org.apache.hadoop.fs.FileSystem$Cache.get(FileSystem.java:3520)
	at org.apache.hadoop.fs.FileSystem.get(FileSystem.java:540)
	at org.apache.hadoop.fs.FileSystem.get(FileSystem.java:288)
	at org.apache.hadoop.fs.FileSystem.get(FileSystem.java:524)
	at org.apache.hadoop.fs.Path.getFileSystem(Path.java:365)
	at org.apache.spark.sql.execution.datasources.DataSource.sourceSchema(DataSource.scala:246)
	at org.apache.spark.sql.execution.datasources.DataSource.sourceInfo$lzycompute(DataSource.scala:118)
	at org.apache.spark.sql.execution.datasources.DataSource.sourceInfo(DataSource.scala:118)
	at org.apache.spark.sql.execution.streaming.StreamingRelation$.apply(StreamingRelation.scala:36)
	at org.apache.spark.sql.streaming.DataStreamReader.loadInternal(DataStreamReader.scala:198)
	at org.apache.spark.sql.streaming.DataStreamReader.load(DataStreamReader.scala:212)
	at org.apache.spark.sql.streaming.DataStreamReader.csv(DataStreamReader.scala:260)
	at java.base/jdk.internal.reflect.NativeMethodAccessorImpl.invoke0(Native Method)
	at java.base/jdk.internal.reflect.NativeMethodAccessorImpl.invoke(NativeMethodAccessorImpl.java:77)
	at java.base/jdk.internal.reflect.DelegatingMethodAccessorImpl.invoke(DelegatingMethodAccessorImpl.java:43)
	at java.base/java.lang.reflect.Method.invoke(Method.java:568)
	at py4j.reflection.MethodInvoker.invoke(MethodInvoker.java:244)
	at py4j.reflection.ReflectionEngine.invoke(ReflectionEngine.java:374)
	at py4j.Gateway.invoke(Gateway.java:282)
	at py4j.commands.AbstractCommand.invokeMethod(AbstractCommand.java:132)
	at py4j.commands.CallCommand.execute(CallCommand.java:79)
	at py4j.ClientServerConnection.waitForCommands(ClientServerConnection.java:182)
	at py4j.ClientServerConnection.run(ClientServerConnection.java:106)
	at java.base/java.lang.Thread.run(Thread.java:840)
Caused by: javax.security.auth.login.LoginException: java.lang.NullPointerException: invalid null input: name
	at jdk.security.auth/com.sun.security.auth.UnixPrincipal.<init>(UnixPrincipal.java:71)
	at jdk.security.auth/com.sun.security.auth.module.UnixLoginModule.login(UnixLoginModule.java:134)
	at java.base/javax.security.auth.login.LoginContext.invoke(LoginContext.java:755)
	at java.base/javax.security.auth.login.LoginContext$4.run(LoginContext.java:679)
	at java.base/javax.security.auth.login.LoginContext$4.run(LoginContext.java:677)
	at java.base/java.security.AccessController.doPrivileged(AccessController.java:712)
	at java.base/javax.security.auth.login.LoginContext.invokePriv(LoginContext.java:677)
	at java.base/javax.security.auth.login.LoginContext.login(LoginContext.java:587)
	at org.apache.hadoop.security.UserGroupInformation$HadoopLoginContext.login(UserGroupInformation.java:2065)
	at org.apache.hadoop.security.UserGroupInformation.doSubjectLogin(UserGroupInformation.java:1975)
	at org.apache.hadoop.security.UserGroupInformation.createLoginUser(UserGroupInformation.java:719)
	at org.apache.hadoop.security.UserGroupInformation.getLoginUser(UserGroupInformation.java:669)
	at org.apache.hadoop.security.UserGroupInformation.getCurrentUser(UserGroupInformation.java:579)
	at org.apache.hadoop.fs.FileSystem$Cache$Key.<init>(FileSystem.java:3746)
	at org.apache.hadoop.fs.FileSystem$Cache$Key.<init>(FileSystem.java:3736)
	at org.apache.hadoop.fs.FileSystem$Cache.get(FileSystem.java:3520)
	at org.apache.hadoop.fs.FileSystem.get(FileSystem.java:540)
	at org.apache.hadoop.fs.FileSystem.get(FileSystem.java:288)
	at org.apache.hadoop.fs.FileSystem.get(FileSystem.java:524)
	at org.apache.hadoop.fs.Path.getFileSystem(Path.java:365)
	at org.apache.spark.sql.execution.datasources.DataSource.sourceSchema(DataSource.scala:246)
	at org.apache.spark.sql.execution.datasources.DataSource.sourceInfo$lzycompute(DataSource.scala:118)
	at org.apache.spark.sql.execution.datasources.DataSource.sourceInfo(DataSource.scala:118)
	at org.apache.spark.sql.execution.streaming.StreamingRelation$.apply(StreamingRelation.scala:36)
	at org.apache.spark.sql.streaming.DataStreamReader.loadInternal(DataStreamReader.scala:198)
	at org.apache.spark.sql.streaming.DataStreamReader.load(DataStreamReader.scala:212)
	at org.apache.spark.sql.streaming.DataStreamReader.csv(DataStreamReader.scala:260)
	at java.base/jdk.internal.reflect.NativeMethodAccessorImpl.invoke0(Native Method)
	at java.base/jdk.internal.reflect.NativeMethodAccessorImpl.invoke(NativeMethodAccessorImpl.java:77)
	at java.base/jdk.internal.reflect.DelegatingMethodAccessorImpl.invoke(DelegatingMethodAccessorImpl.java:43)
	at java.base/java.lang.reflect.Method.invoke(Method.java:568)
	at py4j.reflection.MethodInvoker.invoke(MethodInvoker.java:244)
	at py4j.reflection.ReflectionEngine.invoke(ReflectionEngine.java:374)
	at py4j.Gateway.invoke(Gateway.java:282)
	at py4j.commands.AbstractCommand.invokeMethod(AbstractCommand.java:132)
	at py4j.commands.CallCommand.execute(CallCommand.java:79)
	at py4j.ClientServerConnection.waitForCommands(ClientServerConnection.java:182)
	at py4j.ClientServerConnection.run(ClientServerConnection.java:106)
	at java.base/java.lang.Thread.run(Thread.java:840)

	at java.base/javax.security.auth.login.LoginContext.invoke(LoginContext.java:850)
	at java.base/javax.security.auth.login.LoginContext$4.run(LoginContext.java:679)
	at java.base/javax.security.auth.login.LoginContext$4.run(LoginContext.java:677)
	at java.base/java.security.AccessController.doPrivileged(AccessController.java:712)
	at java.base/javax.security.auth.login.LoginContext.invokePriv(LoginContext.java:677)
	at java.base/javax.security.auth.login.LoginContext.login(LoginContext.java:587)
	at org.apache.hadoop.security.UserGroupInformation$HadoopLoginContext.login(UserGroupInformation.java:2065)
	at org.apache.hadoop.security.UserGroupInformation.doSubjectLogin(UserGroupInformation.java:1975)
	... 29 more

2025-05-23 10:04:44,202 ERROR Application failed: An error occurred while calling o40.csv.
: org.apache.hadoop.security.KerberosAuthException: failure to login: javax.security.auth.login.LoginException: java.lang.NullPointerException: invalid null input: name
	at jdk.security.auth/com.sun.security.auth.UnixPrincipal.<init>(UnixPrincipal.java:71)
	at jdk.security.auth/com.sun.security.auth.module.UnixLoginModule.login(UnixLoginModule.java:134)
	at java.base/javax.security.auth.login.LoginContext.invoke(LoginContext.java:755)
	at java.base/javax.security.auth.login.LoginContext$4.run(LoginContext.java:679)
	at java.base/javax.security.auth.login.LoginContext$4.run(LoginContext.java:677)
	at java.base/java.security.AccessController.doPrivileged(AccessController.java:712)
	at java.base/javax.security.auth.login.LoginContext.invokePriv(LoginContext.java:677)
	at java.base/javax.security.auth.login.LoginContext.login(LoginContext.java:587)
	at org.apache.hadoop.security.UserGroupInformation$HadoopLoginContext.login(UserGroupInformation.java:2065)
	at org.apache.hadoop.security.UserGroupInformation.doSubjectLogin(UserGroupInformation.java:1975)
	at org.apache.hadoop.security.UserGroupInformation.createLoginUser(UserGroupInformation.java:719)
	at org.apache.hadoop.security.UserGroupInformation.getLoginUser(UserGroupInformation.java:669)
	at org.apache.hadoop.security.UserGroupInformation.getCurrentUser(UserGroupInformation.java:579)
	at org.apache.hadoop.fs.FileSystem$Cache$Key.<init>(FileSystem.java:3746)
	at org.apache.hadoop.fs.FileSystem$Cache$Key.<init>(FileSystem.java:3736)
	at org.apache.hadoop.fs.FileSystem$Cache.get(FileSystem.java:3520)
	at org.apache.hadoop.fs.FileSystem.get(FileSystem.java:540)
	at org.apache.hadoop.fs.FileSystem.get(FileSystem.java:288)
	at org.apache.hadoop.fs.FileSystem.get(FileSystem.java:524)
	at org.apache.hadoop.fs.Path.getFileSystem(Path.java:365)
	at org.apache.spark.sql.execution.datasources.DataSource.sourceSchema(DataSource.scala:246)
	at org.apache.spark.sql.execution.datasources.DataSource.sourceInfo$lzycompute(DataSource.scala:118)
	at org.apache.spark.sql.execution.datasources.DataSource.sourceInfo(DataSource.scala:118)
	at org.apache.spark.sql.execution.streaming.StreamingRelation$.apply(StreamingRelation.scala:36)
	at org.apache.spark.sql.streaming.DataStreamReader.loadInternal(DataStreamReader.scala:198)
	at org.apache.spark.sql.streaming.DataStreamReader.load(DataStreamReader.scala:212)
	at org.apache.spark.sql.streaming.DataStreamReader.csv(DataStreamReader.scala:260)
	at java.base/jdk.internal.reflect.NativeMethodAccessorImpl.invoke0(Native Method)
	at java.base/jdk.internal.reflect.NativeMethodAccessorImpl.invoke(NativeMethodAccessorImpl.java:77)
	at java.base/jdk.internal.reflect.DelegatingMethodAccessorImpl.invoke(DelegatingMethodAccessorImpl.java:43)
	at java.base/java.lang.reflect.Method.invoke(Method.java:568)
	at py4j.reflection.MethodInvoker.invoke(MethodInvoker.java:244)
	at py4j.reflection.ReflectionEngine.invoke(ReflectionEngine.java:374)
	at py4j.Gateway.invoke(Gateway.java:282)
	at py4j.commands.AbstractCommand.invokeMethod(AbstractCommand.java:132)
	at py4j.commands.CallCommand.execute(CallCommand.java:79)
	at py4j.ClientServerConnection.waitForCommands(ClientServerConnection.java:182)
	at py4j.ClientServerConnection.run(ClientServerConnection.java:106)
	at java.base/java.lang.Thread.run(Thread.java:840)

	at org.apache.hadoop.security.UserGroupInformation.doSubjectLogin(UserGroupInformation.java:1986)
	at org.apache.hadoop.security.UserGroupInformation.createLoginUser(UserGroupInformation.java:719)
	at org.apache.hadoop.security.UserGroupInformation.getLoginUser(UserGroupInformation.java:669)
	at org.apache.hadoop.security.UserGroupInformation.getCurrentUser(UserGroupInformation.java:579)
	at org.apache.hadoop.fs.FileSystem$Cache$Key.<init>(FileSystem.java:3746)
	at org.apache.hadoop.fs.FileSystem$Cache$Key.<init>(FileSystem.java:3736)
	at org.apache.hadoop.fs.FileSystem$Cache.get(FileSystem.java:3520)
	at org.apache.hadoop.fs.FileSystem.get(FileSystem.java:540)
	at org.apache.hadoop.fs.FileSystem.get(FileSystem.java:288)
	at org.apache.hadoop.fs.FileSystem.get(FileSystem.java:524)
	at org.apache.hadoop.fs.Path.getFileSystem(Path.java:365)
	at org.apache.spark.sql.execution.datasources.DataSource.sourceSchema(DataSource.scala:246)
	at org.apache.spark.sql.execution.datasources.DataSource.sourceInfo$lzycompute(DataSource.scala:118)
	at org.apache.spark.sql.execution.datasources.DataSource.sourceInfo(DataSource.scala:118)
	at org.apache.spark.sql.execution.streaming.StreamingRelation$.apply(StreamingRelation.scala:36)
	at org.apache.spark.sql.streaming.DataStreamReader.loadInternal(DataStreamReader.scala:198)
	at org.apache.spark.sql.streaming.DataStreamReader.load(DataStreamReader.scala:212)
	at org.apache.spark.sql.streaming.DataStreamReader.csv(DataStreamReader.scala:260)
	at java.base/jdk.internal.reflect.NativeMethodAccessorImpl.invoke0(Native Method)
	at java.base/jdk.internal.reflect.NativeMethodAccessorImpl.invoke(NativeMethodAccessorImpl.java:77)
	at java.base/jdk.internal.reflect.DelegatingMethodAccessorImpl.invoke(DelegatingMethodAccessorImpl.java:43)
	at java.base/java.lang.reflect.Method.invoke(Method.java:568)
	at py4j.reflection.MethodInvoker.invoke(MethodInvoker.java:244)
	at py4j.reflection.ReflectionEngine.invoke(ReflectionEngine.java:374)
	at py4j.Gateway.invoke(Gateway.java:282)
	at py4j.commands.AbstractCommand.invokeMethod(AbstractCommand.java:132)
	at py4j.commands.CallCommand.execute(CallCommand.java:79)
	at py4j.ClientServerConnection.waitForCommands(ClientServerConnection.java:182)
	at py4j.ClientServerConnection.run(ClientServerConnection.java:106)
	at java.base/java.lang.Thread.run(Thread.java:840)
Caused by: javax.security.auth.login.LoginException: java.lang.NullPointerException: invalid null input: name
	at jdk.security.auth/com.sun.security.auth.UnixPrincipal.<init>(UnixPrincipal.java:71)
	at jdk.security.auth/com.sun.security.auth.module.UnixLoginModule.login(UnixLoginModule.java:134)
	at java.base/javax.security.auth.login.LoginContext.invoke(LoginContext.java:755)
	at java.base/javax.security.auth.login.LoginContext$4.run(LoginContext.java:679)
	at java.base/javax.security.auth.login.LoginContext$4.run(LoginContext.java:677)
	at java.base/java.security.AccessController.doPrivileged(AccessController.java:712)
	at java.base/javax.security.auth.login.LoginContext.invokePriv(LoginContext.java:677)
	at java.base/javax.security.auth.login.LoginContext.login(LoginContext.java:587)
	at org.apache.hadoop.security.UserGroupInformation$HadoopLoginContext.login(UserGroupInformation.java:2065)
	at org.apache.hadoop.security.UserGroupInformation.doSubjectLogin(UserGroupInformation.java:1975)
	at org.apache.hadoop.security.UserGroupInformation.createLoginUser(UserGroupInformation.java:719)
	at org.apache.hadoop.security.UserGroupInformation.getLoginUser(UserGroupInformation.java:669)
	at org.apache.hadoop.security.UserGroupInformation.getCurrentUser(UserGroupInformation.java:579)
	at org.apache.hadoop.fs.FileSystem$Cache$Key.<init>(FileSystem.java:3746)
	at org.apache.hadoop.fs.FileSystem$Cache$Key.<init>(FileSystem.java:3736)
	at org.apache.hadoop.fs.FileSystem$Cache.get(FileSystem.java:3520)
	at org.apache.hadoop.fs.FileSystem.get(FileSystem.java:540)
	at org.apache.hadoop.fs.FileSystem.get(FileSystem.java:288)
	at org.apache.hadoop.fs.FileSystem.get(FileSystem.java:524)
	at org.apache.hadoop.fs.Path.getFileSystem(Path.java:365)
	at org.apache.spark.sql.execution.datasources.DataSource.sourceSchema(DataSource.scala:246)
	at org.apache.spark.sql.execution.datasources.DataSource.sourceInfo$lzycompute(DataSource.scala:118)
	at org.apache.spark.sql.execution.datasources.DataSource.sourceInfo(DataSource.scala:118)
	at org.apache.spark.sql.execution.streaming.StreamingRelation$.apply(StreamingRelation.scala:36)
	at org.apache.spark.sql.streaming.DataStreamReader.loadInternal(DataStreamReader.scala:198)
	at org.apache.spark.sql.streaming.DataStreamReader.load(DataStreamReader.scala:212)
	at org.apache.spark.sql.streaming.DataStreamReader.csv(DataStreamReader.scala:260)
	at java.base/jdk.internal.reflect.NativeMethodAccessorImpl.invoke0(Native Method)
	at java.base/jdk.internal.reflect.NativeMethodAccessorImpl.invoke(NativeMethodAccessorImpl.java:77)
	at java.base/jdk.internal.reflect.DelegatingMethodAccessorImpl.invoke(DelegatingMethodAccessorImpl.java:43)
	at java.base/java.lang.reflect.Method.invoke(Method.java:568)
	at py4j.reflection.MethodInvoker.invoke(MethodInvoker.java:244)
	at py4j.reflection.ReflectionEngine.invoke(ReflectionEngine.java:374)
	at py4j.Gateway.invoke(Gateway.java:282)
	at py4j.commands.AbstractCommand.invokeMethod(AbstractCommand.java:132)
	at py4j.commands.CallCommand.execute(CallCommand.java:79)
	at py4j.ClientServerConnection.waitForCommands(ClientServerConnection.java:182)
	at py4j.ClientServerConnection.run(ClientServerConnection.java:106)
	at java.base/java.lang.Thread.run(Thread.java:840)

	at java.base/javax.security.auth.login.LoginContext.invoke(LoginContext.java:850)
	at java.base/javax.security.auth.login.LoginContext$4.run(LoginContext.java:679)
	at java.base/javax.security.auth.login.LoginContext$4.run(LoginContext.java:677)
	at java.base/java.security.AccessController.doPrivileged(AccessController.java:712)
	at java.base/javax.security.auth.login.LoginContext.invokePriv(LoginContext.java:677)
	at java.base/javax.security.auth.login.LoginContext.login(LoginContext.java:587)
	at org.apache.hadoop.security.UserGroupInformation$HadoopLoginContext.login(UserGroupInformation.java:2065)
	at org.apache.hadoop.security.UserGroupInformation.doSubjectLogin(UserGroupInformation.java:1975)
	... 29 more

2025-05-23 10:04:44,263 INFO Closing down clientserver connection
2025-05-23 10:04:53,079 INFO SparkSession initialized
2025-05-23 10:04:55,158 ERROR Failed to read streaming data: An error occurred while calling o40.csv.
: org.apache.hadoop.security.KerberosAuthException: failure to login: javax.security.auth.login.LoginException: java.lang.NullPointerException: invalid null input: name
	at jdk.security.auth/com.sun.security.auth.UnixPrincipal.<init>(UnixPrincipal.java:71)
	at jdk.security.auth/com.sun.security.auth.module.UnixLoginModule.login(UnixLoginModule.java:134)
	at java.base/javax.security.auth.login.LoginContext.invoke(LoginContext.java:755)
	at java.base/javax.security.auth.login.LoginContext$4.run(LoginContext.java:679)
	at java.base/javax.security.auth.login.LoginContext$4.run(LoginContext.java:677)
	at java.base/java.security.AccessController.doPrivileged(AccessController.java:712)
	at java.base/javax.security.auth.login.LoginContext.invokePriv(LoginContext.java:677)
	at java.base/javax.security.auth.login.LoginContext.login(LoginContext.java:587)
	at org.apache.hadoop.security.UserGroupInformation$HadoopLoginContext.login(UserGroupInformation.java:2065)
	at org.apache.hadoop.security.UserGroupInformation.doSubjectLogin(UserGroupInformation.java:1975)
	at org.apache.hadoop.security.UserGroupInformation.createLoginUser(UserGroupInformation.java:719)
	at org.apache.hadoop.security.UserGroupInformation.getLoginUser(UserGroupInformation.java:669)
	at org.apache.hadoop.security.UserGroupInformation.getCurrentUser(UserGroupInformation.java:579)
	at org.apache.hadoop.fs.FileSystem$Cache$Key.<init>(FileSystem.java:3746)
	at org.apache.hadoop.fs.FileSystem$Cache$Key.<init>(FileSystem.java:3736)
	at org.apache.hadoop.fs.FileSystem$Cache.get(FileSystem.java:3520)
	at org.apache.hadoop.fs.FileSystem.get(FileSystem.java:540)
	at org.apache.hadoop.fs.FileSystem.get(FileSystem.java:288)
	at org.apache.hadoop.fs.FileSystem.get(FileSystem.java:524)
	at org.apache.hadoop.fs.Path.getFileSystem(Path.java:365)
	at org.apache.spark.sql.execution.datasources.DataSource.sourceSchema(DataSource.scala:246)
	at org.apache.spark.sql.execution.datasources.DataSource.sourceInfo$lzycompute(DataSource.scala:118)
	at org.apache.spark.sql.execution.datasources.DataSource.sourceInfo(DataSource.scala:118)
	at org.apache.spark.sql.execution.streaming.StreamingRelation$.apply(StreamingRelation.scala:36)
	at org.apache.spark.sql.streaming.DataStreamReader.loadInternal(DataStreamReader.scala:198)
	at org.apache.spark.sql.streaming.DataStreamReader.load(DataStreamReader.scala:212)
	at org.apache.spark.sql.streaming.DataStreamReader.csv(DataStreamReader.scala:260)
	at java.base/jdk.internal.reflect.NativeMethodAccessorImpl.invoke0(Native Method)
	at java.base/jdk.internal.reflect.NativeMethodAccessorImpl.invoke(NativeMethodAccessorImpl.java:77)
	at java.base/jdk.internal.reflect.DelegatingMethodAccessorImpl.invoke(DelegatingMethodAccessorImpl.java:43)
	at java.base/java.lang.reflect.Method.invoke(Method.java:568)
	at py4j.reflection.MethodInvoker.invoke(MethodInvoker.java:244)
	at py4j.reflection.ReflectionEngine.invoke(ReflectionEngine.java:374)
	at py4j.Gateway.invoke(Gateway.java:282)
	at py4j.commands.AbstractCommand.invokeMethod(AbstractCommand.java:132)
	at py4j.commands.CallCommand.execute(CallCommand.java:79)
	at py4j.ClientServerConnection.waitForCommands(ClientServerConnection.java:182)
	at py4j.ClientServerConnection.run(ClientServerConnection.java:106)
	at java.base/java.lang.Thread.run(Thread.java:840)

	at org.apache.hadoop.security.UserGroupInformation.doSubjectLogin(UserGroupInformation.java:1986)
	at org.apache.hadoop.security.UserGroupInformation.createLoginUser(UserGroupInformation.java:719)
	at org.apache.hadoop.security.UserGroupInformation.getLoginUser(UserGroupInformation.java:669)
	at org.apache.hadoop.security.UserGroupInformation.getCurrentUser(UserGroupInformation.java:579)
	at org.apache.hadoop.fs.FileSystem$Cache$Key.<init>(FileSystem.java:3746)
	at org.apache.hadoop.fs.FileSystem$Cache$Key.<init>(FileSystem.java:3736)
	at org.apache.hadoop.fs.FileSystem$Cache.get(FileSystem.java:3520)
	at org.apache.hadoop.fs.FileSystem.get(FileSystem.java:540)
	at org.apache.hadoop.fs.FileSystem.get(FileSystem.java:288)
	at org.apache.hadoop.fs.FileSystem.get(FileSystem.java:524)
	at org.apache.hadoop.fs.Path.getFileSystem(Path.java:365)
	at org.apache.spark.sql.execution.datasources.DataSource.sourceSchema(DataSource.scala:246)
	at org.apache.spark.sql.execution.datasources.DataSource.sourceInfo$lzycompute(DataSource.scala:118)
	at org.apache.spark.sql.execution.datasources.DataSource.sourceInfo(DataSource.scala:118)
	at org.apache.spark.sql.execution.streaming.StreamingRelation$.apply(StreamingRelation.scala:36)
	at org.apache.spark.sql.streaming.DataStreamReader.loadInternal(DataStreamReader.scala:198)
	at org.apache.spark.sql.streaming.DataStreamReader.load(DataStreamReader.scala:212)
	at org.apache.spark.sql.streaming.DataStreamReader.csv(DataStreamReader.scala:260)
	at java.base/jdk.internal.reflect.NativeMethodAccessorImpl.invoke0(Native Method)
	at java.base/jdk.internal.reflect.NativeMethodAccessorImpl.invoke(NativeMethodAccessorImpl.java:77)
	at java.base/jdk.internal.reflect.DelegatingMethodAccessorImpl.invoke(DelegatingMethodAccessorImpl.java:43)
	at java.base/java.lang.reflect.Method.invoke(Method.java:568)
	at py4j.reflection.MethodInvoker.invoke(MethodInvoker.java:244)
	at py4j.reflection.ReflectionEngine.invoke(ReflectionEngine.java:374)
	at py4j.Gateway.invoke(Gateway.java:282)
	at py4j.commands.AbstractCommand.invokeMethod(AbstractCommand.java:132)
	at py4j.commands.CallCommand.execute(CallCommand.java:79)
	at py4j.ClientServerConnection.waitForCommands(ClientServerConnection.java:182)
	at py4j.ClientServerConnection.run(ClientServerConnection.java:106)
	at java.base/java.lang.Thread.run(Thread.java:840)
Caused by: javax.security.auth.login.LoginException: java.lang.NullPointerException: invalid null input: name
	at jdk.security.auth/com.sun.security.auth.UnixPrincipal.<init>(UnixPrincipal.java:71)
	at jdk.security.auth/com.sun.security.auth.module.UnixLoginModule.login(UnixLoginModule.java:134)
	at java.base/javax.security.auth.login.LoginContext.invoke(LoginContext.java:755)
	at java.base/javax.security.auth.login.LoginContext$4.run(LoginContext.java:679)
	at java.base/javax.security.auth.login.LoginContext$4.run(LoginContext.java:677)
	at java.base/java.security.AccessController.doPrivileged(AccessController.java:712)
	at java.base/javax.security.auth.login.LoginContext.invokePriv(LoginContext.java:677)
	at java.base/javax.security.auth.login.LoginContext.login(LoginContext.java:587)
	at org.apache.hadoop.security.UserGroupInformation$HadoopLoginContext.login(UserGroupInformation.java:2065)
	at org.apache.hadoop.security.UserGroupInformation.doSubjectLogin(UserGroupInformation.java:1975)
	at org.apache.hadoop.security.UserGroupInformation.createLoginUser(UserGroupInformation.java:719)
	at org.apache.hadoop.security.UserGroupInformation.getLoginUser(UserGroupInformation.java:669)
	at org.apache.hadoop.security.UserGroupInformation.getCurrentUser(UserGroupInformation.java:579)
	at org.apache.hadoop.fs.FileSystem$Cache$Key.<init>(FileSystem.java:3746)
	at org.apache.hadoop.fs.FileSystem$Cache$Key.<init>(FileSystem.java:3736)
	at org.apache.hadoop.fs.FileSystem$Cache.get(FileSystem.java:3520)
	at org.apache.hadoop.fs.FileSystem.get(FileSystem.java:540)
	at org.apache.hadoop.fs.FileSystem.get(FileSystem.java:288)
	at org.apache.hadoop.fs.FileSystem.get(FileSystem.java:524)
	at org.apache.hadoop.fs.Path.getFileSystem(Path.java:365)
	at org.apache.spark.sql.execution.datasources.DataSource.sourceSchema(DataSource.scala:246)
	at org.apache.spark.sql.execution.datasources.DataSource.sourceInfo$lzycompute(DataSource.scala:118)
	at org.apache.spark.sql.execution.datasources.DataSource.sourceInfo(DataSource.scala:118)
	at org.apache.spark.sql.execution.streaming.StreamingRelation$.apply(StreamingRelation.scala:36)
	at org.apache.spark.sql.streaming.DataStreamReader.loadInternal(DataStreamReader.scala:198)
	at org.apache.spark.sql.streaming.DataStreamReader.load(DataStreamReader.scala:212)
	at org.apache.spark.sql.streaming.DataStreamReader.csv(DataStreamReader.scala:260)
	at java.base/jdk.internal.reflect.NativeMethodAccessorImpl.invoke0(Native Method)
	at java.base/jdk.internal.reflect.NativeMethodAccessorImpl.invoke(NativeMethodAccessorImpl.java:77)
	at java.base/jdk.internal.reflect.DelegatingMethodAccessorImpl.invoke(DelegatingMethodAccessorImpl.java:43)
	at java.base/java.lang.reflect.Method.invoke(Method.java:568)
	at py4j.reflection.MethodInvoker.invoke(MethodInvoker.java:244)
	at py4j.reflection.ReflectionEngine.invoke(ReflectionEngine.java:374)
	at py4j.Gateway.invoke(Gateway.java:282)
	at py4j.commands.AbstractCommand.invokeMethod(AbstractCommand.java:132)
	at py4j.commands.CallCommand.execute(CallCommand.java:79)
	at py4j.ClientServerConnection.waitForCommands(ClientServerConnection.java:182)
	at py4j.ClientServerConnection.run(ClientServerConnection.java:106)
	at java.base/java.lang.Thread.run(Thread.java:840)

	at java.base/javax.security.auth.login.LoginContext.invoke(LoginContext.java:850)
	at java.base/javax.security.auth.login.LoginContext$4.run(LoginContext.java:679)
	at java.base/javax.security.auth.login.LoginContext$4.run(LoginContext.java:677)
	at java.base/java.security.AccessController.doPrivileged(AccessController.java:712)
	at java.base/javax.security.auth.login.LoginContext.invokePriv(LoginContext.java:677)
	at java.base/javax.security.auth.login.LoginContext.login(LoginContext.java:587)
	at org.apache.hadoop.security.UserGroupInformation$HadoopLoginContext.login(UserGroupInformation.java:2065)
	at org.apache.hadoop.security.UserGroupInformation.doSubjectLogin(UserGroupInformation.java:1975)
	... 29 more

2025-05-23 10:04:55,819 ERROR Application failed: An error occurred while calling o40.csv.
: org.apache.hadoop.security.KerberosAuthException: failure to login: javax.security.auth.login.LoginException: java.lang.NullPointerException: invalid null input: name
	at jdk.security.auth/com.sun.security.auth.UnixPrincipal.<init>(UnixPrincipal.java:71)
	at jdk.security.auth/com.sun.security.auth.module.UnixLoginModule.login(UnixLoginModule.java:134)
	at java.base/javax.security.auth.login.LoginContext.invoke(LoginContext.java:755)
	at java.base/javax.security.auth.login.LoginContext$4.run(LoginContext.java:679)
	at java.base/javax.security.auth.login.LoginContext$4.run(LoginContext.java:677)
	at java.base/java.security.AccessController.doPrivileged(AccessController.java:712)
	at java.base/javax.security.auth.login.LoginContext.invokePriv(LoginContext.java:677)
	at java.base/javax.security.auth.login.LoginContext.login(LoginContext.java:587)
	at org.apache.hadoop.security.UserGroupInformation$HadoopLoginContext.login(UserGroupInformation.java:2065)
	at org.apache.hadoop.security.UserGroupInformation.doSubjectLogin(UserGroupInformation.java:1975)
	at org.apache.hadoop.security.UserGroupInformation.createLoginUser(UserGroupInformation.java:719)
	at org.apache.hadoop.security.UserGroupInformation.getLoginUser(UserGroupInformation.java:669)
	at org.apache.hadoop.security.UserGroupInformation.getCurrentUser(UserGroupInformation.java:579)
	at org.apache.hadoop.fs.FileSystem$Cache$Key.<init>(FileSystem.java:3746)
	at org.apache.hadoop.fs.FileSystem$Cache$Key.<init>(FileSystem.java:3736)
	at org.apache.hadoop.fs.FileSystem$Cache.get(FileSystem.java:3520)
	at org.apache.hadoop.fs.FileSystem.get(FileSystem.java:540)
	at org.apache.hadoop.fs.FileSystem.get(FileSystem.java:288)
	at org.apache.hadoop.fs.FileSystem.get(FileSystem.java:524)
	at org.apache.hadoop.fs.Path.getFileSystem(Path.java:365)
	at org.apache.spark.sql.execution.datasources.DataSource.sourceSchema(DataSource.scala:246)
	at org.apache.spark.sql.execution.datasources.DataSource.sourceInfo$lzycompute(DataSource.scala:118)
	at org.apache.spark.sql.execution.datasources.DataSource.sourceInfo(DataSource.scala:118)
	at org.apache.spark.sql.execution.streaming.StreamingRelation$.apply(StreamingRelation.scala:36)
	at org.apache.spark.sql.streaming.DataStreamReader.loadInternal(DataStreamReader.scala:198)
	at org.apache.spark.sql.streaming.DataStreamReader.load(DataStreamReader.scala:212)
	at org.apache.spark.sql.streaming.DataStreamReader.csv(DataStreamReader.scala:260)
	at java.base/jdk.internal.reflect.NativeMethodAccessorImpl.invoke0(Native Method)
	at java.base/jdk.internal.reflect.NativeMethodAccessorImpl.invoke(NativeMethodAccessorImpl.java:77)
	at java.base/jdk.internal.reflect.DelegatingMethodAccessorImpl.invoke(DelegatingMethodAccessorImpl.java:43)
	at java.base/java.lang.reflect.Method.invoke(Method.java:568)
	at py4j.reflection.MethodInvoker.invoke(MethodInvoker.java:244)
	at py4j.reflection.ReflectionEngine.invoke(ReflectionEngine.java:374)
	at py4j.Gateway.invoke(Gateway.java:282)
	at py4j.commands.AbstractCommand.invokeMethod(AbstractCommand.java:132)
	at py4j.commands.CallCommand.execute(CallCommand.java:79)
	at py4j.ClientServerConnection.waitForCommands(ClientServerConnection.java:182)
	at py4j.ClientServerConnection.run(ClientServerConnection.java:106)
	at java.base/java.lang.Thread.run(Thread.java:840)

	at org.apache.hadoop.security.UserGroupInformation.doSubjectLogin(UserGroupInformation.java:1986)
	at org.apache.hadoop.security.UserGroupInformation.createLoginUser(UserGroupInformation.java:719)
	at org.apache.hadoop.security.UserGroupInformation.getLoginUser(UserGroupInformation.java:669)
	at org.apache.hadoop.security.UserGroupInformation.getCurrentUser(UserGroupInformation.java:579)
	at org.apache.hadoop.fs.FileSystem$Cache$Key.<init>(FileSystem.java:3746)
	at org.apache.hadoop.fs.FileSystem$Cache$Key.<init>(FileSystem.java:3736)
	at org.apache.hadoop.fs.FileSystem$Cache.get(FileSystem.java:3520)
	at org.apache.hadoop.fs.FileSystem.get(FileSystem.java:540)
	at org.apache.hadoop.fs.FileSystem.get(FileSystem.java:288)
	at org.apache.hadoop.fs.FileSystem.get(FileSystem.java:524)
	at org.apache.hadoop.fs.Path.getFileSystem(Path.java:365)
	at org.apache.spark.sql.execution.datasources.DataSource.sourceSchema(DataSource.scala:246)
	at org.apache.spark.sql.execution.datasources.DataSource.sourceInfo$lzycompute(DataSource.scala:118)
	at org.apache.spark.sql.execution.datasources.DataSource.sourceInfo(DataSource.scala:118)
	at org.apache.spark.sql.execution.streaming.StreamingRelation$.apply(StreamingRelation.scala:36)
	at org.apache.spark.sql.streaming.DataStreamReader.loadInternal(DataStreamReader.scala:198)
	at org.apache.spark.sql.streaming.DataStreamReader.load(DataStreamReader.scala:212)
	at org.apache.spark.sql.streaming.DataStreamReader.csv(DataStreamReader.scala:260)
	at java.base/jdk.internal.reflect.NativeMethodAccessorImpl.invoke0(Native Method)
	at java.base/jdk.internal.reflect.NativeMethodAccessorImpl.invoke(NativeMethodAccessorImpl.java:77)
	at java.base/jdk.internal.reflect.DelegatingMethodAccessorImpl.invoke(DelegatingMethodAccessorImpl.java:43)
	at java.base/java.lang.reflect.Method.invoke(Method.java:568)
	at py4j.reflection.MethodInvoker.invoke(MethodInvoker.java:244)
	at py4j.reflection.ReflectionEngine.invoke(ReflectionEngine.java:374)
	at py4j.Gateway.invoke(Gateway.java:282)
	at py4j.commands.AbstractCommand.invokeMethod(AbstractCommand.java:132)
	at py4j.commands.CallCommand.execute(CallCommand.java:79)
	at py4j.ClientServerConnection.waitForCommands(ClientServerConnection.java:182)
	at py4j.ClientServerConnection.run(ClientServerConnection.java:106)
	at java.base/java.lang.Thread.run(Thread.java:840)
Caused by: javax.security.auth.login.LoginException: java.lang.NullPointerException: invalid null input: name
	at jdk.security.auth/com.sun.security.auth.UnixPrincipal.<init>(UnixPrincipal.java:71)
	at jdk.security.auth/com.sun.security.auth.module.UnixLoginModule.login(UnixLoginModule.java:134)
	at java.base/javax.security.auth.login.LoginContext.invoke(LoginContext.java:755)
	at java.base/javax.security.auth.login.LoginContext$4.run(LoginContext.java:679)
	at java.base/javax.security.auth.login.LoginContext$4.run(LoginContext.java:677)
	at java.base/java.security.AccessController.doPrivileged(AccessController.java:712)
	at java.base/javax.security.auth.login.LoginContext.invokePriv(LoginContext.java:677)
	at java.base/javax.security.auth.login.LoginContext.login(LoginContext.java:587)
	at org.apache.hadoop.security.UserGroupInformation$HadoopLoginContext.login(UserGroupInformation.java:2065)
	at org.apache.hadoop.security.UserGroupInformation.doSubjectLogin(UserGroupInformation.java:1975)
	at org.apache.hadoop.security.UserGroupInformation.createLoginUser(UserGroupInformation.java:719)
	at org.apache.hadoop.security.UserGroupInformation.getLoginUser(UserGroupInformation.java:669)
	at org.apache.hadoop.security.UserGroupInformation.getCurrentUser(UserGroupInformation.java:579)
	at org.apache.hadoop.fs.FileSystem$Cache$Key.<init>(FileSystem.java:3746)
	at org.apache.hadoop.fs.FileSystem$Cache$Key.<init>(FileSystem.java:3736)
	at org.apache.hadoop.fs.FileSystem$Cache.get(FileSystem.java:3520)
	at org.apache.hadoop.fs.FileSystem.get(FileSystem.java:540)
	at org.apache.hadoop.fs.FileSystem.get(FileSystem.java:288)
	at org.apache.hadoop.fs.FileSystem.get(FileSystem.java:524)
	at org.apache.hadoop.fs.Path.getFileSystem(Path.java:365)
	at org.apache.spark.sql.execution.datasources.DataSource.sourceSchema(DataSource.scala:246)
	at org.apache.spark.sql.execution.datasources.DataSource.sourceInfo$lzycompute(DataSource.scala:118)
	at org.apache.spark.sql.execution.datasources.DataSource.sourceInfo(DataSource.scala:118)
	at org.apache.spark.sql.execution.streaming.StreamingRelation$.apply(StreamingRelation.scala:36)
	at org.apache.spark.sql.streaming.DataStreamReader.loadInternal(DataStreamReader.scala:198)
	at org.apache.spark.sql.streaming.DataStreamReader.load(DataStreamReader.scala:212)
	at org.apache.spark.sql.streaming.DataStreamReader.csv(DataStreamReader.scala:260)
	at java.base/jdk.internal.reflect.NativeMethodAccessorImpl.invoke0(Native Method)
	at java.base/jdk.internal.reflect.NativeMethodAccessorImpl.invoke(NativeMethodAccessorImpl.java:77)
	at java.base/jdk.internal.reflect.DelegatingMethodAccessorImpl.invoke(DelegatingMethodAccessorImpl.java:43)
	at java.base/java.lang.reflect.Method.invoke(Method.java:568)
	at py4j.reflection.MethodInvoker.invoke(MethodInvoker.java:244)
	at py4j.reflection.ReflectionEngine.invoke(ReflectionEngine.java:374)
	at py4j.Gateway.invoke(Gateway.java:282)
	at py4j.commands.AbstractCommand.invokeMethod(AbstractCommand.java:132)
	at py4j.commands.CallCommand.execute(CallCommand.java:79)
	at py4j.ClientServerConnection.waitForCommands(ClientServerConnection.java:182)
	at py4j.ClientServerConnection.run(ClientServerConnection.java:106)
	at java.base/java.lang.Thread.run(Thread.java:840)

	at java.base/javax.security.auth.login.LoginContext.invoke(LoginContext.java:850)
	at java.base/javax.security.auth.login.LoginContext$4.run(LoginContext.java:679)
	at java.base/javax.security.auth.login.LoginContext$4.run(LoginContext.java:677)
	at java.base/java.security.AccessController.doPrivileged(AccessController.java:712)
	at java.base/javax.security.auth.login.LoginContext.invokePriv(LoginContext.java:677)
	at java.base/javax.security.auth.login.LoginContext.login(LoginContext.java:587)
	at org.apache.hadoop.security.UserGroupInformation$HadoopLoginContext.login(UserGroupInformation.java:2065)
	at org.apache.hadoop.security.UserGroupInformation.doSubjectLogin(UserGroupInformation.java:1975)
	... 29 more

2025-05-23 10:04:55,870 INFO Closing down clientserver connection
2025-05-23 10:05:04,744 INFO SparkSession initialized
2025-05-23 10:05:06,528 ERROR Failed to read streaming data: An error occurred while calling o40.csv.
: org.apache.hadoop.security.KerberosAuthException: failure to login: javax.security.auth.login.LoginException: java.lang.NullPointerException: invalid null input: name
	at jdk.security.auth/com.sun.security.auth.UnixPrincipal.<init>(UnixPrincipal.java:71)
	at jdk.security.auth/com.sun.security.auth.module.UnixLoginModule.login(UnixLoginModule.java:134)
	at java.base/javax.security.auth.login.LoginContext.invoke(LoginContext.java:755)
	at java.base/javax.security.auth.login.LoginContext$4.run(LoginContext.java:679)
	at java.base/javax.security.auth.login.LoginContext$4.run(LoginContext.java:677)
	at java.base/java.security.AccessController.doPrivileged(AccessController.java:712)
	at java.base/javax.security.auth.login.LoginContext.invokePriv(LoginContext.java:677)
	at java.base/javax.security.auth.login.LoginContext.login(LoginContext.java:587)
	at org.apache.hadoop.security.UserGroupInformation$HadoopLoginContext.login(UserGroupInformation.java:2065)
	at org.apache.hadoop.security.UserGroupInformation.doSubjectLogin(UserGroupInformation.java:1975)
	at org.apache.hadoop.security.UserGroupInformation.createLoginUser(UserGroupInformation.java:719)
	at org.apache.hadoop.security.UserGroupInformation.getLoginUser(UserGroupInformation.java:669)
	at org.apache.hadoop.security.UserGroupInformation.getCurrentUser(UserGroupInformation.java:579)
	at org.apache.hadoop.fs.FileSystem$Cache$Key.<init>(FileSystem.java:3746)
	at org.apache.hadoop.fs.FileSystem$Cache$Key.<init>(FileSystem.java:3736)
	at org.apache.hadoop.fs.FileSystem$Cache.get(FileSystem.java:3520)
	at org.apache.hadoop.fs.FileSystem.get(FileSystem.java:540)
	at org.apache.hadoop.fs.FileSystem.get(FileSystem.java:288)
	at org.apache.hadoop.fs.FileSystem.get(FileSystem.java:524)
	at org.apache.hadoop.fs.Path.getFileSystem(Path.java:365)
	at org.apache.spark.sql.execution.datasources.DataSource.sourceSchema(DataSource.scala:246)
	at org.apache.spark.sql.execution.datasources.DataSource.sourceInfo$lzycompute(DataSource.scala:118)
	at org.apache.spark.sql.execution.datasources.DataSource.sourceInfo(DataSource.scala:118)
	at org.apache.spark.sql.execution.streaming.StreamingRelation$.apply(StreamingRelation.scala:36)
	at org.apache.spark.sql.streaming.DataStreamReader.loadInternal(DataStreamReader.scala:198)
	at org.apache.spark.sql.streaming.DataStreamReader.load(DataStreamReader.scala:212)
	at org.apache.spark.sql.streaming.DataStreamReader.csv(DataStreamReader.scala:260)
	at java.base/jdk.internal.reflect.NativeMethodAccessorImpl.invoke0(Native Method)
	at java.base/jdk.internal.reflect.NativeMethodAccessorImpl.invoke(NativeMethodAccessorImpl.java:77)
	at java.base/jdk.internal.reflect.DelegatingMethodAccessorImpl.invoke(DelegatingMethodAccessorImpl.java:43)
	at java.base/java.lang.reflect.Method.invoke(Method.java:568)
	at py4j.reflection.MethodInvoker.invoke(MethodInvoker.java:244)
	at py4j.reflection.ReflectionEngine.invoke(ReflectionEngine.java:374)
	at py4j.Gateway.invoke(Gateway.java:282)
	at py4j.commands.AbstractCommand.invokeMethod(AbstractCommand.java:132)
	at py4j.commands.CallCommand.execute(CallCommand.java:79)
	at py4j.ClientServerConnection.waitForCommands(ClientServerConnection.java:182)
	at py4j.ClientServerConnection.run(ClientServerConnection.java:106)
	at java.base/java.lang.Thread.run(Thread.java:840)

	at org.apache.hadoop.security.UserGroupInformation.doSubjectLogin(UserGroupInformation.java:1986)
	at org.apache.hadoop.security.UserGroupInformation.createLoginUser(UserGroupInformation.java:719)
	at org.apache.hadoop.security.UserGroupInformation.getLoginUser(UserGroupInformation.java:669)
	at org.apache.hadoop.security.UserGroupInformation.getCurrentUser(UserGroupInformation.java:579)
	at org.apache.hadoop.fs.FileSystem$Cache$Key.<init>(FileSystem.java:3746)
	at org.apache.hadoop.fs.FileSystem$Cache$Key.<init>(FileSystem.java:3736)
	at org.apache.hadoop.fs.FileSystem$Cache.get(FileSystem.java:3520)
	at org.apache.hadoop.fs.FileSystem.get(FileSystem.java:540)
	at org.apache.hadoop.fs.FileSystem.get(FileSystem.java:288)
	at org.apache.hadoop.fs.FileSystem.get(FileSystem.java:524)
	at org.apache.hadoop.fs.Path.getFileSystem(Path.java:365)
	at org.apache.spark.sql.execution.datasources.DataSource.sourceSchema(DataSource.scala:246)
	at org.apache.spark.sql.execution.datasources.DataSource.sourceInfo$lzycompute(DataSource.scala:118)
	at org.apache.spark.sql.execution.datasources.DataSource.sourceInfo(DataSource.scala:118)
	at org.apache.spark.sql.execution.streaming.StreamingRelation$.apply(StreamingRelation.scala:36)
	at org.apache.spark.sql.streaming.DataStreamReader.loadInternal(DataStreamReader.scala:198)
	at org.apache.spark.sql.streaming.DataStreamReader.load(DataStreamReader.scala:212)
	at org.apache.spark.sql.streaming.DataStreamReader.csv(DataStreamReader.scala:260)
	at java.base/jdk.internal.reflect.NativeMethodAccessorImpl.invoke0(Native Method)
	at java.base/jdk.internal.reflect.NativeMethodAccessorImpl.invoke(NativeMethodAccessorImpl.java:77)
	at java.base/jdk.internal.reflect.DelegatingMethodAccessorImpl.invoke(DelegatingMethodAccessorImpl.java:43)
	at java.base/java.lang.reflect.Method.invoke(Method.java:568)
	at py4j.reflection.MethodInvoker.invoke(MethodInvoker.java:244)
	at py4j.reflection.ReflectionEngine.invoke(ReflectionEngine.java:374)
	at py4j.Gateway.invoke(Gateway.java:282)
	at py4j.commands.AbstractCommand.invokeMethod(AbstractCommand.java:132)
	at py4j.commands.CallCommand.execute(CallCommand.java:79)
	at py4j.ClientServerConnection.waitForCommands(ClientServerConnection.java:182)
	at py4j.ClientServerConnection.run(ClientServerConnection.java:106)
	at java.base/java.lang.Thread.run(Thread.java:840)
Caused by: javax.security.auth.login.LoginException: java.lang.NullPointerException: invalid null input: name
	at jdk.security.auth/com.sun.security.auth.UnixPrincipal.<init>(UnixPrincipal.java:71)
	at jdk.security.auth/com.sun.security.auth.module.UnixLoginModule.login(UnixLoginModule.java:134)
	at java.base/javax.security.auth.login.LoginContext.invoke(LoginContext.java:755)
	at java.base/javax.security.auth.login.LoginContext$4.run(LoginContext.java:679)
	at java.base/javax.security.auth.login.LoginContext$4.run(LoginContext.java:677)
	at java.base/java.security.AccessController.doPrivileged(AccessController.java:712)
	at java.base/javax.security.auth.login.LoginContext.invokePriv(LoginContext.java:677)
	at java.base/javax.security.auth.login.LoginContext.login(LoginContext.java:587)
	at org.apache.hadoop.security.UserGroupInformation$HadoopLoginContext.login(UserGroupInformation.java:2065)
	at org.apache.hadoop.security.UserGroupInformation.doSubjectLogin(UserGroupInformation.java:1975)
	at org.apache.hadoop.security.UserGroupInformation.createLoginUser(UserGroupInformation.java:719)
	at org.apache.hadoop.security.UserGroupInformation.getLoginUser(UserGroupInformation.java:669)
	at org.apache.hadoop.security.UserGroupInformation.getCurrentUser(UserGroupInformation.java:579)
	at org.apache.hadoop.fs.FileSystem$Cache$Key.<init>(FileSystem.java:3746)
	at org.apache.hadoop.fs.FileSystem$Cache$Key.<init>(FileSystem.java:3736)
	at org.apache.hadoop.fs.FileSystem$Cache.get(FileSystem.java:3520)
	at org.apache.hadoop.fs.FileSystem.get(FileSystem.java:540)
	at org.apache.hadoop.fs.FileSystem.get(FileSystem.java:288)
	at org.apache.hadoop.fs.FileSystem.get(FileSystem.java:524)
	at org.apache.hadoop.fs.Path.getFileSystem(Path.java:365)
	at org.apache.spark.sql.execution.datasources.DataSource.sourceSchema(DataSource.scala:246)
	at org.apache.spark.sql.execution.datasources.DataSource.sourceInfo$lzycompute(DataSource.scala:118)
	at org.apache.spark.sql.execution.datasources.DataSource.sourceInfo(DataSource.scala:118)
	at org.apache.spark.sql.execution.streaming.StreamingRelation$.apply(StreamingRelation.scala:36)
	at org.apache.spark.sql.streaming.DataStreamReader.loadInternal(DataStreamReader.scala:198)
	at org.apache.spark.sql.streaming.DataStreamReader.load(DataStreamReader.scala:212)
	at org.apache.spark.sql.streaming.DataStreamReader.csv(DataStreamReader.scala:260)
	at java.base/jdk.internal.reflect.NativeMethodAccessorImpl.invoke0(Native Method)
	at java.base/jdk.internal.reflect.NativeMethodAccessorImpl.invoke(NativeMethodAccessorImpl.java:77)
	at java.base/jdk.internal.reflect.DelegatingMethodAccessorImpl.invoke(DelegatingMethodAccessorImpl.java:43)
	at java.base/java.lang.reflect.Method.invoke(Method.java:568)
	at py4j.reflection.MethodInvoker.invoke(MethodInvoker.java:244)
	at py4j.reflection.ReflectionEngine.invoke(ReflectionEngine.java:374)
	at py4j.Gateway.invoke(Gateway.java:282)
	at py4j.commands.AbstractCommand.invokeMethod(AbstractCommand.java:132)
	at py4j.commands.CallCommand.execute(CallCommand.java:79)
	at py4j.ClientServerConnection.waitForCommands(ClientServerConnection.java:182)
	at py4j.ClientServerConnection.run(ClientServerConnection.java:106)
	at java.base/java.lang.Thread.run(Thread.java:840)

	at java.base/javax.security.auth.login.LoginContext.invoke(LoginContext.java:850)
	at java.base/javax.security.auth.login.LoginContext$4.run(LoginContext.java:679)
	at java.base/javax.security.auth.login.LoginContext$4.run(LoginContext.java:677)
	at java.base/java.security.AccessController.doPrivileged(AccessController.java:712)
	at java.base/javax.security.auth.login.LoginContext.invokePriv(LoginContext.java:677)
	at java.base/javax.security.auth.login.LoginContext.login(LoginContext.java:587)
	at org.apache.hadoop.security.UserGroupInformation$HadoopLoginContext.login(UserGroupInformation.java:2065)
	at org.apache.hadoop.security.UserGroupInformation.doSubjectLogin(UserGroupInformation.java:1975)
	... 29 more

2025-05-23 10:05:07,028 ERROR Application failed: An error occurred while calling o40.csv.
: org.apache.hadoop.security.KerberosAuthException: failure to login: javax.security.auth.login.LoginException: java.lang.NullPointerException: invalid null input: name
	at jdk.security.auth/com.sun.security.auth.UnixPrincipal.<init>(UnixPrincipal.java:71)
	at jdk.security.auth/com.sun.security.auth.module.UnixLoginModule.login(UnixLoginModule.java:134)
	at java.base/javax.security.auth.login.LoginContext.invoke(LoginContext.java:755)
	at java.base/javax.security.auth.login.LoginContext$4.run(LoginContext.java:679)
	at java.base/javax.security.auth.login.LoginContext$4.run(LoginContext.java:677)
	at java.base/java.security.AccessController.doPrivileged(AccessController.java:712)
	at java.base/javax.security.auth.login.LoginContext.invokePriv(LoginContext.java:677)
	at java.base/javax.security.auth.login.LoginContext.login(LoginContext.java:587)
	at org.apache.hadoop.security.UserGroupInformation$HadoopLoginContext.login(UserGroupInformation.java:2065)
	at org.apache.hadoop.security.UserGroupInformation.doSubjectLogin(UserGroupInformation.java:1975)
	at org.apache.hadoop.security.UserGroupInformation.createLoginUser(UserGroupInformation.java:719)
	at org.apache.hadoop.security.UserGroupInformation.getLoginUser(UserGroupInformation.java:669)
	at org.apache.hadoop.security.UserGroupInformation.getCurrentUser(UserGroupInformation.java:579)
	at org.apache.hadoop.fs.FileSystem$Cache$Key.<init>(FileSystem.java:3746)
	at org.apache.hadoop.fs.FileSystem$Cache$Key.<init>(FileSystem.java:3736)
	at org.apache.hadoop.fs.FileSystem$Cache.get(FileSystem.java:3520)
	at org.apache.hadoop.fs.FileSystem.get(FileSystem.java:540)
	at org.apache.hadoop.fs.FileSystem.get(FileSystem.java:288)
	at org.apache.hadoop.fs.FileSystem.get(FileSystem.java:524)
	at org.apache.hadoop.fs.Path.getFileSystem(Path.java:365)
	at org.apache.spark.sql.execution.datasources.DataSource.sourceSchema(DataSource.scala:246)
	at org.apache.spark.sql.execution.datasources.DataSource.sourceInfo$lzycompute(DataSource.scala:118)
	at org.apache.spark.sql.execution.datasources.DataSource.sourceInfo(DataSource.scala:118)
	at org.apache.spark.sql.execution.streaming.StreamingRelation$.apply(StreamingRelation.scala:36)
	at org.apache.spark.sql.streaming.DataStreamReader.loadInternal(DataStreamReader.scala:198)
	at org.apache.spark.sql.streaming.DataStreamReader.load(DataStreamReader.scala:212)
	at org.apache.spark.sql.streaming.DataStreamReader.csv(DataStreamReader.scala:260)
	at java.base/jdk.internal.reflect.NativeMethodAccessorImpl.invoke0(Native Method)
	at java.base/jdk.internal.reflect.NativeMethodAccessorImpl.invoke(NativeMethodAccessorImpl.java:77)
	at java.base/jdk.internal.reflect.DelegatingMethodAccessorImpl.invoke(DelegatingMethodAccessorImpl.java:43)
	at java.base/java.lang.reflect.Method.invoke(Method.java:568)
	at py4j.reflection.MethodInvoker.invoke(MethodInvoker.java:244)
	at py4j.reflection.ReflectionEngine.invoke(ReflectionEngine.java:374)
	at py4j.Gateway.invoke(Gateway.java:282)
	at py4j.commands.AbstractCommand.invokeMethod(AbstractCommand.java:132)
	at py4j.commands.CallCommand.execute(CallCommand.java:79)
	at py4j.ClientServerConnection.waitForCommands(ClientServerConnection.java:182)
	at py4j.ClientServerConnection.run(ClientServerConnection.java:106)
	at java.base/java.lang.Thread.run(Thread.java:840)

	at org.apache.hadoop.security.UserGroupInformation.doSubjectLogin(UserGroupInformation.java:1986)
	at org.apache.hadoop.security.UserGroupInformation.createLoginUser(UserGroupInformation.java:719)
	at org.apache.hadoop.security.UserGroupInformation.getLoginUser(UserGroupInformation.java:669)
	at org.apache.hadoop.security.UserGroupInformation.getCurrentUser(UserGroupInformation.java:579)
	at org.apache.hadoop.fs.FileSystem$Cache$Key.<init>(FileSystem.java:3746)
	at org.apache.hadoop.fs.FileSystem$Cache$Key.<init>(FileSystem.java:3736)
	at org.apache.hadoop.fs.FileSystem$Cache.get(FileSystem.java:3520)
	at org.apache.hadoop.fs.FileSystem.get(FileSystem.java:540)
	at org.apache.hadoop.fs.FileSystem.get(FileSystem.java:288)
	at org.apache.hadoop.fs.FileSystem.get(FileSystem.java:524)
	at org.apache.hadoop.fs.Path.getFileSystem(Path.java:365)
	at org.apache.spark.sql.execution.datasources.DataSource.sourceSchema(DataSource.scala:246)
	at org.apache.spark.sql.execution.datasources.DataSource.sourceInfo$lzycompute(DataSource.scala:118)
	at org.apache.spark.sql.execution.datasources.DataSource.sourceInfo(DataSource.scala:118)
	at org.apache.spark.sql.execution.streaming.StreamingRelation$.apply(StreamingRelation.scala:36)
	at org.apache.spark.sql.streaming.DataStreamReader.loadInternal(DataStreamReader.scala:198)
	at org.apache.spark.sql.streaming.DataStreamReader.load(DataStreamReader.scala:212)
	at org.apache.spark.sql.streaming.DataStreamReader.csv(DataStreamReader.scala:260)
	at java.base/jdk.internal.reflect.NativeMethodAccessorImpl.invoke0(Native Method)
	at java.base/jdk.internal.reflect.NativeMethodAccessorImpl.invoke(NativeMethodAccessorImpl.java:77)
	at java.base/jdk.internal.reflect.DelegatingMethodAccessorImpl.invoke(DelegatingMethodAccessorImpl.java:43)
	at java.base/java.lang.reflect.Method.invoke(Method.java:568)
	at py4j.reflection.MethodInvoker.invoke(MethodInvoker.java:244)
	at py4j.reflection.ReflectionEngine.invoke(ReflectionEngine.java:374)
	at py4j.Gateway.invoke(Gateway.java:282)
	at py4j.commands.AbstractCommand.invokeMethod(AbstractCommand.java:132)
	at py4j.commands.CallCommand.execute(CallCommand.java:79)
	at py4j.ClientServerConnection.waitForCommands(ClientServerConnection.java:182)
	at py4j.ClientServerConnection.run(ClientServerConnection.java:106)
	at java.base/java.lang.Thread.run(Thread.java:840)
Caused by: javax.security.auth.login.LoginException: java.lang.NullPointerException: invalid null input: name
	at jdk.security.auth/com.sun.security.auth.UnixPrincipal.<init>(UnixPrincipal.java:71)
	at jdk.security.auth/com.sun.security.auth.module.UnixLoginModule.login(UnixLoginModule.java:134)
	at java.base/javax.security.auth.login.LoginContext.invoke(LoginContext.java:755)
	at java.base/javax.security.auth.login.LoginContext$4.run(LoginContext.java:679)
	at java.base/javax.security.auth.login.LoginContext$4.run(LoginContext.java:677)
	at java.base/java.security.AccessController.doPrivileged(AccessController.java:712)
	at java.base/javax.security.auth.login.LoginContext.invokePriv(LoginContext.java:677)
	at java.base/javax.security.auth.login.LoginContext.login(LoginContext.java:587)
	at org.apache.hadoop.security.UserGroupInformation$HadoopLoginContext.login(UserGroupInformation.java:2065)
	at org.apache.hadoop.security.UserGroupInformation.doSubjectLogin(UserGroupInformation.java:1975)
	at org.apache.hadoop.security.UserGroupInformation.createLoginUser(UserGroupInformation.java:719)
	at org.apache.hadoop.security.UserGroupInformation.getLoginUser(UserGroupInformation.java:669)
	at org.apache.hadoop.security.UserGroupInformation.getCurrentUser(UserGroupInformation.java:579)
	at org.apache.hadoop.fs.FileSystem$Cache$Key.<init>(FileSystem.java:3746)
	at org.apache.hadoop.fs.FileSystem$Cache$Key.<init>(FileSystem.java:3736)
	at org.apache.hadoop.fs.FileSystem$Cache.get(FileSystem.java:3520)
	at org.apache.hadoop.fs.FileSystem.get(FileSystem.java:540)
	at org.apache.hadoop.fs.FileSystem.get(FileSystem.java:288)
	at org.apache.hadoop.fs.FileSystem.get(FileSystem.java:524)
	at org.apache.hadoop.fs.Path.getFileSystem(Path.java:365)
	at org.apache.spark.sql.execution.datasources.DataSource.sourceSchema(DataSource.scala:246)
	at org.apache.spark.sql.execution.datasources.DataSource.sourceInfo$lzycompute(DataSource.scala:118)
	at org.apache.spark.sql.execution.datasources.DataSource.sourceInfo(DataSource.scala:118)
	at org.apache.spark.sql.execution.streaming.StreamingRelation$.apply(StreamingRelation.scala:36)
	at org.apache.spark.sql.streaming.DataStreamReader.loadInternal(DataStreamReader.scala:198)
	at org.apache.spark.sql.streaming.DataStreamReader.load(DataStreamReader.scala:212)
	at org.apache.spark.sql.streaming.DataStreamReader.csv(DataStreamReader.scala:260)
	at java.base/jdk.internal.reflect.NativeMethodAccessorImpl.invoke0(Native Method)
	at java.base/jdk.internal.reflect.NativeMethodAccessorImpl.invoke(NativeMethodAccessorImpl.java:77)
	at java.base/jdk.internal.reflect.DelegatingMethodAccessorImpl.invoke(DelegatingMethodAccessorImpl.java:43)
	at java.base/java.lang.reflect.Method.invoke(Method.java:568)
	at py4j.reflection.MethodInvoker.invoke(MethodInvoker.java:244)
	at py4j.reflection.ReflectionEngine.invoke(ReflectionEngine.java:374)
	at py4j.Gateway.invoke(Gateway.java:282)
	at py4j.commands.AbstractCommand.invokeMethod(AbstractCommand.java:132)
	at py4j.commands.CallCommand.execute(CallCommand.java:79)
	at py4j.ClientServerConnection.waitForCommands(ClientServerConnection.java:182)
	at py4j.ClientServerConnection.run(ClientServerConnection.java:106)
	at java.base/java.lang.Thread.run(Thread.java:840)

	at java.base/javax.security.auth.login.LoginContext.invoke(LoginContext.java:850)
	at java.base/javax.security.auth.login.LoginContext$4.run(LoginContext.java:679)
	at java.base/javax.security.auth.login.LoginContext$4.run(LoginContext.java:677)
	at java.base/java.security.AccessController.doPrivileged(AccessController.java:712)
	at java.base/javax.security.auth.login.LoginContext.invokePriv(LoginContext.java:677)
	at java.base/javax.security.auth.login.LoginContext.login(LoginContext.java:587)
	at org.apache.hadoop.security.UserGroupInformation$HadoopLoginContext.login(UserGroupInformation.java:2065)
	at org.apache.hadoop.security.UserGroupInformation.doSubjectLogin(UserGroupInformation.java:1975)
	... 29 more

2025-05-23 10:05:07,080 INFO Closing down clientserver connection
2025-05-23 10:05:16,243 INFO SparkSession initialized
2025-05-23 10:05:18,123 ERROR Failed to read streaming data: An error occurred while calling o40.csv.
: org.apache.hadoop.security.KerberosAuthException: failure to login: javax.security.auth.login.LoginException: java.lang.NullPointerException: invalid null input: name
	at jdk.security.auth/com.sun.security.auth.UnixPrincipal.<init>(UnixPrincipal.java:71)
	at jdk.security.auth/com.sun.security.auth.module.UnixLoginModule.login(UnixLoginModule.java:134)
	at java.base/javax.security.auth.login.LoginContext.invoke(LoginContext.java:755)
	at java.base/javax.security.auth.login.LoginContext$4.run(LoginContext.java:679)
	at java.base/javax.security.auth.login.LoginContext$4.run(LoginContext.java:677)
	at java.base/java.security.AccessController.doPrivileged(AccessController.java:712)
	at java.base/javax.security.auth.login.LoginContext.invokePriv(LoginContext.java:677)
	at java.base/javax.security.auth.login.LoginContext.login(LoginContext.java:587)
	at org.apache.hadoop.security.UserGroupInformation$HadoopLoginContext.login(UserGroupInformation.java:2065)
	at org.apache.hadoop.security.UserGroupInformation.doSubjectLogin(UserGroupInformation.java:1975)
	at org.apache.hadoop.security.UserGroupInformation.createLoginUser(UserGroupInformation.java:719)
	at org.apache.hadoop.security.UserGroupInformation.getLoginUser(UserGroupInformation.java:669)
	at org.apache.hadoop.security.UserGroupInformation.getCurrentUser(UserGroupInformation.java:579)
	at org.apache.hadoop.fs.FileSystem$Cache$Key.<init>(FileSystem.java:3746)
	at org.apache.hadoop.fs.FileSystem$Cache$Key.<init>(FileSystem.java:3736)
	at org.apache.hadoop.fs.FileSystem$Cache.get(FileSystem.java:3520)
	at org.apache.hadoop.fs.FileSystem.get(FileSystem.java:540)
	at org.apache.hadoop.fs.FileSystem.get(FileSystem.java:288)
	at org.apache.hadoop.fs.FileSystem.get(FileSystem.java:524)
	at org.apache.hadoop.fs.Path.getFileSystem(Path.java:365)
	at org.apache.spark.sql.execution.datasources.DataSource.sourceSchema(DataSource.scala:246)
	at org.apache.spark.sql.execution.datasources.DataSource.sourceInfo$lzycompute(DataSource.scala:118)
	at org.apache.spark.sql.execution.datasources.DataSource.sourceInfo(DataSource.scala:118)
	at org.apache.spark.sql.execution.streaming.StreamingRelation$.apply(StreamingRelation.scala:36)
	at org.apache.spark.sql.streaming.DataStreamReader.loadInternal(DataStreamReader.scala:198)
	at org.apache.spark.sql.streaming.DataStreamReader.load(DataStreamReader.scala:212)
	at org.apache.spark.sql.streaming.DataStreamReader.csv(DataStreamReader.scala:260)
	at java.base/jdk.internal.reflect.NativeMethodAccessorImpl.invoke0(Native Method)
	at java.base/jdk.internal.reflect.NativeMethodAccessorImpl.invoke(NativeMethodAccessorImpl.java:77)
	at java.base/jdk.internal.reflect.DelegatingMethodAccessorImpl.invoke(DelegatingMethodAccessorImpl.java:43)
	at java.base/java.lang.reflect.Method.invoke(Method.java:568)
	at py4j.reflection.MethodInvoker.invoke(MethodInvoker.java:244)
	at py4j.reflection.ReflectionEngine.invoke(ReflectionEngine.java:374)
	at py4j.Gateway.invoke(Gateway.java:282)
	at py4j.commands.AbstractCommand.invokeMethod(AbstractCommand.java:132)
	at py4j.commands.CallCommand.execute(CallCommand.java:79)
	at py4j.ClientServerConnection.waitForCommands(ClientServerConnection.java:182)
	at py4j.ClientServerConnection.run(ClientServerConnection.java:106)
	at java.base/java.lang.Thread.run(Thread.java:840)

	at org.apache.hadoop.security.UserGroupInformation.doSubjectLogin(UserGroupInformation.java:1986)
	at org.apache.hadoop.security.UserGroupInformation.createLoginUser(UserGroupInformation.java:719)
	at org.apache.hadoop.security.UserGroupInformation.getLoginUser(UserGroupInformation.java:669)
	at org.apache.hadoop.security.UserGroupInformation.getCurrentUser(UserGroupInformation.java:579)
	at org.apache.hadoop.fs.FileSystem$Cache$Key.<init>(FileSystem.java:3746)
	at org.apache.hadoop.fs.FileSystem$Cache$Key.<init>(FileSystem.java:3736)
	at org.apache.hadoop.fs.FileSystem$Cache.get(FileSystem.java:3520)
	at org.apache.hadoop.fs.FileSystem.get(FileSystem.java:540)
	at org.apache.hadoop.fs.FileSystem.get(FileSystem.java:288)
	at org.apache.hadoop.fs.FileSystem.get(FileSystem.java:524)
	at org.apache.hadoop.fs.Path.getFileSystem(Path.java:365)
	at org.apache.spark.sql.execution.datasources.DataSource.sourceSchema(DataSource.scala:246)
	at org.apache.spark.sql.execution.datasources.DataSource.sourceInfo$lzycompute(DataSource.scala:118)
	at org.apache.spark.sql.execution.datasources.DataSource.sourceInfo(DataSource.scala:118)
	at org.apache.spark.sql.execution.streaming.StreamingRelation$.apply(StreamingRelation.scala:36)
	at org.apache.spark.sql.streaming.DataStreamReader.loadInternal(DataStreamReader.scala:198)
	at org.apache.spark.sql.streaming.DataStreamReader.load(DataStreamReader.scala:212)
	at org.apache.spark.sql.streaming.DataStreamReader.csv(DataStreamReader.scala:260)
	at java.base/jdk.internal.reflect.NativeMethodAccessorImpl.invoke0(Native Method)
	at java.base/jdk.internal.reflect.NativeMethodAccessorImpl.invoke(NativeMethodAccessorImpl.java:77)
	at java.base/jdk.internal.reflect.DelegatingMethodAccessorImpl.invoke(DelegatingMethodAccessorImpl.java:43)
	at java.base/java.lang.reflect.Method.invoke(Method.java:568)
	at py4j.reflection.MethodInvoker.invoke(MethodInvoker.java:244)
	at py4j.reflection.ReflectionEngine.invoke(ReflectionEngine.java:374)
	at py4j.Gateway.invoke(Gateway.java:282)
	at py4j.commands.AbstractCommand.invokeMethod(AbstractCommand.java:132)
	at py4j.commands.CallCommand.execute(CallCommand.java:79)
	at py4j.ClientServerConnection.waitForCommands(ClientServerConnection.java:182)
	at py4j.ClientServerConnection.run(ClientServerConnection.java:106)
	at java.base/java.lang.Thread.run(Thread.java:840)
Caused by: javax.security.auth.login.LoginException: java.lang.NullPointerException: invalid null input: name
	at jdk.security.auth/com.sun.security.auth.UnixPrincipal.<init>(UnixPrincipal.java:71)
	at jdk.security.auth/com.sun.security.auth.module.UnixLoginModule.login(UnixLoginModule.java:134)
	at java.base/javax.security.auth.login.LoginContext.invoke(LoginContext.java:755)
	at java.base/javax.security.auth.login.LoginContext$4.run(LoginContext.java:679)
	at java.base/javax.security.auth.login.LoginContext$4.run(LoginContext.java:677)
	at java.base/java.security.AccessController.doPrivileged(AccessController.java:712)
	at java.base/javax.security.auth.login.LoginContext.invokePriv(LoginContext.java:677)
	at java.base/javax.security.auth.login.LoginContext.login(LoginContext.java:587)
	at org.apache.hadoop.security.UserGroupInformation$HadoopLoginContext.login(UserGroupInformation.java:2065)
	at org.apache.hadoop.security.UserGroupInformation.doSubjectLogin(UserGroupInformation.java:1975)
	at org.apache.hadoop.security.UserGroupInformation.createLoginUser(UserGroupInformation.java:719)
	at org.apache.hadoop.security.UserGroupInformation.getLoginUser(UserGroupInformation.java:669)
	at org.apache.hadoop.security.UserGroupInformation.getCurrentUser(UserGroupInformation.java:579)
	at org.apache.hadoop.fs.FileSystem$Cache$Key.<init>(FileSystem.java:3746)
	at org.apache.hadoop.fs.FileSystem$Cache$Key.<init>(FileSystem.java:3736)
	at org.apache.hadoop.fs.FileSystem$Cache.get(FileSystem.java:3520)
	at org.apache.hadoop.fs.FileSystem.get(FileSystem.java:540)
	at org.apache.hadoop.fs.FileSystem.get(FileSystem.java:288)
	at org.apache.hadoop.fs.FileSystem.get(FileSystem.java:524)
	at org.apache.hadoop.fs.Path.getFileSystem(Path.java:365)
	at org.apache.spark.sql.execution.datasources.DataSource.sourceSchema(DataSource.scala:246)
	at org.apache.spark.sql.execution.datasources.DataSource.sourceInfo$lzycompute(DataSource.scala:118)
	at org.apache.spark.sql.execution.datasources.DataSource.sourceInfo(DataSource.scala:118)
	at org.apache.spark.sql.execution.streaming.StreamingRelation$.apply(StreamingRelation.scala:36)
	at org.apache.spark.sql.streaming.DataStreamReader.loadInternal(DataStreamReader.scala:198)
	at org.apache.spark.sql.streaming.DataStreamReader.load(DataStreamReader.scala:212)
	at org.apache.spark.sql.streaming.DataStreamReader.csv(DataStreamReader.scala:260)
	at java.base/jdk.internal.reflect.NativeMethodAccessorImpl.invoke0(Native Method)
	at java.base/jdk.internal.reflect.NativeMethodAccessorImpl.invoke(NativeMethodAccessorImpl.java:77)
	at java.base/jdk.internal.reflect.DelegatingMethodAccessorImpl.invoke(DelegatingMethodAccessorImpl.java:43)
	at java.base/java.lang.reflect.Method.invoke(Method.java:568)
	at py4j.reflection.MethodInvoker.invoke(MethodInvoker.java:244)
	at py4j.reflection.ReflectionEngine.invoke(ReflectionEngine.java:374)
	at py4j.Gateway.invoke(Gateway.java:282)
	at py4j.commands.AbstractCommand.invokeMethod(AbstractCommand.java:132)
	at py4j.commands.CallCommand.execute(CallCommand.java:79)
	at py4j.ClientServerConnection.waitForCommands(ClientServerConnection.java:182)
	at py4j.ClientServerConnection.run(ClientServerConnection.java:106)
	at java.base/java.lang.Thread.run(Thread.java:840)

	at java.base/javax.security.auth.login.LoginContext.invoke(LoginContext.java:850)
	at java.base/javax.security.auth.login.LoginContext$4.run(LoginContext.java:679)
	at java.base/javax.security.auth.login.LoginContext$4.run(LoginContext.java:677)
	at java.base/java.security.AccessController.doPrivileged(AccessController.java:712)
	at java.base/javax.security.auth.login.LoginContext.invokePriv(LoginContext.java:677)
	at java.base/javax.security.auth.login.LoginContext.login(LoginContext.java:587)
	at org.apache.hadoop.security.UserGroupInformation$HadoopLoginContext.login(UserGroupInformation.java:2065)
	at org.apache.hadoop.security.UserGroupInformation.doSubjectLogin(UserGroupInformation.java:1975)
	... 29 more

2025-05-23 10:05:18,413 ERROR Application failed: An error occurred while calling o40.csv.
: org.apache.hadoop.security.KerberosAuthException: failure to login: javax.security.auth.login.LoginException: java.lang.NullPointerException: invalid null input: name
	at jdk.security.auth/com.sun.security.auth.UnixPrincipal.<init>(UnixPrincipal.java:71)
	at jdk.security.auth/com.sun.security.auth.module.UnixLoginModule.login(UnixLoginModule.java:134)
	at java.base/javax.security.auth.login.LoginContext.invoke(LoginContext.java:755)
	at java.base/javax.security.auth.login.LoginContext$4.run(LoginContext.java:679)
	at java.base/javax.security.auth.login.LoginContext$4.run(LoginContext.java:677)
	at java.base/java.security.AccessController.doPrivileged(AccessController.java:712)
	at java.base/javax.security.auth.login.LoginContext.invokePriv(LoginContext.java:677)
	at java.base/javax.security.auth.login.LoginContext.login(LoginContext.java:587)
	at org.apache.hadoop.security.UserGroupInformation$HadoopLoginContext.login(UserGroupInformation.java:2065)
	at org.apache.hadoop.security.UserGroupInformation.doSubjectLogin(UserGroupInformation.java:1975)
	at org.apache.hadoop.security.UserGroupInformation.createLoginUser(UserGroupInformation.java:719)
	at org.apache.hadoop.security.UserGroupInformation.getLoginUser(UserGroupInformation.java:669)
	at org.apache.hadoop.security.UserGroupInformation.getCurrentUser(UserGroupInformation.java:579)
	at org.apache.hadoop.fs.FileSystem$Cache$Key.<init>(FileSystem.java:3746)
	at org.apache.hadoop.fs.FileSystem$Cache$Key.<init>(FileSystem.java:3736)
	at org.apache.hadoop.fs.FileSystem$Cache.get(FileSystem.java:3520)
	at org.apache.hadoop.fs.FileSystem.get(FileSystem.java:540)
	at org.apache.hadoop.fs.FileSystem.get(FileSystem.java:288)
	at org.apache.hadoop.fs.FileSystem.get(FileSystem.java:524)
	at org.apache.hadoop.fs.Path.getFileSystem(Path.java:365)
	at org.apache.spark.sql.execution.datasources.DataSource.sourceSchema(DataSource.scala:246)
	at org.apache.spark.sql.execution.datasources.DataSource.sourceInfo$lzycompute(DataSource.scala:118)
	at org.apache.spark.sql.execution.datasources.DataSource.sourceInfo(DataSource.scala:118)
	at org.apache.spark.sql.execution.streaming.StreamingRelation$.apply(StreamingRelation.scala:36)
	at org.apache.spark.sql.streaming.DataStreamReader.loadInternal(DataStreamReader.scala:198)
	at org.apache.spark.sql.streaming.DataStreamReader.load(DataStreamReader.scala:212)
	at org.apache.spark.sql.streaming.DataStreamReader.csv(DataStreamReader.scala:260)
	at java.base/jdk.internal.reflect.NativeMethodAccessorImpl.invoke0(Native Method)
	at java.base/jdk.internal.reflect.NativeMethodAccessorImpl.invoke(NativeMethodAccessorImpl.java:77)
	at java.base/jdk.internal.reflect.DelegatingMethodAccessorImpl.invoke(DelegatingMethodAccessorImpl.java:43)
	at java.base/java.lang.reflect.Method.invoke(Method.java:568)
	at py4j.reflection.MethodInvoker.invoke(MethodInvoker.java:244)
	at py4j.reflection.ReflectionEngine.invoke(ReflectionEngine.java:374)
	at py4j.Gateway.invoke(Gateway.java:282)
	at py4j.commands.AbstractCommand.invokeMethod(AbstractCommand.java:132)
	at py4j.commands.CallCommand.execute(CallCommand.java:79)
	at py4j.ClientServerConnection.waitForCommands(ClientServerConnection.java:182)
	at py4j.ClientServerConnection.run(ClientServerConnection.java:106)
	at java.base/java.lang.Thread.run(Thread.java:840)

	at org.apache.hadoop.security.UserGroupInformation.doSubjectLogin(UserGroupInformation.java:1986)
	at org.apache.hadoop.security.UserGroupInformation.createLoginUser(UserGroupInformation.java:719)
	at org.apache.hadoop.security.UserGroupInformation.getLoginUser(UserGroupInformation.java:669)
	at org.apache.hadoop.security.UserGroupInformation.getCurrentUser(UserGroupInformation.java:579)
	at org.apache.hadoop.fs.FileSystem$Cache$Key.<init>(FileSystem.java:3746)
	at org.apache.hadoop.fs.FileSystem$Cache$Key.<init>(FileSystem.java:3736)
	at org.apache.hadoop.fs.FileSystem$Cache.get(FileSystem.java:3520)
	at org.apache.hadoop.fs.FileSystem.get(FileSystem.java:540)
	at org.apache.hadoop.fs.FileSystem.get(FileSystem.java:288)
	at org.apache.hadoop.fs.FileSystem.get(FileSystem.java:524)
	at org.apache.hadoop.fs.Path.getFileSystem(Path.java:365)
	at org.apache.spark.sql.execution.datasources.DataSource.sourceSchema(DataSource.scala:246)
	at org.apache.spark.sql.execution.datasources.DataSource.sourceInfo$lzycompute(DataSource.scala:118)
	at org.apache.spark.sql.execution.datasources.DataSource.sourceInfo(DataSource.scala:118)
	at org.apache.spark.sql.execution.streaming.StreamingRelation$.apply(StreamingRelation.scala:36)
	at org.apache.spark.sql.streaming.DataStreamReader.loadInternal(DataStreamReader.scala:198)
	at org.apache.spark.sql.streaming.DataStreamReader.load(DataStreamReader.scala:212)
	at org.apache.spark.sql.streaming.DataStreamReader.csv(DataStreamReader.scala:260)
	at java.base/jdk.internal.reflect.NativeMethodAccessorImpl.invoke0(Native Method)
	at java.base/jdk.internal.reflect.NativeMethodAccessorImpl.invoke(NativeMethodAccessorImpl.java:77)
	at java.base/jdk.internal.reflect.DelegatingMethodAccessorImpl.invoke(DelegatingMethodAccessorImpl.java:43)
	at java.base/java.lang.reflect.Method.invoke(Method.java:568)
	at py4j.reflection.MethodInvoker.invoke(MethodInvoker.java:244)
	at py4j.reflection.ReflectionEngine.invoke(ReflectionEngine.java:374)
	at py4j.Gateway.invoke(Gateway.java:282)
	at py4j.commands.AbstractCommand.invokeMethod(AbstractCommand.java:132)
	at py4j.commands.CallCommand.execute(CallCommand.java:79)
	at py4j.ClientServerConnection.waitForCommands(ClientServerConnection.java:182)
	at py4j.ClientServerConnection.run(ClientServerConnection.java:106)
	at java.base/java.lang.Thread.run(Thread.java:840)
Caused by: javax.security.auth.login.LoginException: java.lang.NullPointerException: invalid null input: name
	at jdk.security.auth/com.sun.security.auth.UnixPrincipal.<init>(UnixPrincipal.java:71)
	at jdk.security.auth/com.sun.security.auth.module.UnixLoginModule.login(UnixLoginModule.java:134)
	at java.base/javax.security.auth.login.LoginContext.invoke(LoginContext.java:755)
	at java.base/javax.security.auth.login.LoginContext$4.run(LoginContext.java:679)
	at java.base/javax.security.auth.login.LoginContext$4.run(LoginContext.java:677)
	at java.base/java.security.AccessController.doPrivileged(AccessController.java:712)
	at java.base/javax.security.auth.login.LoginContext.invokePriv(LoginContext.java:677)
	at java.base/javax.security.auth.login.LoginContext.login(LoginContext.java:587)
	at org.apache.hadoop.security.UserGroupInformation$HadoopLoginContext.login(UserGroupInformation.java:2065)
	at org.apache.hadoop.security.UserGroupInformation.doSubjectLogin(UserGroupInformation.java:1975)
	at org.apache.hadoop.security.UserGroupInformation.createLoginUser(UserGroupInformation.java:719)
	at org.apache.hadoop.security.UserGroupInformation.getLoginUser(UserGroupInformation.java:669)
	at org.apache.hadoop.security.UserGroupInformation.getCurrentUser(UserGroupInformation.java:579)
	at org.apache.hadoop.fs.FileSystem$Cache$Key.<init>(FileSystem.java:3746)
	at org.apache.hadoop.fs.FileSystem$Cache$Key.<init>(FileSystem.java:3736)
	at org.apache.hadoop.fs.FileSystem$Cache.get(FileSystem.java:3520)
	at org.apache.hadoop.fs.FileSystem.get(FileSystem.java:540)
	at org.apache.hadoop.fs.FileSystem.get(FileSystem.java:288)
	at org.apache.hadoop.fs.FileSystem.get(FileSystem.java:524)
	at org.apache.hadoop.fs.Path.getFileSystem(Path.java:365)
	at org.apache.spark.sql.execution.datasources.DataSource.sourceSchema(DataSource.scala:246)
	at org.apache.spark.sql.execution.datasources.DataSource.sourceInfo$lzycompute(DataSource.scala:118)
	at org.apache.spark.sql.execution.datasources.DataSource.sourceInfo(DataSource.scala:118)
	at org.apache.spark.sql.execution.streaming.StreamingRelation$.apply(StreamingRelation.scala:36)
	at org.apache.spark.sql.streaming.DataStreamReader.loadInternal(DataStreamReader.scala:198)
	at org.apache.spark.sql.streaming.DataStreamReader.load(DataStreamReader.scala:212)
	at org.apache.spark.sql.streaming.DataStreamReader.csv(DataStreamReader.scala:260)
	at java.base/jdk.internal.reflect.NativeMethodAccessorImpl.invoke0(Native Method)
	at java.base/jdk.internal.reflect.NativeMethodAccessorImpl.invoke(NativeMethodAccessorImpl.java:77)
	at java.base/jdk.internal.reflect.DelegatingMethodAccessorImpl.invoke(DelegatingMethodAccessorImpl.java:43)
	at java.base/java.lang.reflect.Method.invoke(Method.java:568)
	at py4j.reflection.MethodInvoker.invoke(MethodInvoker.java:244)
	at py4j.reflection.ReflectionEngine.invoke(ReflectionEngine.java:374)
	at py4j.Gateway.invoke(Gateway.java:282)
	at py4j.commands.AbstractCommand.invokeMethod(AbstractCommand.java:132)
	at py4j.commands.CallCommand.execute(CallCommand.java:79)
	at py4j.ClientServerConnection.waitForCommands(ClientServerConnection.java:182)
	at py4j.ClientServerConnection.run(ClientServerConnection.java:106)
	at java.base/java.lang.Thread.run(Thread.java:840)

	at java.base/javax.security.auth.login.LoginContext.invoke(LoginContext.java:850)
	at java.base/javax.security.auth.login.LoginContext$4.run(LoginContext.java:679)
	at java.base/javax.security.auth.login.LoginContext$4.run(LoginContext.java:677)
	at java.base/java.security.AccessController.doPrivileged(AccessController.java:712)
	at java.base/javax.security.auth.login.LoginContext.invokePriv(LoginContext.java:677)
	at java.base/javax.security.auth.login.LoginContext.login(LoginContext.java:587)
	at org.apache.hadoop.security.UserGroupInformation$HadoopLoginContext.login(UserGroupInformation.java:2065)
	at org.apache.hadoop.security.UserGroupInformation.doSubjectLogin(UserGroupInformation.java:1975)
	... 29 more

2025-05-23 10:05:18,464 INFO Closing down clientserver connection
2025-05-23 10:05:27,309 INFO SparkSession initialized
2025-05-23 10:05:29,283 ERROR Failed to read streaming data: An error occurred while calling o40.csv.
: org.apache.hadoop.security.KerberosAuthException: failure to login: javax.security.auth.login.LoginException: java.lang.NullPointerException: invalid null input: name
	at jdk.security.auth/com.sun.security.auth.UnixPrincipal.<init>(UnixPrincipal.java:71)
	at jdk.security.auth/com.sun.security.auth.module.UnixLoginModule.login(UnixLoginModule.java:134)
	at java.base/javax.security.auth.login.LoginContext.invoke(LoginContext.java:755)
	at java.base/javax.security.auth.login.LoginContext$4.run(LoginContext.java:679)
	at java.base/javax.security.auth.login.LoginContext$4.run(LoginContext.java:677)
	at java.base/java.security.AccessController.doPrivileged(AccessController.java:712)
	at java.base/javax.security.auth.login.LoginContext.invokePriv(LoginContext.java:677)
	at java.base/javax.security.auth.login.LoginContext.login(LoginContext.java:587)
	at org.apache.hadoop.security.UserGroupInformation$HadoopLoginContext.login(UserGroupInformation.java:2065)
	at org.apache.hadoop.security.UserGroupInformation.doSubjectLogin(UserGroupInformation.java:1975)
	at org.apache.hadoop.security.UserGroupInformation.createLoginUser(UserGroupInformation.java:719)
	at org.apache.hadoop.security.UserGroupInformation.getLoginUser(UserGroupInformation.java:669)
	at org.apache.hadoop.security.UserGroupInformation.getCurrentUser(UserGroupInformation.java:579)
	at org.apache.hadoop.fs.FileSystem$Cache$Key.<init>(FileSystem.java:3746)
	at org.apache.hadoop.fs.FileSystem$Cache$Key.<init>(FileSystem.java:3736)
	at org.apache.hadoop.fs.FileSystem$Cache.get(FileSystem.java:3520)
	at org.apache.hadoop.fs.FileSystem.get(FileSystem.java:540)
	at org.apache.hadoop.fs.FileSystem.get(FileSystem.java:288)
	at org.apache.hadoop.fs.FileSystem.get(FileSystem.java:524)
	at org.apache.hadoop.fs.Path.getFileSystem(Path.java:365)
	at org.apache.spark.sql.execution.datasources.DataSource.sourceSchema(DataSource.scala:246)
	at org.apache.spark.sql.execution.datasources.DataSource.sourceInfo$lzycompute(DataSource.scala:118)
	at org.apache.spark.sql.execution.datasources.DataSource.sourceInfo(DataSource.scala:118)
	at org.apache.spark.sql.execution.streaming.StreamingRelation$.apply(StreamingRelation.scala:36)
	at org.apache.spark.sql.streaming.DataStreamReader.loadInternal(DataStreamReader.scala:198)
	at org.apache.spark.sql.streaming.DataStreamReader.load(DataStreamReader.scala:212)
	at org.apache.spark.sql.streaming.DataStreamReader.csv(DataStreamReader.scala:260)
	at java.base/jdk.internal.reflect.NativeMethodAccessorImpl.invoke0(Native Method)
	at java.base/jdk.internal.reflect.NativeMethodAccessorImpl.invoke(NativeMethodAccessorImpl.java:77)
	at java.base/jdk.internal.reflect.DelegatingMethodAccessorImpl.invoke(DelegatingMethodAccessorImpl.java:43)
	at java.base/java.lang.reflect.Method.invoke(Method.java:568)
	at py4j.reflection.MethodInvoker.invoke(MethodInvoker.java:244)
	at py4j.reflection.ReflectionEngine.invoke(ReflectionEngine.java:374)
	at py4j.Gateway.invoke(Gateway.java:282)
	at py4j.commands.AbstractCommand.invokeMethod(AbstractCommand.java:132)
	at py4j.commands.CallCommand.execute(CallCommand.java:79)
	at py4j.ClientServerConnection.waitForCommands(ClientServerConnection.java:182)
	at py4j.ClientServerConnection.run(ClientServerConnection.java:106)
	at java.base/java.lang.Thread.run(Thread.java:840)

	at org.apache.hadoop.security.UserGroupInformation.doSubjectLogin(UserGroupInformation.java:1986)
	at org.apache.hadoop.security.UserGroupInformation.createLoginUser(UserGroupInformation.java:719)
	at org.apache.hadoop.security.UserGroupInformation.getLoginUser(UserGroupInformation.java:669)
	at org.apache.hadoop.security.UserGroupInformation.getCurrentUser(UserGroupInformation.java:579)
	at org.apache.hadoop.fs.FileSystem$Cache$Key.<init>(FileSystem.java:3746)
	at org.apache.hadoop.fs.FileSystem$Cache$Key.<init>(FileSystem.java:3736)
	at org.apache.hadoop.fs.FileSystem$Cache.get(FileSystem.java:3520)
	at org.apache.hadoop.fs.FileSystem.get(FileSystem.java:540)
	at org.apache.hadoop.fs.FileSystem.get(FileSystem.java:288)
	at org.apache.hadoop.fs.FileSystem.get(FileSystem.java:524)
	at org.apache.hadoop.fs.Path.getFileSystem(Path.java:365)
	at org.apache.spark.sql.execution.datasources.DataSource.sourceSchema(DataSource.scala:246)
	at org.apache.spark.sql.execution.datasources.DataSource.sourceInfo$lzycompute(DataSource.scala:118)
	at org.apache.spark.sql.execution.datasources.DataSource.sourceInfo(DataSource.scala:118)
	at org.apache.spark.sql.execution.streaming.StreamingRelation$.apply(StreamingRelation.scala:36)
	at org.apache.spark.sql.streaming.DataStreamReader.loadInternal(DataStreamReader.scala:198)
	at org.apache.spark.sql.streaming.DataStreamReader.load(DataStreamReader.scala:212)
	at org.apache.spark.sql.streaming.DataStreamReader.csv(DataStreamReader.scala:260)
	at java.base/jdk.internal.reflect.NativeMethodAccessorImpl.invoke0(Native Method)
	at java.base/jdk.internal.reflect.NativeMethodAccessorImpl.invoke(NativeMethodAccessorImpl.java:77)
	at java.base/jdk.internal.reflect.DelegatingMethodAccessorImpl.invoke(DelegatingMethodAccessorImpl.java:43)
	at java.base/java.lang.reflect.Method.invoke(Method.java:568)
	at py4j.reflection.MethodInvoker.invoke(MethodInvoker.java:244)
	at py4j.reflection.ReflectionEngine.invoke(ReflectionEngine.java:374)
	at py4j.Gateway.invoke(Gateway.java:282)
	at py4j.commands.AbstractCommand.invokeMethod(AbstractCommand.java:132)
	at py4j.commands.CallCommand.execute(CallCommand.java:79)
	at py4j.ClientServerConnection.waitForCommands(ClientServerConnection.java:182)
	at py4j.ClientServerConnection.run(ClientServerConnection.java:106)
	at java.base/java.lang.Thread.run(Thread.java:840)
Caused by: javax.security.auth.login.LoginException: java.lang.NullPointerException: invalid null input: name
	at jdk.security.auth/com.sun.security.auth.UnixPrincipal.<init>(UnixPrincipal.java:71)
	at jdk.security.auth/com.sun.security.auth.module.UnixLoginModule.login(UnixLoginModule.java:134)
	at java.base/javax.security.auth.login.LoginContext.invoke(LoginContext.java:755)
	at java.base/javax.security.auth.login.LoginContext$4.run(LoginContext.java:679)
	at java.base/javax.security.auth.login.LoginContext$4.run(LoginContext.java:677)
	at java.base/java.security.AccessController.doPrivileged(AccessController.java:712)
	at java.base/javax.security.auth.login.LoginContext.invokePriv(LoginContext.java:677)
	at java.base/javax.security.auth.login.LoginContext.login(LoginContext.java:587)
	at org.apache.hadoop.security.UserGroupInformation$HadoopLoginContext.login(UserGroupInformation.java:2065)
	at org.apache.hadoop.security.UserGroupInformation.doSubjectLogin(UserGroupInformation.java:1975)
	at org.apache.hadoop.security.UserGroupInformation.createLoginUser(UserGroupInformation.java:719)
	at org.apache.hadoop.security.UserGroupInformation.getLoginUser(UserGroupInformation.java:669)
	at org.apache.hadoop.security.UserGroupInformation.getCurrentUser(UserGroupInformation.java:579)
	at org.apache.hadoop.fs.FileSystem$Cache$Key.<init>(FileSystem.java:3746)
	at org.apache.hadoop.fs.FileSystem$Cache$Key.<init>(FileSystem.java:3736)
	at org.apache.hadoop.fs.FileSystem$Cache.get(FileSystem.java:3520)
	at org.apache.hadoop.fs.FileSystem.get(FileSystem.java:540)
	at org.apache.hadoop.fs.FileSystem.get(FileSystem.java:288)
	at org.apache.hadoop.fs.FileSystem.get(FileSystem.java:524)
	at org.apache.hadoop.fs.Path.getFileSystem(Path.java:365)
	at org.apache.spark.sql.execution.datasources.DataSource.sourceSchema(DataSource.scala:246)
	at org.apache.spark.sql.execution.datasources.DataSource.sourceInfo$lzycompute(DataSource.scala:118)
	at org.apache.spark.sql.execution.datasources.DataSource.sourceInfo(DataSource.scala:118)
	at org.apache.spark.sql.execution.streaming.StreamingRelation$.apply(StreamingRelation.scala:36)
	at org.apache.spark.sql.streaming.DataStreamReader.loadInternal(DataStreamReader.scala:198)
	at org.apache.spark.sql.streaming.DataStreamReader.load(DataStreamReader.scala:212)
	at org.apache.spark.sql.streaming.DataStreamReader.csv(DataStreamReader.scala:260)
	at java.base/jdk.internal.reflect.NativeMethodAccessorImpl.invoke0(Native Method)
	at java.base/jdk.internal.reflect.NativeMethodAccessorImpl.invoke(NativeMethodAccessorImpl.java:77)
	at java.base/jdk.internal.reflect.DelegatingMethodAccessorImpl.invoke(DelegatingMethodAccessorImpl.java:43)
	at java.base/java.lang.reflect.Method.invoke(Method.java:568)
	at py4j.reflection.MethodInvoker.invoke(MethodInvoker.java:244)
	at py4j.reflection.ReflectionEngine.invoke(ReflectionEngine.java:374)
	at py4j.Gateway.invoke(Gateway.java:282)
	at py4j.commands.AbstractCommand.invokeMethod(AbstractCommand.java:132)
	at py4j.commands.CallCommand.execute(CallCommand.java:79)
	at py4j.ClientServerConnection.waitForCommands(ClientServerConnection.java:182)
	at py4j.ClientServerConnection.run(ClientServerConnection.java:106)
	at java.base/java.lang.Thread.run(Thread.java:840)

	at java.base/javax.security.auth.login.LoginContext.invoke(LoginContext.java:850)
	at java.base/javax.security.auth.login.LoginContext$4.run(LoginContext.java:679)
	at java.base/javax.security.auth.login.LoginContext$4.run(LoginContext.java:677)
	at java.base/java.security.AccessController.doPrivileged(AccessController.java:712)
	at java.base/javax.security.auth.login.LoginContext.invokePriv(LoginContext.java:677)
	at java.base/javax.security.auth.login.LoginContext.login(LoginContext.java:587)
	at org.apache.hadoop.security.UserGroupInformation$HadoopLoginContext.login(UserGroupInformation.java:2065)
	at org.apache.hadoop.security.UserGroupInformation.doSubjectLogin(UserGroupInformation.java:1975)
	... 29 more

2025-05-23 10:05:29,623 ERROR Application failed: An error occurred while calling o40.csv.
: org.apache.hadoop.security.KerberosAuthException: failure to login: javax.security.auth.login.LoginException: java.lang.NullPointerException: invalid null input: name
	at jdk.security.auth/com.sun.security.auth.UnixPrincipal.<init>(UnixPrincipal.java:71)
	at jdk.security.auth/com.sun.security.auth.module.UnixLoginModule.login(UnixLoginModule.java:134)
	at java.base/javax.security.auth.login.LoginContext.invoke(LoginContext.java:755)
	at java.base/javax.security.auth.login.LoginContext$4.run(LoginContext.java:679)
	at java.base/javax.security.auth.login.LoginContext$4.run(LoginContext.java:677)
	at java.base/java.security.AccessController.doPrivileged(AccessController.java:712)
	at java.base/javax.security.auth.login.LoginContext.invokePriv(LoginContext.java:677)
	at java.base/javax.security.auth.login.LoginContext.login(LoginContext.java:587)
	at org.apache.hadoop.security.UserGroupInformation$HadoopLoginContext.login(UserGroupInformation.java:2065)
	at org.apache.hadoop.security.UserGroupInformation.doSubjectLogin(UserGroupInformation.java:1975)
	at org.apache.hadoop.security.UserGroupInformation.createLoginUser(UserGroupInformation.java:719)
	at org.apache.hadoop.security.UserGroupInformation.getLoginUser(UserGroupInformation.java:669)
	at org.apache.hadoop.security.UserGroupInformation.getCurrentUser(UserGroupInformation.java:579)
	at org.apache.hadoop.fs.FileSystem$Cache$Key.<init>(FileSystem.java:3746)
	at org.apache.hadoop.fs.FileSystem$Cache$Key.<init>(FileSystem.java:3736)
	at org.apache.hadoop.fs.FileSystem$Cache.get(FileSystem.java:3520)
	at org.apache.hadoop.fs.FileSystem.get(FileSystem.java:540)
	at org.apache.hadoop.fs.FileSystem.get(FileSystem.java:288)
	at org.apache.hadoop.fs.FileSystem.get(FileSystem.java:524)
	at org.apache.hadoop.fs.Path.getFileSystem(Path.java:365)
	at org.apache.spark.sql.execution.datasources.DataSource.sourceSchema(DataSource.scala:246)
	at org.apache.spark.sql.execution.datasources.DataSource.sourceInfo$lzycompute(DataSource.scala:118)
	at org.apache.spark.sql.execution.datasources.DataSource.sourceInfo(DataSource.scala:118)
	at org.apache.spark.sql.execution.streaming.StreamingRelation$.apply(StreamingRelation.scala:36)
	at org.apache.spark.sql.streaming.DataStreamReader.loadInternal(DataStreamReader.scala:198)
	at org.apache.spark.sql.streaming.DataStreamReader.load(DataStreamReader.scala:212)
	at org.apache.spark.sql.streaming.DataStreamReader.csv(DataStreamReader.scala:260)
	at java.base/jdk.internal.reflect.NativeMethodAccessorImpl.invoke0(Native Method)
	at java.base/jdk.internal.reflect.NativeMethodAccessorImpl.invoke(NativeMethodAccessorImpl.java:77)
	at java.base/jdk.internal.reflect.DelegatingMethodAccessorImpl.invoke(DelegatingMethodAccessorImpl.java:43)
	at java.base/java.lang.reflect.Method.invoke(Method.java:568)
	at py4j.reflection.MethodInvoker.invoke(MethodInvoker.java:244)
	at py4j.reflection.ReflectionEngine.invoke(ReflectionEngine.java:374)
	at py4j.Gateway.invoke(Gateway.java:282)
	at py4j.commands.AbstractCommand.invokeMethod(AbstractCommand.java:132)
	at py4j.commands.CallCommand.execute(CallCommand.java:79)
	at py4j.ClientServerConnection.waitForCommands(ClientServerConnection.java:182)
	at py4j.ClientServerConnection.run(ClientServerConnection.java:106)
	at java.base/java.lang.Thread.run(Thread.java:840)

	at org.apache.hadoop.security.UserGroupInformation.doSubjectLogin(UserGroupInformation.java:1986)
	at org.apache.hadoop.security.UserGroupInformation.createLoginUser(UserGroupInformation.java:719)
	at org.apache.hadoop.security.UserGroupInformation.getLoginUser(UserGroupInformation.java:669)
	at org.apache.hadoop.security.UserGroupInformation.getCurrentUser(UserGroupInformation.java:579)
	at org.apache.hadoop.fs.FileSystem$Cache$Key.<init>(FileSystem.java:3746)
	at org.apache.hadoop.fs.FileSystem$Cache$Key.<init>(FileSystem.java:3736)
	at org.apache.hadoop.fs.FileSystem$Cache.get(FileSystem.java:3520)
	at org.apache.hadoop.fs.FileSystem.get(FileSystem.java:540)
	at org.apache.hadoop.fs.FileSystem.get(FileSystem.java:288)
	at org.apache.hadoop.fs.FileSystem.get(FileSystem.java:524)
	at org.apache.hadoop.fs.Path.getFileSystem(Path.java:365)
	at org.apache.spark.sql.execution.datasources.DataSource.sourceSchema(DataSource.scala:246)
	at org.apache.spark.sql.execution.datasources.DataSource.sourceInfo$lzycompute(DataSource.scala:118)
	at org.apache.spark.sql.execution.datasources.DataSource.sourceInfo(DataSource.scala:118)
	at org.apache.spark.sql.execution.streaming.StreamingRelation$.apply(StreamingRelation.scala:36)
	at org.apache.spark.sql.streaming.DataStreamReader.loadInternal(DataStreamReader.scala:198)
	at org.apache.spark.sql.streaming.DataStreamReader.load(DataStreamReader.scala:212)
	at org.apache.spark.sql.streaming.DataStreamReader.csv(DataStreamReader.scala:260)
	at java.base/jdk.internal.reflect.NativeMethodAccessorImpl.invoke0(Native Method)
	at java.base/jdk.internal.reflect.NativeMethodAccessorImpl.invoke(NativeMethodAccessorImpl.java:77)
	at java.base/jdk.internal.reflect.DelegatingMethodAccessorImpl.invoke(DelegatingMethodAccessorImpl.java:43)
	at java.base/java.lang.reflect.Method.invoke(Method.java:568)
	at py4j.reflection.MethodInvoker.invoke(MethodInvoker.java:244)
	at py4j.reflection.ReflectionEngine.invoke(ReflectionEngine.java:374)
	at py4j.Gateway.invoke(Gateway.java:282)
	at py4j.commands.AbstractCommand.invokeMethod(AbstractCommand.java:132)
	at py4j.commands.CallCommand.execute(CallCommand.java:79)
	at py4j.ClientServerConnection.waitForCommands(ClientServerConnection.java:182)
	at py4j.ClientServerConnection.run(ClientServerConnection.java:106)
	at java.base/java.lang.Thread.run(Thread.java:840)
Caused by: javax.security.auth.login.LoginException: java.lang.NullPointerException: invalid null input: name
	at jdk.security.auth/com.sun.security.auth.UnixPrincipal.<init>(UnixPrincipal.java:71)
	at jdk.security.auth/com.sun.security.auth.module.UnixLoginModule.login(UnixLoginModule.java:134)
	at java.base/javax.security.auth.login.LoginContext.invoke(LoginContext.java:755)
	at java.base/javax.security.auth.login.LoginContext$4.run(LoginContext.java:679)
	at java.base/javax.security.auth.login.LoginContext$4.run(LoginContext.java:677)
	at java.base/java.security.AccessController.doPrivileged(AccessController.java:712)
	at java.base/javax.security.auth.login.LoginContext.invokePriv(LoginContext.java:677)
	at java.base/javax.security.auth.login.LoginContext.login(LoginContext.java:587)
	at org.apache.hadoop.security.UserGroupInformation$HadoopLoginContext.login(UserGroupInformation.java:2065)
	at org.apache.hadoop.security.UserGroupInformation.doSubjectLogin(UserGroupInformation.java:1975)
	at org.apache.hadoop.security.UserGroupInformation.createLoginUser(UserGroupInformation.java:719)
	at org.apache.hadoop.security.UserGroupInformation.getLoginUser(UserGroupInformation.java:669)
	at org.apache.hadoop.security.UserGroupInformation.getCurrentUser(UserGroupInformation.java:579)
	at org.apache.hadoop.fs.FileSystem$Cache$Key.<init>(FileSystem.java:3746)
	at org.apache.hadoop.fs.FileSystem$Cache$Key.<init>(FileSystem.java:3736)
	at org.apache.hadoop.fs.FileSystem$Cache.get(FileSystem.java:3520)
	at org.apache.hadoop.fs.FileSystem.get(FileSystem.java:540)
	at org.apache.hadoop.fs.FileSystem.get(FileSystem.java:288)
	at org.apache.hadoop.fs.FileSystem.get(FileSystem.java:524)
	at org.apache.hadoop.fs.Path.getFileSystem(Path.java:365)
	at org.apache.spark.sql.execution.datasources.DataSource.sourceSchema(DataSource.scala:246)
	at org.apache.spark.sql.execution.datasources.DataSource.sourceInfo$lzycompute(DataSource.scala:118)
	at org.apache.spark.sql.execution.datasources.DataSource.sourceInfo(DataSource.scala:118)
	at org.apache.spark.sql.execution.streaming.StreamingRelation$.apply(StreamingRelation.scala:36)
	at org.apache.spark.sql.streaming.DataStreamReader.loadInternal(DataStreamReader.scala:198)
	at org.apache.spark.sql.streaming.DataStreamReader.load(DataStreamReader.scala:212)
	at org.apache.spark.sql.streaming.DataStreamReader.csv(DataStreamReader.scala:260)
	at java.base/jdk.internal.reflect.NativeMethodAccessorImpl.invoke0(Native Method)
	at java.base/jdk.internal.reflect.NativeMethodAccessorImpl.invoke(NativeMethodAccessorImpl.java:77)
	at java.base/jdk.internal.reflect.DelegatingMethodAccessorImpl.invoke(DelegatingMethodAccessorImpl.java:43)
	at java.base/java.lang.reflect.Method.invoke(Method.java:568)
	at py4j.reflection.MethodInvoker.invoke(MethodInvoker.java:244)
	at py4j.reflection.ReflectionEngine.invoke(ReflectionEngine.java:374)
	at py4j.Gateway.invoke(Gateway.java:282)
	at py4j.commands.AbstractCommand.invokeMethod(AbstractCommand.java:132)
	at py4j.commands.CallCommand.execute(CallCommand.java:79)
	at py4j.ClientServerConnection.waitForCommands(ClientServerConnection.java:182)
	at py4j.ClientServerConnection.run(ClientServerConnection.java:106)
	at java.base/java.lang.Thread.run(Thread.java:840)

	at java.base/javax.security.auth.login.LoginContext.invoke(LoginContext.java:850)
	at java.base/javax.security.auth.login.LoginContext$4.run(LoginContext.java:679)
	at java.base/javax.security.auth.login.LoginContext$4.run(LoginContext.java:677)
	at java.base/java.security.AccessController.doPrivileged(AccessController.java:712)
	at java.base/javax.security.auth.login.LoginContext.invokePriv(LoginContext.java:677)
	at java.base/javax.security.auth.login.LoginContext.login(LoginContext.java:587)
	at org.apache.hadoop.security.UserGroupInformation$HadoopLoginContext.login(UserGroupInformation.java:2065)
	at org.apache.hadoop.security.UserGroupInformation.doSubjectLogin(UserGroupInformation.java:1975)
	... 29 more

2025-05-23 10:05:29,674 INFO Closing down clientserver connection
2025-05-23 10:05:38,677 INFO SparkSession initialized
2025-05-23 10:05:40,693 ERROR Failed to read streaming data: An error occurred while calling o40.csv.
: org.apache.hadoop.security.KerberosAuthException: failure to login: javax.security.auth.login.LoginException: java.lang.NullPointerException: invalid null input: name
	at jdk.security.auth/com.sun.security.auth.UnixPrincipal.<init>(UnixPrincipal.java:71)
	at jdk.security.auth/com.sun.security.auth.module.UnixLoginModule.login(UnixLoginModule.java:134)
	at java.base/javax.security.auth.login.LoginContext.invoke(LoginContext.java:755)
	at java.base/javax.security.auth.login.LoginContext$4.run(LoginContext.java:679)
	at java.base/javax.security.auth.login.LoginContext$4.run(LoginContext.java:677)
	at java.base/java.security.AccessController.doPrivileged(AccessController.java:712)
	at java.base/javax.security.auth.login.LoginContext.invokePriv(LoginContext.java:677)
	at java.base/javax.security.auth.login.LoginContext.login(LoginContext.java:587)
	at org.apache.hadoop.security.UserGroupInformation$HadoopLoginContext.login(UserGroupInformation.java:2065)
	at org.apache.hadoop.security.UserGroupInformation.doSubjectLogin(UserGroupInformation.java:1975)
	at org.apache.hadoop.security.UserGroupInformation.createLoginUser(UserGroupInformation.java:719)
	at org.apache.hadoop.security.UserGroupInformation.getLoginUser(UserGroupInformation.java:669)
	at org.apache.hadoop.security.UserGroupInformation.getCurrentUser(UserGroupInformation.java:579)
	at org.apache.hadoop.fs.FileSystem$Cache$Key.<init>(FileSystem.java:3746)
	at org.apache.hadoop.fs.FileSystem$Cache$Key.<init>(FileSystem.java:3736)
	at org.apache.hadoop.fs.FileSystem$Cache.get(FileSystem.java:3520)
	at org.apache.hadoop.fs.FileSystem.get(FileSystem.java:540)
	at org.apache.hadoop.fs.FileSystem.get(FileSystem.java:288)
	at org.apache.hadoop.fs.FileSystem.get(FileSystem.java:524)
	at org.apache.hadoop.fs.Path.getFileSystem(Path.java:365)
	at org.apache.spark.sql.execution.datasources.DataSource.sourceSchema(DataSource.scala:246)
	at org.apache.spark.sql.execution.datasources.DataSource.sourceInfo$lzycompute(DataSource.scala:118)
	at org.apache.spark.sql.execution.datasources.DataSource.sourceInfo(DataSource.scala:118)
	at org.apache.spark.sql.execution.streaming.StreamingRelation$.apply(StreamingRelation.scala:36)
	at org.apache.spark.sql.streaming.DataStreamReader.loadInternal(DataStreamReader.scala:198)
	at org.apache.spark.sql.streaming.DataStreamReader.load(DataStreamReader.scala:212)
	at org.apache.spark.sql.streaming.DataStreamReader.csv(DataStreamReader.scala:260)
	at java.base/jdk.internal.reflect.NativeMethodAccessorImpl.invoke0(Native Method)
	at java.base/jdk.internal.reflect.NativeMethodAccessorImpl.invoke(NativeMethodAccessorImpl.java:77)
	at java.base/jdk.internal.reflect.DelegatingMethodAccessorImpl.invoke(DelegatingMethodAccessorImpl.java:43)
	at java.base/java.lang.reflect.Method.invoke(Method.java:568)
	at py4j.reflection.MethodInvoker.invoke(MethodInvoker.java:244)
	at py4j.reflection.ReflectionEngine.invoke(ReflectionEngine.java:374)
	at py4j.Gateway.invoke(Gateway.java:282)
	at py4j.commands.AbstractCommand.invokeMethod(AbstractCommand.java:132)
	at py4j.commands.CallCommand.execute(CallCommand.java:79)
	at py4j.ClientServerConnection.waitForCommands(ClientServerConnection.java:182)
	at py4j.ClientServerConnection.run(ClientServerConnection.java:106)
	at java.base/java.lang.Thread.run(Thread.java:840)

	at org.apache.hadoop.security.UserGroupInformation.doSubjectLogin(UserGroupInformation.java:1986)
	at org.apache.hadoop.security.UserGroupInformation.createLoginUser(UserGroupInformation.java:719)
	at org.apache.hadoop.security.UserGroupInformation.getLoginUser(UserGroupInformation.java:669)
	at org.apache.hadoop.security.UserGroupInformation.getCurrentUser(UserGroupInformation.java:579)
	at org.apache.hadoop.fs.FileSystem$Cache$Key.<init>(FileSystem.java:3746)
	at org.apache.hadoop.fs.FileSystem$Cache$Key.<init>(FileSystem.java:3736)
	at org.apache.hadoop.fs.FileSystem$Cache.get(FileSystem.java:3520)
	at org.apache.hadoop.fs.FileSystem.get(FileSystem.java:540)
	at org.apache.hadoop.fs.FileSystem.get(FileSystem.java:288)
	at org.apache.hadoop.fs.FileSystem.get(FileSystem.java:524)
	at org.apache.hadoop.fs.Path.getFileSystem(Path.java:365)
	at org.apache.spark.sql.execution.datasources.DataSource.sourceSchema(DataSource.scala:246)
	at org.apache.spark.sql.execution.datasources.DataSource.sourceInfo$lzycompute(DataSource.scala:118)
	at org.apache.spark.sql.execution.datasources.DataSource.sourceInfo(DataSource.scala:118)
	at org.apache.spark.sql.execution.streaming.StreamingRelation$.apply(StreamingRelation.scala:36)
	at org.apache.spark.sql.streaming.DataStreamReader.loadInternal(DataStreamReader.scala:198)
	at org.apache.spark.sql.streaming.DataStreamReader.load(DataStreamReader.scala:212)
	at org.apache.spark.sql.streaming.DataStreamReader.csv(DataStreamReader.scala:260)
	at java.base/jdk.internal.reflect.NativeMethodAccessorImpl.invoke0(Native Method)
	at java.base/jdk.internal.reflect.NativeMethodAccessorImpl.invoke(NativeMethodAccessorImpl.java:77)
	at java.base/jdk.internal.reflect.DelegatingMethodAccessorImpl.invoke(DelegatingMethodAccessorImpl.java:43)
	at java.base/java.lang.reflect.Method.invoke(Method.java:568)
	at py4j.reflection.MethodInvoker.invoke(MethodInvoker.java:244)
	at py4j.reflection.ReflectionEngine.invoke(ReflectionEngine.java:374)
	at py4j.Gateway.invoke(Gateway.java:282)
	at py4j.commands.AbstractCommand.invokeMethod(AbstractCommand.java:132)
	at py4j.commands.CallCommand.execute(CallCommand.java:79)
	at py4j.ClientServerConnection.waitForCommands(ClientServerConnection.java:182)
	at py4j.ClientServerConnection.run(ClientServerConnection.java:106)
	at java.base/java.lang.Thread.run(Thread.java:840)
Caused by: javax.security.auth.login.LoginException: java.lang.NullPointerException: invalid null input: name
	at jdk.security.auth/com.sun.security.auth.UnixPrincipal.<init>(UnixPrincipal.java:71)
	at jdk.security.auth/com.sun.security.auth.module.UnixLoginModule.login(UnixLoginModule.java:134)
	at java.base/javax.security.auth.login.LoginContext.invoke(LoginContext.java:755)
	at java.base/javax.security.auth.login.LoginContext$4.run(LoginContext.java:679)
	at java.base/javax.security.auth.login.LoginContext$4.run(LoginContext.java:677)
	at java.base/java.security.AccessController.doPrivileged(AccessController.java:712)
	at java.base/javax.security.auth.login.LoginContext.invokePriv(LoginContext.java:677)
	at java.base/javax.security.auth.login.LoginContext.login(LoginContext.java:587)
	at org.apache.hadoop.security.UserGroupInformation$HadoopLoginContext.login(UserGroupInformation.java:2065)
	at org.apache.hadoop.security.UserGroupInformation.doSubjectLogin(UserGroupInformation.java:1975)
	at org.apache.hadoop.security.UserGroupInformation.createLoginUser(UserGroupInformation.java:719)
	at org.apache.hadoop.security.UserGroupInformation.getLoginUser(UserGroupInformation.java:669)
	at org.apache.hadoop.security.UserGroupInformation.getCurrentUser(UserGroupInformation.java:579)
	at org.apache.hadoop.fs.FileSystem$Cache$Key.<init>(FileSystem.java:3746)
	at org.apache.hadoop.fs.FileSystem$Cache$Key.<init>(FileSystem.java:3736)
	at org.apache.hadoop.fs.FileSystem$Cache.get(FileSystem.java:3520)
	at org.apache.hadoop.fs.FileSystem.get(FileSystem.java:540)
	at org.apache.hadoop.fs.FileSystem.get(FileSystem.java:288)
	at org.apache.hadoop.fs.FileSystem.get(FileSystem.java:524)
	at org.apache.hadoop.fs.Path.getFileSystem(Path.java:365)
	at org.apache.spark.sql.execution.datasources.DataSource.sourceSchema(DataSource.scala:246)
	at org.apache.spark.sql.execution.datasources.DataSource.sourceInfo$lzycompute(DataSource.scala:118)
	at org.apache.spark.sql.execution.datasources.DataSource.sourceInfo(DataSource.scala:118)
	at org.apache.spark.sql.execution.streaming.StreamingRelation$.apply(StreamingRelation.scala:36)
	at org.apache.spark.sql.streaming.DataStreamReader.loadInternal(DataStreamReader.scala:198)
	at org.apache.spark.sql.streaming.DataStreamReader.load(DataStreamReader.scala:212)
	at org.apache.spark.sql.streaming.DataStreamReader.csv(DataStreamReader.scala:260)
	at java.base/jdk.internal.reflect.NativeMethodAccessorImpl.invoke0(Native Method)
	at java.base/jdk.internal.reflect.NativeMethodAccessorImpl.invoke(NativeMethodAccessorImpl.java:77)
	at java.base/jdk.internal.reflect.DelegatingMethodAccessorImpl.invoke(DelegatingMethodAccessorImpl.java:43)
	at java.base/java.lang.reflect.Method.invoke(Method.java:568)
	at py4j.reflection.MethodInvoker.invoke(MethodInvoker.java:244)
	at py4j.reflection.ReflectionEngine.invoke(ReflectionEngine.java:374)
	at py4j.Gateway.invoke(Gateway.java:282)
	at py4j.commands.AbstractCommand.invokeMethod(AbstractCommand.java:132)
	at py4j.commands.CallCommand.execute(CallCommand.java:79)
	at py4j.ClientServerConnection.waitForCommands(ClientServerConnection.java:182)
	at py4j.ClientServerConnection.run(ClientServerConnection.java:106)
	at java.base/java.lang.Thread.run(Thread.java:840)

	at java.base/javax.security.auth.login.LoginContext.invoke(LoginContext.java:850)
	at java.base/javax.security.auth.login.LoginContext$4.run(LoginContext.java:679)
	at java.base/javax.security.auth.login.LoginContext$4.run(LoginContext.java:677)
	at java.base/java.security.AccessController.doPrivileged(AccessController.java:712)
	at java.base/javax.security.auth.login.LoginContext.invokePriv(LoginContext.java:677)
	at java.base/javax.security.auth.login.LoginContext.login(LoginContext.java:587)
	at org.apache.hadoop.security.UserGroupInformation$HadoopLoginContext.login(UserGroupInformation.java:2065)
	at org.apache.hadoop.security.UserGroupInformation.doSubjectLogin(UserGroupInformation.java:1975)
	... 29 more

2025-05-23 10:05:40,953 ERROR Application failed: An error occurred while calling o40.csv.
: org.apache.hadoop.security.KerberosAuthException: failure to login: javax.security.auth.login.LoginException: java.lang.NullPointerException: invalid null input: name
	at jdk.security.auth/com.sun.security.auth.UnixPrincipal.<init>(UnixPrincipal.java:71)
	at jdk.security.auth/com.sun.security.auth.module.UnixLoginModule.login(UnixLoginModule.java:134)
	at java.base/javax.security.auth.login.LoginContext.invoke(LoginContext.java:755)
	at java.base/javax.security.auth.login.LoginContext$4.run(LoginContext.java:679)
	at java.base/javax.security.auth.login.LoginContext$4.run(LoginContext.java:677)
	at java.base/java.security.AccessController.doPrivileged(AccessController.java:712)
	at java.base/javax.security.auth.login.LoginContext.invokePriv(LoginContext.java:677)
	at java.base/javax.security.auth.login.LoginContext.login(LoginContext.java:587)
	at org.apache.hadoop.security.UserGroupInformation$HadoopLoginContext.login(UserGroupInformation.java:2065)
	at org.apache.hadoop.security.UserGroupInformation.doSubjectLogin(UserGroupInformation.java:1975)
	at org.apache.hadoop.security.UserGroupInformation.createLoginUser(UserGroupInformation.java:719)
	at org.apache.hadoop.security.UserGroupInformation.getLoginUser(UserGroupInformation.java:669)
	at org.apache.hadoop.security.UserGroupInformation.getCurrentUser(UserGroupInformation.java:579)
	at org.apache.hadoop.fs.FileSystem$Cache$Key.<init>(FileSystem.java:3746)
	at org.apache.hadoop.fs.FileSystem$Cache$Key.<init>(FileSystem.java:3736)
	at org.apache.hadoop.fs.FileSystem$Cache.get(FileSystem.java:3520)
	at org.apache.hadoop.fs.FileSystem.get(FileSystem.java:540)
	at org.apache.hadoop.fs.FileSystem.get(FileSystem.java:288)
	at org.apache.hadoop.fs.FileSystem.get(FileSystem.java:524)
	at org.apache.hadoop.fs.Path.getFileSystem(Path.java:365)
	at org.apache.spark.sql.execution.datasources.DataSource.sourceSchema(DataSource.scala:246)
	at org.apache.spark.sql.execution.datasources.DataSource.sourceInfo$lzycompute(DataSource.scala:118)
	at org.apache.spark.sql.execution.datasources.DataSource.sourceInfo(DataSource.scala:118)
	at org.apache.spark.sql.execution.streaming.StreamingRelation$.apply(StreamingRelation.scala:36)
	at org.apache.spark.sql.streaming.DataStreamReader.loadInternal(DataStreamReader.scala:198)
	at org.apache.spark.sql.streaming.DataStreamReader.load(DataStreamReader.scala:212)
	at org.apache.spark.sql.streaming.DataStreamReader.csv(DataStreamReader.scala:260)
	at java.base/jdk.internal.reflect.NativeMethodAccessorImpl.invoke0(Native Method)
	at java.base/jdk.internal.reflect.NativeMethodAccessorImpl.invoke(NativeMethodAccessorImpl.java:77)
	at java.base/jdk.internal.reflect.DelegatingMethodAccessorImpl.invoke(DelegatingMethodAccessorImpl.java:43)
	at java.base/java.lang.reflect.Method.invoke(Method.java:568)
	at py4j.reflection.MethodInvoker.invoke(MethodInvoker.java:244)
	at py4j.reflection.ReflectionEngine.invoke(ReflectionEngine.java:374)
	at py4j.Gateway.invoke(Gateway.java:282)
	at py4j.commands.AbstractCommand.invokeMethod(AbstractCommand.java:132)
	at py4j.commands.CallCommand.execute(CallCommand.java:79)
	at py4j.ClientServerConnection.waitForCommands(ClientServerConnection.java:182)
	at py4j.ClientServerConnection.run(ClientServerConnection.java:106)
	at java.base/java.lang.Thread.run(Thread.java:840)

	at org.apache.hadoop.security.UserGroupInformation.doSubjectLogin(UserGroupInformation.java:1986)
	at org.apache.hadoop.security.UserGroupInformation.createLoginUser(UserGroupInformation.java:719)
	at org.apache.hadoop.security.UserGroupInformation.getLoginUser(UserGroupInformation.java:669)
	at org.apache.hadoop.security.UserGroupInformation.getCurrentUser(UserGroupInformation.java:579)
	at org.apache.hadoop.fs.FileSystem$Cache$Key.<init>(FileSystem.java:3746)
	at org.apache.hadoop.fs.FileSystem$Cache$Key.<init>(FileSystem.java:3736)
	at org.apache.hadoop.fs.FileSystem$Cache.get(FileSystem.java:3520)
	at org.apache.hadoop.fs.FileSystem.get(FileSystem.java:540)
	at org.apache.hadoop.fs.FileSystem.get(FileSystem.java:288)
	at org.apache.hadoop.fs.FileSystem.get(FileSystem.java:524)
	at org.apache.hadoop.fs.Path.getFileSystem(Path.java:365)
	at org.apache.spark.sql.execution.datasources.DataSource.sourceSchema(DataSource.scala:246)
	at org.apache.spark.sql.execution.datasources.DataSource.sourceInfo$lzycompute(DataSource.scala:118)
	at org.apache.spark.sql.execution.datasources.DataSource.sourceInfo(DataSource.scala:118)
	at org.apache.spark.sql.execution.streaming.StreamingRelation$.apply(StreamingRelation.scala:36)
	at org.apache.spark.sql.streaming.DataStreamReader.loadInternal(DataStreamReader.scala:198)
	at org.apache.spark.sql.streaming.DataStreamReader.load(DataStreamReader.scala:212)
	at org.apache.spark.sql.streaming.DataStreamReader.csv(DataStreamReader.scala:260)
	at java.base/jdk.internal.reflect.NativeMethodAccessorImpl.invoke0(Native Method)
	at java.base/jdk.internal.reflect.NativeMethodAccessorImpl.invoke(NativeMethodAccessorImpl.java:77)
	at java.base/jdk.internal.reflect.DelegatingMethodAccessorImpl.invoke(DelegatingMethodAccessorImpl.java:43)
	at java.base/java.lang.reflect.Method.invoke(Method.java:568)
	at py4j.reflection.MethodInvoker.invoke(MethodInvoker.java:244)
	at py4j.reflection.ReflectionEngine.invoke(ReflectionEngine.java:374)
	at py4j.Gateway.invoke(Gateway.java:282)
	at py4j.commands.AbstractCommand.invokeMethod(AbstractCommand.java:132)
	at py4j.commands.CallCommand.execute(CallCommand.java:79)
	at py4j.ClientServerConnection.waitForCommands(ClientServerConnection.java:182)
	at py4j.ClientServerConnection.run(ClientServerConnection.java:106)
	at java.base/java.lang.Thread.run(Thread.java:840)
Caused by: javax.security.auth.login.LoginException: java.lang.NullPointerException: invalid null input: name
	at jdk.security.auth/com.sun.security.auth.UnixPrincipal.<init>(UnixPrincipal.java:71)
	at jdk.security.auth/com.sun.security.auth.module.UnixLoginModule.login(UnixLoginModule.java:134)
	at java.base/javax.security.auth.login.LoginContext.invoke(LoginContext.java:755)
	at java.base/javax.security.auth.login.LoginContext$4.run(LoginContext.java:679)
	at java.base/javax.security.auth.login.LoginContext$4.run(LoginContext.java:677)
	at java.base/java.security.AccessController.doPrivileged(AccessController.java:712)
	at java.base/javax.security.auth.login.LoginContext.invokePriv(LoginContext.java:677)
	at java.base/javax.security.auth.login.LoginContext.login(LoginContext.java:587)
	at org.apache.hadoop.security.UserGroupInformation$HadoopLoginContext.login(UserGroupInformation.java:2065)
	at org.apache.hadoop.security.UserGroupInformation.doSubjectLogin(UserGroupInformation.java:1975)
	at org.apache.hadoop.security.UserGroupInformation.createLoginUser(UserGroupInformation.java:719)
	at org.apache.hadoop.security.UserGroupInformation.getLoginUser(UserGroupInformation.java:669)
	at org.apache.hadoop.security.UserGroupInformation.getCurrentUser(UserGroupInformation.java:579)
	at org.apache.hadoop.fs.FileSystem$Cache$Key.<init>(FileSystem.java:3746)
	at org.apache.hadoop.fs.FileSystem$Cache$Key.<init>(FileSystem.java:3736)
	at org.apache.hadoop.fs.FileSystem$Cache.get(FileSystem.java:3520)
	at org.apache.hadoop.fs.FileSystem.get(FileSystem.java:540)
	at org.apache.hadoop.fs.FileSystem.get(FileSystem.java:288)
	at org.apache.hadoop.fs.FileSystem.get(FileSystem.java:524)
	at org.apache.hadoop.fs.Path.getFileSystem(Path.java:365)
	at org.apache.spark.sql.execution.datasources.DataSource.sourceSchema(DataSource.scala:246)
	at org.apache.spark.sql.execution.datasources.DataSource.sourceInfo$lzycompute(DataSource.scala:118)
	at org.apache.spark.sql.execution.datasources.DataSource.sourceInfo(DataSource.scala:118)
	at org.apache.spark.sql.execution.streaming.StreamingRelation$.apply(StreamingRelation.scala:36)
	at org.apache.spark.sql.streaming.DataStreamReader.loadInternal(DataStreamReader.scala:198)
	at org.apache.spark.sql.streaming.DataStreamReader.load(DataStreamReader.scala:212)
	at org.apache.spark.sql.streaming.DataStreamReader.csv(DataStreamReader.scala:260)
	at java.base/jdk.internal.reflect.NativeMethodAccessorImpl.invoke0(Native Method)
	at java.base/jdk.internal.reflect.NativeMethodAccessorImpl.invoke(NativeMethodAccessorImpl.java:77)
	at java.base/jdk.internal.reflect.DelegatingMethodAccessorImpl.invoke(DelegatingMethodAccessorImpl.java:43)
	at java.base/java.lang.reflect.Method.invoke(Method.java:568)
	at py4j.reflection.MethodInvoker.invoke(MethodInvoker.java:244)
	at py4j.reflection.ReflectionEngine.invoke(ReflectionEngine.java:374)
	at py4j.Gateway.invoke(Gateway.java:282)
	at py4j.commands.AbstractCommand.invokeMethod(AbstractCommand.java:132)
	at py4j.commands.CallCommand.execute(CallCommand.java:79)
	at py4j.ClientServerConnection.waitForCommands(ClientServerConnection.java:182)
	at py4j.ClientServerConnection.run(ClientServerConnection.java:106)
	at java.base/java.lang.Thread.run(Thread.java:840)

	at java.base/javax.security.auth.login.LoginContext.invoke(LoginContext.java:850)
	at java.base/javax.security.auth.login.LoginContext$4.run(LoginContext.java:679)
	at java.base/javax.security.auth.login.LoginContext$4.run(LoginContext.java:677)
	at java.base/java.security.AccessController.doPrivileged(AccessController.java:712)
	at java.base/javax.security.auth.login.LoginContext.invokePriv(LoginContext.java:677)
	at java.base/javax.security.auth.login.LoginContext.login(LoginContext.java:587)
	at org.apache.hadoop.security.UserGroupInformation$HadoopLoginContext.login(UserGroupInformation.java:2065)
	at org.apache.hadoop.security.UserGroupInformation.doSubjectLogin(UserGroupInformation.java:1975)
	... 29 more

2025-05-23 10:05:41,016 INFO Closing down clientserver connection
2025-05-23 10:05:50,329 INFO SparkSession initialized
2025-05-23 10:05:52,066 ERROR Failed to read streaming data: An error occurred while calling o40.csv.
: org.apache.hadoop.security.KerberosAuthException: failure to login: javax.security.auth.login.LoginException: java.lang.NullPointerException: invalid null input: name
	at jdk.security.auth/com.sun.security.auth.UnixPrincipal.<init>(UnixPrincipal.java:71)
	at jdk.security.auth/com.sun.security.auth.module.UnixLoginModule.login(UnixLoginModule.java:134)
	at java.base/javax.security.auth.login.LoginContext.invoke(LoginContext.java:755)
	at java.base/javax.security.auth.login.LoginContext$4.run(LoginContext.java:679)
	at java.base/javax.security.auth.login.LoginContext$4.run(LoginContext.java:677)
	at java.base/java.security.AccessController.doPrivileged(AccessController.java:712)
	at java.base/javax.security.auth.login.LoginContext.invokePriv(LoginContext.java:677)
	at java.base/javax.security.auth.login.LoginContext.login(LoginContext.java:587)
	at org.apache.hadoop.security.UserGroupInformation$HadoopLoginContext.login(UserGroupInformation.java:2065)
	at org.apache.hadoop.security.UserGroupInformation.doSubjectLogin(UserGroupInformation.java:1975)
	at org.apache.hadoop.security.UserGroupInformation.createLoginUser(UserGroupInformation.java:719)
	at org.apache.hadoop.security.UserGroupInformation.getLoginUser(UserGroupInformation.java:669)
	at org.apache.hadoop.security.UserGroupInformation.getCurrentUser(UserGroupInformation.java:579)
	at org.apache.hadoop.fs.FileSystem$Cache$Key.<init>(FileSystem.java:3746)
	at org.apache.hadoop.fs.FileSystem$Cache$Key.<init>(FileSystem.java:3736)
	at org.apache.hadoop.fs.FileSystem$Cache.get(FileSystem.java:3520)
	at org.apache.hadoop.fs.FileSystem.get(FileSystem.java:540)
	at org.apache.hadoop.fs.FileSystem.get(FileSystem.java:288)
	at org.apache.hadoop.fs.FileSystem.get(FileSystem.java:524)
	at org.apache.hadoop.fs.Path.getFileSystem(Path.java:365)
	at org.apache.spark.sql.execution.datasources.DataSource.sourceSchema(DataSource.scala:246)
	at org.apache.spark.sql.execution.datasources.DataSource.sourceInfo$lzycompute(DataSource.scala:118)
	at org.apache.spark.sql.execution.datasources.DataSource.sourceInfo(DataSource.scala:118)
	at org.apache.spark.sql.execution.streaming.StreamingRelation$.apply(StreamingRelation.scala:36)
	at org.apache.spark.sql.streaming.DataStreamReader.loadInternal(DataStreamReader.scala:198)
	at org.apache.spark.sql.streaming.DataStreamReader.load(DataStreamReader.scala:212)
	at org.apache.spark.sql.streaming.DataStreamReader.csv(DataStreamReader.scala:260)
	at java.base/jdk.internal.reflect.NativeMethodAccessorImpl.invoke0(Native Method)
	at java.base/jdk.internal.reflect.NativeMethodAccessorImpl.invoke(NativeMethodAccessorImpl.java:77)
	at java.base/jdk.internal.reflect.DelegatingMethodAccessorImpl.invoke(DelegatingMethodAccessorImpl.java:43)
	at java.base/java.lang.reflect.Method.invoke(Method.java:568)
	at py4j.reflection.MethodInvoker.invoke(MethodInvoker.java:244)
	at py4j.reflection.ReflectionEngine.invoke(ReflectionEngine.java:374)
	at py4j.Gateway.invoke(Gateway.java:282)
	at py4j.commands.AbstractCommand.invokeMethod(AbstractCommand.java:132)
	at py4j.commands.CallCommand.execute(CallCommand.java:79)
	at py4j.ClientServerConnection.waitForCommands(ClientServerConnection.java:182)
	at py4j.ClientServerConnection.run(ClientServerConnection.java:106)
	at java.base/java.lang.Thread.run(Thread.java:840)

	at org.apache.hadoop.security.UserGroupInformation.doSubjectLogin(UserGroupInformation.java:1986)
	at org.apache.hadoop.security.UserGroupInformation.createLoginUser(UserGroupInformation.java:719)
	at org.apache.hadoop.security.UserGroupInformation.getLoginUser(UserGroupInformation.java:669)
	at org.apache.hadoop.security.UserGroupInformation.getCurrentUser(UserGroupInformation.java:579)
	at org.apache.hadoop.fs.FileSystem$Cache$Key.<init>(FileSystem.java:3746)
	at org.apache.hadoop.fs.FileSystem$Cache$Key.<init>(FileSystem.java:3736)
	at org.apache.hadoop.fs.FileSystem$Cache.get(FileSystem.java:3520)
	at org.apache.hadoop.fs.FileSystem.get(FileSystem.java:540)
	at org.apache.hadoop.fs.FileSystem.get(FileSystem.java:288)
	at org.apache.hadoop.fs.FileSystem.get(FileSystem.java:524)
	at org.apache.hadoop.fs.Path.getFileSystem(Path.java:365)
	at org.apache.spark.sql.execution.datasources.DataSource.sourceSchema(DataSource.scala:246)
	at org.apache.spark.sql.execution.datasources.DataSource.sourceInfo$lzycompute(DataSource.scala:118)
	at org.apache.spark.sql.execution.datasources.DataSource.sourceInfo(DataSource.scala:118)
	at org.apache.spark.sql.execution.streaming.StreamingRelation$.apply(StreamingRelation.scala:36)
	at org.apache.spark.sql.streaming.DataStreamReader.loadInternal(DataStreamReader.scala:198)
	at org.apache.spark.sql.streaming.DataStreamReader.load(DataStreamReader.scala:212)
	at org.apache.spark.sql.streaming.DataStreamReader.csv(DataStreamReader.scala:260)
	at java.base/jdk.internal.reflect.NativeMethodAccessorImpl.invoke0(Native Method)
	at java.base/jdk.internal.reflect.NativeMethodAccessorImpl.invoke(NativeMethodAccessorImpl.java:77)
	at java.base/jdk.internal.reflect.DelegatingMethodAccessorImpl.invoke(DelegatingMethodAccessorImpl.java:43)
	at java.base/java.lang.reflect.Method.invoke(Method.java:568)
	at py4j.reflection.MethodInvoker.invoke(MethodInvoker.java:244)
	at py4j.reflection.ReflectionEngine.invoke(ReflectionEngine.java:374)
	at py4j.Gateway.invoke(Gateway.java:282)
	at py4j.commands.AbstractCommand.invokeMethod(AbstractCommand.java:132)
	at py4j.commands.CallCommand.execute(CallCommand.java:79)
	at py4j.ClientServerConnection.waitForCommands(ClientServerConnection.java:182)
	at py4j.ClientServerConnection.run(ClientServerConnection.java:106)
	at java.base/java.lang.Thread.run(Thread.java:840)
Caused by: javax.security.auth.login.LoginException: java.lang.NullPointerException: invalid null input: name
	at jdk.security.auth/com.sun.security.auth.UnixPrincipal.<init>(UnixPrincipal.java:71)
	at jdk.security.auth/com.sun.security.auth.module.UnixLoginModule.login(UnixLoginModule.java:134)
	at java.base/javax.security.auth.login.LoginContext.invoke(LoginContext.java:755)
	at java.base/javax.security.auth.login.LoginContext$4.run(LoginContext.java:679)
	at java.base/javax.security.auth.login.LoginContext$4.run(LoginContext.java:677)
	at java.base/java.security.AccessController.doPrivileged(AccessController.java:712)
	at java.base/javax.security.auth.login.LoginContext.invokePriv(LoginContext.java:677)
	at java.base/javax.security.auth.login.LoginContext.login(LoginContext.java:587)
	at org.apache.hadoop.security.UserGroupInformation$HadoopLoginContext.login(UserGroupInformation.java:2065)
	at org.apache.hadoop.security.UserGroupInformation.doSubjectLogin(UserGroupInformation.java:1975)
	at org.apache.hadoop.security.UserGroupInformation.createLoginUser(UserGroupInformation.java:719)
	at org.apache.hadoop.security.UserGroupInformation.getLoginUser(UserGroupInformation.java:669)
	at org.apache.hadoop.security.UserGroupInformation.getCurrentUser(UserGroupInformation.java:579)
	at org.apache.hadoop.fs.FileSystem$Cache$Key.<init>(FileSystem.java:3746)
	at org.apache.hadoop.fs.FileSystem$Cache$Key.<init>(FileSystem.java:3736)
	at org.apache.hadoop.fs.FileSystem$Cache.get(FileSystem.java:3520)
	at org.apache.hadoop.fs.FileSystem.get(FileSystem.java:540)
	at org.apache.hadoop.fs.FileSystem.get(FileSystem.java:288)
	at org.apache.hadoop.fs.FileSystem.get(FileSystem.java:524)
	at org.apache.hadoop.fs.Path.getFileSystem(Path.java:365)
	at org.apache.spark.sql.execution.datasources.DataSource.sourceSchema(DataSource.scala:246)
	at org.apache.spark.sql.execution.datasources.DataSource.sourceInfo$lzycompute(DataSource.scala:118)
	at org.apache.spark.sql.execution.datasources.DataSource.sourceInfo(DataSource.scala:118)
	at org.apache.spark.sql.execution.streaming.StreamingRelation$.apply(StreamingRelation.scala:36)
	at org.apache.spark.sql.streaming.DataStreamReader.loadInternal(DataStreamReader.scala:198)
	at org.apache.spark.sql.streaming.DataStreamReader.load(DataStreamReader.scala:212)
	at org.apache.spark.sql.streaming.DataStreamReader.csv(DataStreamReader.scala:260)
	at java.base/jdk.internal.reflect.NativeMethodAccessorImpl.invoke0(Native Method)
	at java.base/jdk.internal.reflect.NativeMethodAccessorImpl.invoke(NativeMethodAccessorImpl.java:77)
	at java.base/jdk.internal.reflect.DelegatingMethodAccessorImpl.invoke(DelegatingMethodAccessorImpl.java:43)
	at java.base/java.lang.reflect.Method.invoke(Method.java:568)
	at py4j.reflection.MethodInvoker.invoke(MethodInvoker.java:244)
	at py4j.reflection.ReflectionEngine.invoke(ReflectionEngine.java:374)
	at py4j.Gateway.invoke(Gateway.java:282)
	at py4j.commands.AbstractCommand.invokeMethod(AbstractCommand.java:132)
	at py4j.commands.CallCommand.execute(CallCommand.java:79)
	at py4j.ClientServerConnection.waitForCommands(ClientServerConnection.java:182)
	at py4j.ClientServerConnection.run(ClientServerConnection.java:106)
	at java.base/java.lang.Thread.run(Thread.java:840)

	at java.base/javax.security.auth.login.LoginContext.invoke(LoginContext.java:850)
	at java.base/javax.security.auth.login.LoginContext$4.run(LoginContext.java:679)
	at java.base/javax.security.auth.login.LoginContext$4.run(LoginContext.java:677)
	at java.base/java.security.AccessController.doPrivileged(AccessController.java:712)
	at java.base/javax.security.auth.login.LoginContext.invokePriv(LoginContext.java:677)
	at java.base/javax.security.auth.login.LoginContext.login(LoginContext.java:587)
	at org.apache.hadoop.security.UserGroupInformation$HadoopLoginContext.login(UserGroupInformation.java:2065)
	at org.apache.hadoop.security.UserGroupInformation.doSubjectLogin(UserGroupInformation.java:1975)
	... 29 more

2025-05-23 10:05:52,646 ERROR Application failed: An error occurred while calling o40.csv.
: org.apache.hadoop.security.KerberosAuthException: failure to login: javax.security.auth.login.LoginException: java.lang.NullPointerException: invalid null input: name
	at jdk.security.auth/com.sun.security.auth.UnixPrincipal.<init>(UnixPrincipal.java:71)
	at jdk.security.auth/com.sun.security.auth.module.UnixLoginModule.login(UnixLoginModule.java:134)
	at java.base/javax.security.auth.login.LoginContext.invoke(LoginContext.java:755)
	at java.base/javax.security.auth.login.LoginContext$4.run(LoginContext.java:679)
	at java.base/javax.security.auth.login.LoginContext$4.run(LoginContext.java:677)
	at java.base/java.security.AccessController.doPrivileged(AccessController.java:712)
	at java.base/javax.security.auth.login.LoginContext.invokePriv(LoginContext.java:677)
	at java.base/javax.security.auth.login.LoginContext.login(LoginContext.java:587)
	at org.apache.hadoop.security.UserGroupInformation$HadoopLoginContext.login(UserGroupInformation.java:2065)
	at org.apache.hadoop.security.UserGroupInformation.doSubjectLogin(UserGroupInformation.java:1975)
	at org.apache.hadoop.security.UserGroupInformation.createLoginUser(UserGroupInformation.java:719)
	at org.apache.hadoop.security.UserGroupInformation.getLoginUser(UserGroupInformation.java:669)
	at org.apache.hadoop.security.UserGroupInformation.getCurrentUser(UserGroupInformation.java:579)
	at org.apache.hadoop.fs.FileSystem$Cache$Key.<init>(FileSystem.java:3746)
	at org.apache.hadoop.fs.FileSystem$Cache$Key.<init>(FileSystem.java:3736)
	at org.apache.hadoop.fs.FileSystem$Cache.get(FileSystem.java:3520)
	at org.apache.hadoop.fs.FileSystem.get(FileSystem.java:540)
	at org.apache.hadoop.fs.FileSystem.get(FileSystem.java:288)
	at org.apache.hadoop.fs.FileSystem.get(FileSystem.java:524)
	at org.apache.hadoop.fs.Path.getFileSystem(Path.java:365)
	at org.apache.spark.sql.execution.datasources.DataSource.sourceSchema(DataSource.scala:246)
	at org.apache.spark.sql.execution.datasources.DataSource.sourceInfo$lzycompute(DataSource.scala:118)
	at org.apache.spark.sql.execution.datasources.DataSource.sourceInfo(DataSource.scala:118)
	at org.apache.spark.sql.execution.streaming.StreamingRelation$.apply(StreamingRelation.scala:36)
	at org.apache.spark.sql.streaming.DataStreamReader.loadInternal(DataStreamReader.scala:198)
	at org.apache.spark.sql.streaming.DataStreamReader.load(DataStreamReader.scala:212)
	at org.apache.spark.sql.streaming.DataStreamReader.csv(DataStreamReader.scala:260)
	at java.base/jdk.internal.reflect.NativeMethodAccessorImpl.invoke0(Native Method)
	at java.base/jdk.internal.reflect.NativeMethodAccessorImpl.invoke(NativeMethodAccessorImpl.java:77)
	at java.base/jdk.internal.reflect.DelegatingMethodAccessorImpl.invoke(DelegatingMethodAccessorImpl.java:43)
	at java.base/java.lang.reflect.Method.invoke(Method.java:568)
	at py4j.reflection.MethodInvoker.invoke(MethodInvoker.java:244)
	at py4j.reflection.ReflectionEngine.invoke(ReflectionEngine.java:374)
	at py4j.Gateway.invoke(Gateway.java:282)
	at py4j.commands.AbstractCommand.invokeMethod(AbstractCommand.java:132)
	at py4j.commands.CallCommand.execute(CallCommand.java:79)
	at py4j.ClientServerConnection.waitForCommands(ClientServerConnection.java:182)
	at py4j.ClientServerConnection.run(ClientServerConnection.java:106)
	at java.base/java.lang.Thread.run(Thread.java:840)

	at org.apache.hadoop.security.UserGroupInformation.doSubjectLogin(UserGroupInformation.java:1986)
	at org.apache.hadoop.security.UserGroupInformation.createLoginUser(UserGroupInformation.java:719)
	at org.apache.hadoop.security.UserGroupInformation.getLoginUser(UserGroupInformation.java:669)
	at org.apache.hadoop.security.UserGroupInformation.getCurrentUser(UserGroupInformation.java:579)
	at org.apache.hadoop.fs.FileSystem$Cache$Key.<init>(FileSystem.java:3746)
	at org.apache.hadoop.fs.FileSystem$Cache$Key.<init>(FileSystem.java:3736)
	at org.apache.hadoop.fs.FileSystem$Cache.get(FileSystem.java:3520)
	at org.apache.hadoop.fs.FileSystem.get(FileSystem.java:540)
	at org.apache.hadoop.fs.FileSystem.get(FileSystem.java:288)
	at org.apache.hadoop.fs.FileSystem.get(FileSystem.java:524)
	at org.apache.hadoop.fs.Path.getFileSystem(Path.java:365)
	at org.apache.spark.sql.execution.datasources.DataSource.sourceSchema(DataSource.scala:246)
	at org.apache.spark.sql.execution.datasources.DataSource.sourceInfo$lzycompute(DataSource.scala:118)
	at org.apache.spark.sql.execution.datasources.DataSource.sourceInfo(DataSource.scala:118)
	at org.apache.spark.sql.execution.streaming.StreamingRelation$.apply(StreamingRelation.scala:36)
	at org.apache.spark.sql.streaming.DataStreamReader.loadInternal(DataStreamReader.scala:198)
	at org.apache.spark.sql.streaming.DataStreamReader.load(DataStreamReader.scala:212)
	at org.apache.spark.sql.streaming.DataStreamReader.csv(DataStreamReader.scala:260)
	at java.base/jdk.internal.reflect.NativeMethodAccessorImpl.invoke0(Native Method)
	at java.base/jdk.internal.reflect.NativeMethodAccessorImpl.invoke(NativeMethodAccessorImpl.java:77)
	at java.base/jdk.internal.reflect.DelegatingMethodAccessorImpl.invoke(DelegatingMethodAccessorImpl.java:43)
	at java.base/java.lang.reflect.Method.invoke(Method.java:568)
	at py4j.reflection.MethodInvoker.invoke(MethodInvoker.java:244)
	at py4j.reflection.ReflectionEngine.invoke(ReflectionEngine.java:374)
	at py4j.Gateway.invoke(Gateway.java:282)
	at py4j.commands.AbstractCommand.invokeMethod(AbstractCommand.java:132)
	at py4j.commands.CallCommand.execute(CallCommand.java:79)
	at py4j.ClientServerConnection.waitForCommands(ClientServerConnection.java:182)
	at py4j.ClientServerConnection.run(ClientServerConnection.java:106)
	at java.base/java.lang.Thread.run(Thread.java:840)
Caused by: javax.security.auth.login.LoginException: java.lang.NullPointerException: invalid null input: name
	at jdk.security.auth/com.sun.security.auth.UnixPrincipal.<init>(UnixPrincipal.java:71)
	at jdk.security.auth/com.sun.security.auth.module.UnixLoginModule.login(UnixLoginModule.java:134)
	at java.base/javax.security.auth.login.LoginContext.invoke(LoginContext.java:755)
	at java.base/javax.security.auth.login.LoginContext$4.run(LoginContext.java:679)
	at java.base/javax.security.auth.login.LoginContext$4.run(LoginContext.java:677)
	at java.base/java.security.AccessController.doPrivileged(AccessController.java:712)
	at java.base/javax.security.auth.login.LoginContext.invokePriv(LoginContext.java:677)
	at java.base/javax.security.auth.login.LoginContext.login(LoginContext.java:587)
	at org.apache.hadoop.security.UserGroupInformation$HadoopLoginContext.login(UserGroupInformation.java:2065)
	at org.apache.hadoop.security.UserGroupInformation.doSubjectLogin(UserGroupInformation.java:1975)
	at org.apache.hadoop.security.UserGroupInformation.createLoginUser(UserGroupInformation.java:719)
	at org.apache.hadoop.security.UserGroupInformation.getLoginUser(UserGroupInformation.java:669)
	at org.apache.hadoop.security.UserGroupInformation.getCurrentUser(UserGroupInformation.java:579)
	at org.apache.hadoop.fs.FileSystem$Cache$Key.<init>(FileSystem.java:3746)
	at org.apache.hadoop.fs.FileSystem$Cache$Key.<init>(FileSystem.java:3736)
	at org.apache.hadoop.fs.FileSystem$Cache.get(FileSystem.java:3520)
	at org.apache.hadoop.fs.FileSystem.get(FileSystem.java:540)
	at org.apache.hadoop.fs.FileSystem.get(FileSystem.java:288)
	at org.apache.hadoop.fs.FileSystem.get(FileSystem.java:524)
	at org.apache.hadoop.fs.Path.getFileSystem(Path.java:365)
	at org.apache.spark.sql.execution.datasources.DataSource.sourceSchema(DataSource.scala:246)
	at org.apache.spark.sql.execution.datasources.DataSource.sourceInfo$lzycompute(DataSource.scala:118)
	at org.apache.spark.sql.execution.datasources.DataSource.sourceInfo(DataSource.scala:118)
	at org.apache.spark.sql.execution.streaming.StreamingRelation$.apply(StreamingRelation.scala:36)
	at org.apache.spark.sql.streaming.DataStreamReader.loadInternal(DataStreamReader.scala:198)
	at org.apache.spark.sql.streaming.DataStreamReader.load(DataStreamReader.scala:212)
	at org.apache.spark.sql.streaming.DataStreamReader.csv(DataStreamReader.scala:260)
	at java.base/jdk.internal.reflect.NativeMethodAccessorImpl.invoke0(Native Method)
	at java.base/jdk.internal.reflect.NativeMethodAccessorImpl.invoke(NativeMethodAccessorImpl.java:77)
	at java.base/jdk.internal.reflect.DelegatingMethodAccessorImpl.invoke(DelegatingMethodAccessorImpl.java:43)
	at java.base/java.lang.reflect.Method.invoke(Method.java:568)
	at py4j.reflection.MethodInvoker.invoke(MethodInvoker.java:244)
	at py4j.reflection.ReflectionEngine.invoke(ReflectionEngine.java:374)
	at py4j.Gateway.invoke(Gateway.java:282)
	at py4j.commands.AbstractCommand.invokeMethod(AbstractCommand.java:132)
	at py4j.commands.CallCommand.execute(CallCommand.java:79)
	at py4j.ClientServerConnection.waitForCommands(ClientServerConnection.java:182)
	at py4j.ClientServerConnection.run(ClientServerConnection.java:106)
	at java.base/java.lang.Thread.run(Thread.java:840)

	at java.base/javax.security.auth.login.LoginContext.invoke(LoginContext.java:850)
	at java.base/javax.security.auth.login.LoginContext$4.run(LoginContext.java:679)
	at java.base/javax.security.auth.login.LoginContext$4.run(LoginContext.java:677)
	at java.base/java.security.AccessController.doPrivileged(AccessController.java:712)
	at java.base/javax.security.auth.login.LoginContext.invokePriv(LoginContext.java:677)
	at java.base/javax.security.auth.login.LoginContext.login(LoginContext.java:587)
	at org.apache.hadoop.security.UserGroupInformation$HadoopLoginContext.login(UserGroupInformation.java:2065)
	at org.apache.hadoop.security.UserGroupInformation.doSubjectLogin(UserGroupInformation.java:1975)
	... 29 more

2025-05-23 10:05:52,699 INFO Closing down clientserver connection
2025-05-23 10:06:01,001 INFO SparkSession initialized
2025-05-23 10:06:02,967 ERROR Failed to read streaming data: An error occurred while calling o40.csv.
: org.apache.hadoop.security.KerberosAuthException: failure to login: javax.security.auth.login.LoginException: java.lang.NullPointerException: invalid null input: name
	at jdk.security.auth/com.sun.security.auth.UnixPrincipal.<init>(UnixPrincipal.java:71)
	at jdk.security.auth/com.sun.security.auth.module.UnixLoginModule.login(UnixLoginModule.java:134)
	at java.base/javax.security.auth.login.LoginContext.invoke(LoginContext.java:755)
	at java.base/javax.security.auth.login.LoginContext$4.run(LoginContext.java:679)
	at java.base/javax.security.auth.login.LoginContext$4.run(LoginContext.java:677)
	at java.base/java.security.AccessController.doPrivileged(AccessController.java:712)
	at java.base/javax.security.auth.login.LoginContext.invokePriv(LoginContext.java:677)
	at java.base/javax.security.auth.login.LoginContext.login(LoginContext.java:587)
	at org.apache.hadoop.security.UserGroupInformation$HadoopLoginContext.login(UserGroupInformation.java:2065)
	at org.apache.hadoop.security.UserGroupInformation.doSubjectLogin(UserGroupInformation.java:1975)
	at org.apache.hadoop.security.UserGroupInformation.createLoginUser(UserGroupInformation.java:719)
	at org.apache.hadoop.security.UserGroupInformation.getLoginUser(UserGroupInformation.java:669)
	at org.apache.hadoop.security.UserGroupInformation.getCurrentUser(UserGroupInformation.java:579)
	at org.apache.hadoop.fs.FileSystem$Cache$Key.<init>(FileSystem.java:3746)
	at org.apache.hadoop.fs.FileSystem$Cache$Key.<init>(FileSystem.java:3736)
	at org.apache.hadoop.fs.FileSystem$Cache.get(FileSystem.java:3520)
	at org.apache.hadoop.fs.FileSystem.get(FileSystem.java:540)
	at org.apache.hadoop.fs.FileSystem.get(FileSystem.java:288)
	at org.apache.hadoop.fs.FileSystem.get(FileSystem.java:524)
	at org.apache.hadoop.fs.Path.getFileSystem(Path.java:365)
	at org.apache.spark.sql.execution.datasources.DataSource.sourceSchema(DataSource.scala:246)
	at org.apache.spark.sql.execution.datasources.DataSource.sourceInfo$lzycompute(DataSource.scala:118)
	at org.apache.spark.sql.execution.datasources.DataSource.sourceInfo(DataSource.scala:118)
	at org.apache.spark.sql.execution.streaming.StreamingRelation$.apply(StreamingRelation.scala:36)
	at org.apache.spark.sql.streaming.DataStreamReader.loadInternal(DataStreamReader.scala:198)
	at org.apache.spark.sql.streaming.DataStreamReader.load(DataStreamReader.scala:212)
	at org.apache.spark.sql.streaming.DataStreamReader.csv(DataStreamReader.scala:260)
	at java.base/jdk.internal.reflect.NativeMethodAccessorImpl.invoke0(Native Method)
	at java.base/jdk.internal.reflect.NativeMethodAccessorImpl.invoke(NativeMethodAccessorImpl.java:77)
	at java.base/jdk.internal.reflect.DelegatingMethodAccessorImpl.invoke(DelegatingMethodAccessorImpl.java:43)
	at java.base/java.lang.reflect.Method.invoke(Method.java:568)
	at py4j.reflection.MethodInvoker.invoke(MethodInvoker.java:244)
	at py4j.reflection.ReflectionEngine.invoke(ReflectionEngine.java:374)
	at py4j.Gateway.invoke(Gateway.java:282)
	at py4j.commands.AbstractCommand.invokeMethod(AbstractCommand.java:132)
	at py4j.commands.CallCommand.execute(CallCommand.java:79)
	at py4j.ClientServerConnection.waitForCommands(ClientServerConnection.java:182)
	at py4j.ClientServerConnection.run(ClientServerConnection.java:106)
	at java.base/java.lang.Thread.run(Thread.java:840)

	at org.apache.hadoop.security.UserGroupInformation.doSubjectLogin(UserGroupInformation.java:1986)
	at org.apache.hadoop.security.UserGroupInformation.createLoginUser(UserGroupInformation.java:719)
	at org.apache.hadoop.security.UserGroupInformation.getLoginUser(UserGroupInformation.java:669)
	at org.apache.hadoop.security.UserGroupInformation.getCurrentUser(UserGroupInformation.java:579)
	at org.apache.hadoop.fs.FileSystem$Cache$Key.<init>(FileSystem.java:3746)
	at org.apache.hadoop.fs.FileSystem$Cache$Key.<init>(FileSystem.java:3736)
	at org.apache.hadoop.fs.FileSystem$Cache.get(FileSystem.java:3520)
	at org.apache.hadoop.fs.FileSystem.get(FileSystem.java:540)
	at org.apache.hadoop.fs.FileSystem.get(FileSystem.java:288)
	at org.apache.hadoop.fs.FileSystem.get(FileSystem.java:524)
	at org.apache.hadoop.fs.Path.getFileSystem(Path.java:365)
	at org.apache.spark.sql.execution.datasources.DataSource.sourceSchema(DataSource.scala:246)
	at org.apache.spark.sql.execution.datasources.DataSource.sourceInfo$lzycompute(DataSource.scala:118)
	at org.apache.spark.sql.execution.datasources.DataSource.sourceInfo(DataSource.scala:118)
	at org.apache.spark.sql.execution.streaming.StreamingRelation$.apply(StreamingRelation.scala:36)
	at org.apache.spark.sql.streaming.DataStreamReader.loadInternal(DataStreamReader.scala:198)
	at org.apache.spark.sql.streaming.DataStreamReader.load(DataStreamReader.scala:212)
	at org.apache.spark.sql.streaming.DataStreamReader.csv(DataStreamReader.scala:260)
	at java.base/jdk.internal.reflect.NativeMethodAccessorImpl.invoke0(Native Method)
	at java.base/jdk.internal.reflect.NativeMethodAccessorImpl.invoke(NativeMethodAccessorImpl.java:77)
	at java.base/jdk.internal.reflect.DelegatingMethodAccessorImpl.invoke(DelegatingMethodAccessorImpl.java:43)
	at java.base/java.lang.reflect.Method.invoke(Method.java:568)
	at py4j.reflection.MethodInvoker.invoke(MethodInvoker.java:244)
	at py4j.reflection.ReflectionEngine.invoke(ReflectionEngine.java:374)
	at py4j.Gateway.invoke(Gateway.java:282)
	at py4j.commands.AbstractCommand.invokeMethod(AbstractCommand.java:132)
	at py4j.commands.CallCommand.execute(CallCommand.java:79)
	at py4j.ClientServerConnection.waitForCommands(ClientServerConnection.java:182)
	at py4j.ClientServerConnection.run(ClientServerConnection.java:106)
	at java.base/java.lang.Thread.run(Thread.java:840)
Caused by: javax.security.auth.login.LoginException: java.lang.NullPointerException: invalid null input: name
	at jdk.security.auth/com.sun.security.auth.UnixPrincipal.<init>(UnixPrincipal.java:71)
	at jdk.security.auth/com.sun.security.auth.module.UnixLoginModule.login(UnixLoginModule.java:134)
	at java.base/javax.security.auth.login.LoginContext.invoke(LoginContext.java:755)
	at java.base/javax.security.auth.login.LoginContext$4.run(LoginContext.java:679)
	at java.base/javax.security.auth.login.LoginContext$4.run(LoginContext.java:677)
	at java.base/java.security.AccessController.doPrivileged(AccessController.java:712)
	at java.base/javax.security.auth.login.LoginContext.invokePriv(LoginContext.java:677)
	at java.base/javax.security.auth.login.LoginContext.login(LoginContext.java:587)
	at org.apache.hadoop.security.UserGroupInformation$HadoopLoginContext.login(UserGroupInformation.java:2065)
	at org.apache.hadoop.security.UserGroupInformation.doSubjectLogin(UserGroupInformation.java:1975)
	at org.apache.hadoop.security.UserGroupInformation.createLoginUser(UserGroupInformation.java:719)
	at org.apache.hadoop.security.UserGroupInformation.getLoginUser(UserGroupInformation.java:669)
	at org.apache.hadoop.security.UserGroupInformation.getCurrentUser(UserGroupInformation.java:579)
	at org.apache.hadoop.fs.FileSystem$Cache$Key.<init>(FileSystem.java:3746)
	at org.apache.hadoop.fs.FileSystem$Cache$Key.<init>(FileSystem.java:3736)
	at org.apache.hadoop.fs.FileSystem$Cache.get(FileSystem.java:3520)
	at org.apache.hadoop.fs.FileSystem.get(FileSystem.java:540)
	at org.apache.hadoop.fs.FileSystem.get(FileSystem.java:288)
	at org.apache.hadoop.fs.FileSystem.get(FileSystem.java:524)
	at org.apache.hadoop.fs.Path.getFileSystem(Path.java:365)
	at org.apache.spark.sql.execution.datasources.DataSource.sourceSchema(DataSource.scala:246)
	at org.apache.spark.sql.execution.datasources.DataSource.sourceInfo$lzycompute(DataSource.scala:118)
	at org.apache.spark.sql.execution.datasources.DataSource.sourceInfo(DataSource.scala:118)
	at org.apache.spark.sql.execution.streaming.StreamingRelation$.apply(StreamingRelation.scala:36)
	at org.apache.spark.sql.streaming.DataStreamReader.loadInternal(DataStreamReader.scala:198)
	at org.apache.spark.sql.streaming.DataStreamReader.load(DataStreamReader.scala:212)
	at org.apache.spark.sql.streaming.DataStreamReader.csv(DataStreamReader.scala:260)
	at java.base/jdk.internal.reflect.NativeMethodAccessorImpl.invoke0(Native Method)
	at java.base/jdk.internal.reflect.NativeMethodAccessorImpl.invoke(NativeMethodAccessorImpl.java:77)
	at java.base/jdk.internal.reflect.DelegatingMethodAccessorImpl.invoke(DelegatingMethodAccessorImpl.java:43)
	at java.base/java.lang.reflect.Method.invoke(Method.java:568)
	at py4j.reflection.MethodInvoker.invoke(MethodInvoker.java:244)
	at py4j.reflection.ReflectionEngine.invoke(ReflectionEngine.java:374)
	at py4j.Gateway.invoke(Gateway.java:282)
	at py4j.commands.AbstractCommand.invokeMethod(AbstractCommand.java:132)
	at py4j.commands.CallCommand.execute(CallCommand.java:79)
	at py4j.ClientServerConnection.waitForCommands(ClientServerConnection.java:182)
	at py4j.ClientServerConnection.run(ClientServerConnection.java:106)
	at java.base/java.lang.Thread.run(Thread.java:840)

	at java.base/javax.security.auth.login.LoginContext.invoke(LoginContext.java:850)
	at java.base/javax.security.auth.login.LoginContext$4.run(LoginContext.java:679)
	at java.base/javax.security.auth.login.LoginContext$4.run(LoginContext.java:677)
	at java.base/java.security.AccessController.doPrivileged(AccessController.java:712)
	at java.base/javax.security.auth.login.LoginContext.invokePriv(LoginContext.java:677)
	at java.base/javax.security.auth.login.LoginContext.login(LoginContext.java:587)
	at org.apache.hadoop.security.UserGroupInformation$HadoopLoginContext.login(UserGroupInformation.java:2065)
	at org.apache.hadoop.security.UserGroupInformation.doSubjectLogin(UserGroupInformation.java:1975)
	... 29 more

2025-05-23 10:06:03,646 ERROR Application failed: An error occurred while calling o40.csv.
: org.apache.hadoop.security.KerberosAuthException: failure to login: javax.security.auth.login.LoginException: java.lang.NullPointerException: invalid null input: name
	at jdk.security.auth/com.sun.security.auth.UnixPrincipal.<init>(UnixPrincipal.java:71)
	at jdk.security.auth/com.sun.security.auth.module.UnixLoginModule.login(UnixLoginModule.java:134)
	at java.base/javax.security.auth.login.LoginContext.invoke(LoginContext.java:755)
	at java.base/javax.security.auth.login.LoginContext$4.run(LoginContext.java:679)
	at java.base/javax.security.auth.login.LoginContext$4.run(LoginContext.java:677)
	at java.base/java.security.AccessController.doPrivileged(AccessController.java:712)
	at java.base/javax.security.auth.login.LoginContext.invokePriv(LoginContext.java:677)
	at java.base/javax.security.auth.login.LoginContext.login(LoginContext.java:587)
	at org.apache.hadoop.security.UserGroupInformation$HadoopLoginContext.login(UserGroupInformation.java:2065)
	at org.apache.hadoop.security.UserGroupInformation.doSubjectLogin(UserGroupInformation.java:1975)
	at org.apache.hadoop.security.UserGroupInformation.createLoginUser(UserGroupInformation.java:719)
	at org.apache.hadoop.security.UserGroupInformation.getLoginUser(UserGroupInformation.java:669)
	at org.apache.hadoop.security.UserGroupInformation.getCurrentUser(UserGroupInformation.java:579)
	at org.apache.hadoop.fs.FileSystem$Cache$Key.<init>(FileSystem.java:3746)
	at org.apache.hadoop.fs.FileSystem$Cache$Key.<init>(FileSystem.java:3736)
	at org.apache.hadoop.fs.FileSystem$Cache.get(FileSystem.java:3520)
	at org.apache.hadoop.fs.FileSystem.get(FileSystem.java:540)
	at org.apache.hadoop.fs.FileSystem.get(FileSystem.java:288)
	at org.apache.hadoop.fs.FileSystem.get(FileSystem.java:524)
	at org.apache.hadoop.fs.Path.getFileSystem(Path.java:365)
	at org.apache.spark.sql.execution.datasources.DataSource.sourceSchema(DataSource.scala:246)
	at org.apache.spark.sql.execution.datasources.DataSource.sourceInfo$lzycompute(DataSource.scala:118)
	at org.apache.spark.sql.execution.datasources.DataSource.sourceInfo(DataSource.scala:118)
	at org.apache.spark.sql.execution.streaming.StreamingRelation$.apply(StreamingRelation.scala:36)
	at org.apache.spark.sql.streaming.DataStreamReader.loadInternal(DataStreamReader.scala:198)
	at org.apache.spark.sql.streaming.DataStreamReader.load(DataStreamReader.scala:212)
	at org.apache.spark.sql.streaming.DataStreamReader.csv(DataStreamReader.scala:260)
	at java.base/jdk.internal.reflect.NativeMethodAccessorImpl.invoke0(Native Method)
	at java.base/jdk.internal.reflect.NativeMethodAccessorImpl.invoke(NativeMethodAccessorImpl.java:77)
	at java.base/jdk.internal.reflect.DelegatingMethodAccessorImpl.invoke(DelegatingMethodAccessorImpl.java:43)
	at java.base/java.lang.reflect.Method.invoke(Method.java:568)
	at py4j.reflection.MethodInvoker.invoke(MethodInvoker.java:244)
	at py4j.reflection.ReflectionEngine.invoke(ReflectionEngine.java:374)
	at py4j.Gateway.invoke(Gateway.java:282)
	at py4j.commands.AbstractCommand.invokeMethod(AbstractCommand.java:132)
	at py4j.commands.CallCommand.execute(CallCommand.java:79)
	at py4j.ClientServerConnection.waitForCommands(ClientServerConnection.java:182)
	at py4j.ClientServerConnection.run(ClientServerConnection.java:106)
	at java.base/java.lang.Thread.run(Thread.java:840)

	at org.apache.hadoop.security.UserGroupInformation.doSubjectLogin(UserGroupInformation.java:1986)
	at org.apache.hadoop.security.UserGroupInformation.createLoginUser(UserGroupInformation.java:719)
	at org.apache.hadoop.security.UserGroupInformation.getLoginUser(UserGroupInformation.java:669)
	at org.apache.hadoop.security.UserGroupInformation.getCurrentUser(UserGroupInformation.java:579)
	at org.apache.hadoop.fs.FileSystem$Cache$Key.<init>(FileSystem.java:3746)
	at org.apache.hadoop.fs.FileSystem$Cache$Key.<init>(FileSystem.java:3736)
	at org.apache.hadoop.fs.FileSystem$Cache.get(FileSystem.java:3520)
	at org.apache.hadoop.fs.FileSystem.get(FileSystem.java:540)
	at org.apache.hadoop.fs.FileSystem.get(FileSystem.java:288)
	at org.apache.hadoop.fs.FileSystem.get(FileSystem.java:524)
	at org.apache.hadoop.fs.Path.getFileSystem(Path.java:365)
	at org.apache.spark.sql.execution.datasources.DataSource.sourceSchema(DataSource.scala:246)
	at org.apache.spark.sql.execution.datasources.DataSource.sourceInfo$lzycompute(DataSource.scala:118)
	at org.apache.spark.sql.execution.datasources.DataSource.sourceInfo(DataSource.scala:118)
	at org.apache.spark.sql.execution.streaming.StreamingRelation$.apply(StreamingRelation.scala:36)
	at org.apache.spark.sql.streaming.DataStreamReader.loadInternal(DataStreamReader.scala:198)
	at org.apache.spark.sql.streaming.DataStreamReader.load(DataStreamReader.scala:212)
	at org.apache.spark.sql.streaming.DataStreamReader.csv(DataStreamReader.scala:260)
	at java.base/jdk.internal.reflect.NativeMethodAccessorImpl.invoke0(Native Method)
	at java.base/jdk.internal.reflect.NativeMethodAccessorImpl.invoke(NativeMethodAccessorImpl.java:77)
	at java.base/jdk.internal.reflect.DelegatingMethodAccessorImpl.invoke(DelegatingMethodAccessorImpl.java:43)
	at java.base/java.lang.reflect.Method.invoke(Method.java:568)
	at py4j.reflection.MethodInvoker.invoke(MethodInvoker.java:244)
	at py4j.reflection.ReflectionEngine.invoke(ReflectionEngine.java:374)
	at py4j.Gateway.invoke(Gateway.java:282)
	at py4j.commands.AbstractCommand.invokeMethod(AbstractCommand.java:132)
	at py4j.commands.CallCommand.execute(CallCommand.java:79)
	at py4j.ClientServerConnection.waitForCommands(ClientServerConnection.java:182)
	at py4j.ClientServerConnection.run(ClientServerConnection.java:106)
	at java.base/java.lang.Thread.run(Thread.java:840)
Caused by: javax.security.auth.login.LoginException: java.lang.NullPointerException: invalid null input: name
	at jdk.security.auth/com.sun.security.auth.UnixPrincipal.<init>(UnixPrincipal.java:71)
	at jdk.security.auth/com.sun.security.auth.module.UnixLoginModule.login(UnixLoginModule.java:134)
	at java.base/javax.security.auth.login.LoginContext.invoke(LoginContext.java:755)
	at java.base/javax.security.auth.login.LoginContext$4.run(LoginContext.java:679)
	at java.base/javax.security.auth.login.LoginContext$4.run(LoginContext.java:677)
	at java.base/java.security.AccessController.doPrivileged(AccessController.java:712)
	at java.base/javax.security.auth.login.LoginContext.invokePriv(LoginContext.java:677)
	at java.base/javax.security.auth.login.LoginContext.login(LoginContext.java:587)
	at org.apache.hadoop.security.UserGroupInformation$HadoopLoginContext.login(UserGroupInformation.java:2065)
	at org.apache.hadoop.security.UserGroupInformation.doSubjectLogin(UserGroupInformation.java:1975)
	at org.apache.hadoop.security.UserGroupInformation.createLoginUser(UserGroupInformation.java:719)
	at org.apache.hadoop.security.UserGroupInformation.getLoginUser(UserGroupInformation.java:669)
	at org.apache.hadoop.security.UserGroupInformation.getCurrentUser(UserGroupInformation.java:579)
	at org.apache.hadoop.fs.FileSystem$Cache$Key.<init>(FileSystem.java:3746)
	at org.apache.hadoop.fs.FileSystem$Cache$Key.<init>(FileSystem.java:3736)
	at org.apache.hadoop.fs.FileSystem$Cache.get(FileSystem.java:3520)
	at org.apache.hadoop.fs.FileSystem.get(FileSystem.java:540)
	at org.apache.hadoop.fs.FileSystem.get(FileSystem.java:288)
	at org.apache.hadoop.fs.FileSystem.get(FileSystem.java:524)
	at org.apache.hadoop.fs.Path.getFileSystem(Path.java:365)
	at org.apache.spark.sql.execution.datasources.DataSource.sourceSchema(DataSource.scala:246)
	at org.apache.spark.sql.execution.datasources.DataSource.sourceInfo$lzycompute(DataSource.scala:118)
	at org.apache.spark.sql.execution.datasources.DataSource.sourceInfo(DataSource.scala:118)
	at org.apache.spark.sql.execution.streaming.StreamingRelation$.apply(StreamingRelation.scala:36)
	at org.apache.spark.sql.streaming.DataStreamReader.loadInternal(DataStreamReader.scala:198)
	at org.apache.spark.sql.streaming.DataStreamReader.load(DataStreamReader.scala:212)
	at org.apache.spark.sql.streaming.DataStreamReader.csv(DataStreamReader.scala:260)
	at java.base/jdk.internal.reflect.NativeMethodAccessorImpl.invoke0(Native Method)
	at java.base/jdk.internal.reflect.NativeMethodAccessorImpl.invoke(NativeMethodAccessorImpl.java:77)
	at java.base/jdk.internal.reflect.DelegatingMethodAccessorImpl.invoke(DelegatingMethodAccessorImpl.java:43)
	at java.base/java.lang.reflect.Method.invoke(Method.java:568)
	at py4j.reflection.MethodInvoker.invoke(MethodInvoker.java:244)
	at py4j.reflection.ReflectionEngine.invoke(ReflectionEngine.java:374)
	at py4j.Gateway.invoke(Gateway.java:282)
	at py4j.commands.AbstractCommand.invokeMethod(AbstractCommand.java:132)
	at py4j.commands.CallCommand.execute(CallCommand.java:79)
	at py4j.ClientServerConnection.waitForCommands(ClientServerConnection.java:182)
	at py4j.ClientServerConnection.run(ClientServerConnection.java:106)
	at java.base/java.lang.Thread.run(Thread.java:840)

	at java.base/javax.security.auth.login.LoginContext.invoke(LoginContext.java:850)
	at java.base/javax.security.auth.login.LoginContext$4.run(LoginContext.java:679)
	at java.base/javax.security.auth.login.LoginContext$4.run(LoginContext.java:677)
	at java.base/java.security.AccessController.doPrivileged(AccessController.java:712)
	at java.base/javax.security.auth.login.LoginContext.invokePriv(LoginContext.java:677)
	at java.base/javax.security.auth.login.LoginContext.login(LoginContext.java:587)
	at org.apache.hadoop.security.UserGroupInformation$HadoopLoginContext.login(UserGroupInformation.java:2065)
	at org.apache.hadoop.security.UserGroupInformation.doSubjectLogin(UserGroupInformation.java:1975)
	... 29 more

2025-05-23 10:06:03,710 INFO Closing down clientserver connection
2025-05-23 10:06:12,872 INFO SparkSession initialized
2025-05-23 10:06:14,956 ERROR Failed to read streaming data: An error occurred while calling o40.csv.
: org.apache.hadoop.security.KerberosAuthException: failure to login: javax.security.auth.login.LoginException: java.lang.NullPointerException: invalid null input: name
	at jdk.security.auth/com.sun.security.auth.UnixPrincipal.<init>(UnixPrincipal.java:71)
	at jdk.security.auth/com.sun.security.auth.module.UnixLoginModule.login(UnixLoginModule.java:134)
	at java.base/javax.security.auth.login.LoginContext.invoke(LoginContext.java:755)
	at java.base/javax.security.auth.login.LoginContext$4.run(LoginContext.java:679)
	at java.base/javax.security.auth.login.LoginContext$4.run(LoginContext.java:677)
	at java.base/java.security.AccessController.doPrivileged(AccessController.java:712)
	at java.base/javax.security.auth.login.LoginContext.invokePriv(LoginContext.java:677)
	at java.base/javax.security.auth.login.LoginContext.login(LoginContext.java:587)
	at org.apache.hadoop.security.UserGroupInformation$HadoopLoginContext.login(UserGroupInformation.java:2065)
	at org.apache.hadoop.security.UserGroupInformation.doSubjectLogin(UserGroupInformation.java:1975)
	at org.apache.hadoop.security.UserGroupInformation.createLoginUser(UserGroupInformation.java:719)
	at org.apache.hadoop.security.UserGroupInformation.getLoginUser(UserGroupInformation.java:669)
	at org.apache.hadoop.security.UserGroupInformation.getCurrentUser(UserGroupInformation.java:579)
	at org.apache.hadoop.fs.FileSystem$Cache$Key.<init>(FileSystem.java:3746)
	at org.apache.hadoop.fs.FileSystem$Cache$Key.<init>(FileSystem.java:3736)
	at org.apache.hadoop.fs.FileSystem$Cache.get(FileSystem.java:3520)
	at org.apache.hadoop.fs.FileSystem.get(FileSystem.java:540)
	at org.apache.hadoop.fs.FileSystem.get(FileSystem.java:288)
	at org.apache.hadoop.fs.FileSystem.get(FileSystem.java:524)
	at org.apache.hadoop.fs.Path.getFileSystem(Path.java:365)
	at org.apache.spark.sql.execution.datasources.DataSource.sourceSchema(DataSource.scala:246)
	at org.apache.spark.sql.execution.datasources.DataSource.sourceInfo$lzycompute(DataSource.scala:118)
	at org.apache.spark.sql.execution.datasources.DataSource.sourceInfo(DataSource.scala:118)
	at org.apache.spark.sql.execution.streaming.StreamingRelation$.apply(StreamingRelation.scala:36)
	at org.apache.spark.sql.streaming.DataStreamReader.loadInternal(DataStreamReader.scala:198)
	at org.apache.spark.sql.streaming.DataStreamReader.load(DataStreamReader.scala:212)
	at org.apache.spark.sql.streaming.DataStreamReader.csv(DataStreamReader.scala:260)
	at java.base/jdk.internal.reflect.NativeMethodAccessorImpl.invoke0(Native Method)
	at java.base/jdk.internal.reflect.NativeMethodAccessorImpl.invoke(NativeMethodAccessorImpl.java:77)
	at java.base/jdk.internal.reflect.DelegatingMethodAccessorImpl.invoke(DelegatingMethodAccessorImpl.java:43)
	at java.base/java.lang.reflect.Method.invoke(Method.java:568)
	at py4j.reflection.MethodInvoker.invoke(MethodInvoker.java:244)
	at py4j.reflection.ReflectionEngine.invoke(ReflectionEngine.java:374)
	at py4j.Gateway.invoke(Gateway.java:282)
	at py4j.commands.AbstractCommand.invokeMethod(AbstractCommand.java:132)
	at py4j.commands.CallCommand.execute(CallCommand.java:79)
	at py4j.ClientServerConnection.waitForCommands(ClientServerConnection.java:182)
	at py4j.ClientServerConnection.run(ClientServerConnection.java:106)
	at java.base/java.lang.Thread.run(Thread.java:840)

	at org.apache.hadoop.security.UserGroupInformation.doSubjectLogin(UserGroupInformation.java:1986)
	at org.apache.hadoop.security.UserGroupInformation.createLoginUser(UserGroupInformation.java:719)
	at org.apache.hadoop.security.UserGroupInformation.getLoginUser(UserGroupInformation.java:669)
	at org.apache.hadoop.security.UserGroupInformation.getCurrentUser(UserGroupInformation.java:579)
	at org.apache.hadoop.fs.FileSystem$Cache$Key.<init>(FileSystem.java:3746)
	at org.apache.hadoop.fs.FileSystem$Cache$Key.<init>(FileSystem.java:3736)
	at org.apache.hadoop.fs.FileSystem$Cache.get(FileSystem.java:3520)
	at org.apache.hadoop.fs.FileSystem.get(FileSystem.java:540)
	at org.apache.hadoop.fs.FileSystem.get(FileSystem.java:288)
	at org.apache.hadoop.fs.FileSystem.get(FileSystem.java:524)
	at org.apache.hadoop.fs.Path.getFileSystem(Path.java:365)
	at org.apache.spark.sql.execution.datasources.DataSource.sourceSchema(DataSource.scala:246)
	at org.apache.spark.sql.execution.datasources.DataSource.sourceInfo$lzycompute(DataSource.scala:118)
	at org.apache.spark.sql.execution.datasources.DataSource.sourceInfo(DataSource.scala:118)
	at org.apache.spark.sql.execution.streaming.StreamingRelation$.apply(StreamingRelation.scala:36)
	at org.apache.spark.sql.streaming.DataStreamReader.loadInternal(DataStreamReader.scala:198)
	at org.apache.spark.sql.streaming.DataStreamReader.load(DataStreamReader.scala:212)
	at org.apache.spark.sql.streaming.DataStreamReader.csv(DataStreamReader.scala:260)
	at java.base/jdk.internal.reflect.NativeMethodAccessorImpl.invoke0(Native Method)
	at java.base/jdk.internal.reflect.NativeMethodAccessorImpl.invoke(NativeMethodAccessorImpl.java:77)
	at java.base/jdk.internal.reflect.DelegatingMethodAccessorImpl.invoke(DelegatingMethodAccessorImpl.java:43)
	at java.base/java.lang.reflect.Method.invoke(Method.java:568)
	at py4j.reflection.MethodInvoker.invoke(MethodInvoker.java:244)
	at py4j.reflection.ReflectionEngine.invoke(ReflectionEngine.java:374)
	at py4j.Gateway.invoke(Gateway.java:282)
	at py4j.commands.AbstractCommand.invokeMethod(AbstractCommand.java:132)
	at py4j.commands.CallCommand.execute(CallCommand.java:79)
	at py4j.ClientServerConnection.waitForCommands(ClientServerConnection.java:182)
	at py4j.ClientServerConnection.run(ClientServerConnection.java:106)
	at java.base/java.lang.Thread.run(Thread.java:840)
Caused by: javax.security.auth.login.LoginException: java.lang.NullPointerException: invalid null input: name
	at jdk.security.auth/com.sun.security.auth.UnixPrincipal.<init>(UnixPrincipal.java:71)
	at jdk.security.auth/com.sun.security.auth.module.UnixLoginModule.login(UnixLoginModule.java:134)
	at java.base/javax.security.auth.login.LoginContext.invoke(LoginContext.java:755)
	at java.base/javax.security.auth.login.LoginContext$4.run(LoginContext.java:679)
	at java.base/javax.security.auth.login.LoginContext$4.run(LoginContext.java:677)
	at java.base/java.security.AccessController.doPrivileged(AccessController.java:712)
	at java.base/javax.security.auth.login.LoginContext.invokePriv(LoginContext.java:677)
	at java.base/javax.security.auth.login.LoginContext.login(LoginContext.java:587)
	at org.apache.hadoop.security.UserGroupInformation$HadoopLoginContext.login(UserGroupInformation.java:2065)
	at org.apache.hadoop.security.UserGroupInformation.doSubjectLogin(UserGroupInformation.java:1975)
	at org.apache.hadoop.security.UserGroupInformation.createLoginUser(UserGroupInformation.java:719)
	at org.apache.hadoop.security.UserGroupInformation.getLoginUser(UserGroupInformation.java:669)
	at org.apache.hadoop.security.UserGroupInformation.getCurrentUser(UserGroupInformation.java:579)
	at org.apache.hadoop.fs.FileSystem$Cache$Key.<init>(FileSystem.java:3746)
	at org.apache.hadoop.fs.FileSystem$Cache$Key.<init>(FileSystem.java:3736)
	at org.apache.hadoop.fs.FileSystem$Cache.get(FileSystem.java:3520)
	at org.apache.hadoop.fs.FileSystem.get(FileSystem.java:540)
	at org.apache.hadoop.fs.FileSystem.get(FileSystem.java:288)
	at org.apache.hadoop.fs.FileSystem.get(FileSystem.java:524)
	at org.apache.hadoop.fs.Path.getFileSystem(Path.java:365)
	at org.apache.spark.sql.execution.datasources.DataSource.sourceSchema(DataSource.scala:246)
	at org.apache.spark.sql.execution.datasources.DataSource.sourceInfo$lzycompute(DataSource.scala:118)
	at org.apache.spark.sql.execution.datasources.DataSource.sourceInfo(DataSource.scala:118)
	at org.apache.spark.sql.execution.streaming.StreamingRelation$.apply(StreamingRelation.scala:36)
	at org.apache.spark.sql.streaming.DataStreamReader.loadInternal(DataStreamReader.scala:198)
	at org.apache.spark.sql.streaming.DataStreamReader.load(DataStreamReader.scala:212)
	at org.apache.spark.sql.streaming.DataStreamReader.csv(DataStreamReader.scala:260)
	at java.base/jdk.internal.reflect.NativeMethodAccessorImpl.invoke0(Native Method)
	at java.base/jdk.internal.reflect.NativeMethodAccessorImpl.invoke(NativeMethodAccessorImpl.java:77)
	at java.base/jdk.internal.reflect.DelegatingMethodAccessorImpl.invoke(DelegatingMethodAccessorImpl.java:43)
	at java.base/java.lang.reflect.Method.invoke(Method.java:568)
	at py4j.reflection.MethodInvoker.invoke(MethodInvoker.java:244)
	at py4j.reflection.ReflectionEngine.invoke(ReflectionEngine.java:374)
	at py4j.Gateway.invoke(Gateway.java:282)
	at py4j.commands.AbstractCommand.invokeMethod(AbstractCommand.java:132)
	at py4j.commands.CallCommand.execute(CallCommand.java:79)
	at py4j.ClientServerConnection.waitForCommands(ClientServerConnection.java:182)
	at py4j.ClientServerConnection.run(ClientServerConnection.java:106)
	at java.base/java.lang.Thread.run(Thread.java:840)

	at java.base/javax.security.auth.login.LoginContext.invoke(LoginContext.java:850)
	at java.base/javax.security.auth.login.LoginContext$4.run(LoginContext.java:679)
	at java.base/javax.security.auth.login.LoginContext$4.run(LoginContext.java:677)
	at java.base/java.security.AccessController.doPrivileged(AccessController.java:712)
	at java.base/javax.security.auth.login.LoginContext.invokePriv(LoginContext.java:677)
	at java.base/javax.security.auth.login.LoginContext.login(LoginContext.java:587)
	at org.apache.hadoop.security.UserGroupInformation$HadoopLoginContext.login(UserGroupInformation.java:2065)
	at org.apache.hadoop.security.UserGroupInformation.doSubjectLogin(UserGroupInformation.java:1975)
	... 29 more

2025-05-23 10:06:15,656 ERROR Application failed: An error occurred while calling o40.csv.
: org.apache.hadoop.security.KerberosAuthException: failure to login: javax.security.auth.login.LoginException: java.lang.NullPointerException: invalid null input: name
	at jdk.security.auth/com.sun.security.auth.UnixPrincipal.<init>(UnixPrincipal.java:71)
	at jdk.security.auth/com.sun.security.auth.module.UnixLoginModule.login(UnixLoginModule.java:134)
	at java.base/javax.security.auth.login.LoginContext.invoke(LoginContext.java:755)
	at java.base/javax.security.auth.login.LoginContext$4.run(LoginContext.java:679)
	at java.base/javax.security.auth.login.LoginContext$4.run(LoginContext.java:677)
	at java.base/java.security.AccessController.doPrivileged(AccessController.java:712)
	at java.base/javax.security.auth.login.LoginContext.invokePriv(LoginContext.java:677)
	at java.base/javax.security.auth.login.LoginContext.login(LoginContext.java:587)
	at org.apache.hadoop.security.UserGroupInformation$HadoopLoginContext.login(UserGroupInformation.java:2065)
	at org.apache.hadoop.security.UserGroupInformation.doSubjectLogin(UserGroupInformation.java:1975)
	at org.apache.hadoop.security.UserGroupInformation.createLoginUser(UserGroupInformation.java:719)
	at org.apache.hadoop.security.UserGroupInformation.getLoginUser(UserGroupInformation.java:669)
	at org.apache.hadoop.security.UserGroupInformation.getCurrentUser(UserGroupInformation.java:579)
	at org.apache.hadoop.fs.FileSystem$Cache$Key.<init>(FileSystem.java:3746)
	at org.apache.hadoop.fs.FileSystem$Cache$Key.<init>(FileSystem.java:3736)
	at org.apache.hadoop.fs.FileSystem$Cache.get(FileSystem.java:3520)
	at org.apache.hadoop.fs.FileSystem.get(FileSystem.java:540)
	at org.apache.hadoop.fs.FileSystem.get(FileSystem.java:288)
	at org.apache.hadoop.fs.FileSystem.get(FileSystem.java:524)
	at org.apache.hadoop.fs.Path.getFileSystem(Path.java:365)
	at org.apache.spark.sql.execution.datasources.DataSource.sourceSchema(DataSource.scala:246)
	at org.apache.spark.sql.execution.datasources.DataSource.sourceInfo$lzycompute(DataSource.scala:118)
	at org.apache.spark.sql.execution.datasources.DataSource.sourceInfo(DataSource.scala:118)
	at org.apache.spark.sql.execution.streaming.StreamingRelation$.apply(StreamingRelation.scala:36)
	at org.apache.spark.sql.streaming.DataStreamReader.loadInternal(DataStreamReader.scala:198)
	at org.apache.spark.sql.streaming.DataStreamReader.load(DataStreamReader.scala:212)
	at org.apache.spark.sql.streaming.DataStreamReader.csv(DataStreamReader.scala:260)
	at java.base/jdk.internal.reflect.NativeMethodAccessorImpl.invoke0(Native Method)
	at java.base/jdk.internal.reflect.NativeMethodAccessorImpl.invoke(NativeMethodAccessorImpl.java:77)
	at java.base/jdk.internal.reflect.DelegatingMethodAccessorImpl.invoke(DelegatingMethodAccessorImpl.java:43)
	at java.base/java.lang.reflect.Method.invoke(Method.java:568)
	at py4j.reflection.MethodInvoker.invoke(MethodInvoker.java:244)
	at py4j.reflection.ReflectionEngine.invoke(ReflectionEngine.java:374)
	at py4j.Gateway.invoke(Gateway.java:282)
	at py4j.commands.AbstractCommand.invokeMethod(AbstractCommand.java:132)
	at py4j.commands.CallCommand.execute(CallCommand.java:79)
	at py4j.ClientServerConnection.waitForCommands(ClientServerConnection.java:182)
	at py4j.ClientServerConnection.run(ClientServerConnection.java:106)
	at java.base/java.lang.Thread.run(Thread.java:840)

	at org.apache.hadoop.security.UserGroupInformation.doSubjectLogin(UserGroupInformation.java:1986)
	at org.apache.hadoop.security.UserGroupInformation.createLoginUser(UserGroupInformation.java:719)
	at org.apache.hadoop.security.UserGroupInformation.getLoginUser(UserGroupInformation.java:669)
	at org.apache.hadoop.security.UserGroupInformation.getCurrentUser(UserGroupInformation.java:579)
	at org.apache.hadoop.fs.FileSystem$Cache$Key.<init>(FileSystem.java:3746)
	at org.apache.hadoop.fs.FileSystem$Cache$Key.<init>(FileSystem.java:3736)
	at org.apache.hadoop.fs.FileSystem$Cache.get(FileSystem.java:3520)
	at org.apache.hadoop.fs.FileSystem.get(FileSystem.java:540)
	at org.apache.hadoop.fs.FileSystem.get(FileSystem.java:288)
	at org.apache.hadoop.fs.FileSystem.get(FileSystem.java:524)
	at org.apache.hadoop.fs.Path.getFileSystem(Path.java:365)
	at org.apache.spark.sql.execution.datasources.DataSource.sourceSchema(DataSource.scala:246)
	at org.apache.spark.sql.execution.datasources.DataSource.sourceInfo$lzycompute(DataSource.scala:118)
	at org.apache.spark.sql.execution.datasources.DataSource.sourceInfo(DataSource.scala:118)
	at org.apache.spark.sql.execution.streaming.StreamingRelation$.apply(StreamingRelation.scala:36)
	at org.apache.spark.sql.streaming.DataStreamReader.loadInternal(DataStreamReader.scala:198)
	at org.apache.spark.sql.streaming.DataStreamReader.load(DataStreamReader.scala:212)
	at org.apache.spark.sql.streaming.DataStreamReader.csv(DataStreamReader.scala:260)
	at java.base/jdk.internal.reflect.NativeMethodAccessorImpl.invoke0(Native Method)
	at java.base/jdk.internal.reflect.NativeMethodAccessorImpl.invoke(NativeMethodAccessorImpl.java:77)
	at java.base/jdk.internal.reflect.DelegatingMethodAccessorImpl.invoke(DelegatingMethodAccessorImpl.java:43)
	at java.base/java.lang.reflect.Method.invoke(Method.java:568)
	at py4j.reflection.MethodInvoker.invoke(MethodInvoker.java:244)
	at py4j.reflection.ReflectionEngine.invoke(ReflectionEngine.java:374)
	at py4j.Gateway.invoke(Gateway.java:282)
	at py4j.commands.AbstractCommand.invokeMethod(AbstractCommand.java:132)
	at py4j.commands.CallCommand.execute(CallCommand.java:79)
	at py4j.ClientServerConnection.waitForCommands(ClientServerConnection.java:182)
	at py4j.ClientServerConnection.run(ClientServerConnection.java:106)
	at java.base/java.lang.Thread.run(Thread.java:840)
Caused by: javax.security.auth.login.LoginException: java.lang.NullPointerException: invalid null input: name
	at jdk.security.auth/com.sun.security.auth.UnixPrincipal.<init>(UnixPrincipal.java:71)
	at jdk.security.auth/com.sun.security.auth.module.UnixLoginModule.login(UnixLoginModule.java:134)
	at java.base/javax.security.auth.login.LoginContext.invoke(LoginContext.java:755)
	at java.base/javax.security.auth.login.LoginContext$4.run(LoginContext.java:679)
	at java.base/javax.security.auth.login.LoginContext$4.run(LoginContext.java:677)
	at java.base/java.security.AccessController.doPrivileged(AccessController.java:712)
	at java.base/javax.security.auth.login.LoginContext.invokePriv(LoginContext.java:677)
	at java.base/javax.security.auth.login.LoginContext.login(LoginContext.java:587)
	at org.apache.hadoop.security.UserGroupInformation$HadoopLoginContext.login(UserGroupInformation.java:2065)
	at org.apache.hadoop.security.UserGroupInformation.doSubjectLogin(UserGroupInformation.java:1975)
	at org.apache.hadoop.security.UserGroupInformation.createLoginUser(UserGroupInformation.java:719)
	at org.apache.hadoop.security.UserGroupInformation.getLoginUser(UserGroupInformation.java:669)
	at org.apache.hadoop.security.UserGroupInformation.getCurrentUser(UserGroupInformation.java:579)
	at org.apache.hadoop.fs.FileSystem$Cache$Key.<init>(FileSystem.java:3746)
	at org.apache.hadoop.fs.FileSystem$Cache$Key.<init>(FileSystem.java:3736)
	at org.apache.hadoop.fs.FileSystem$Cache.get(FileSystem.java:3520)
	at org.apache.hadoop.fs.FileSystem.get(FileSystem.java:540)
	at org.apache.hadoop.fs.FileSystem.get(FileSystem.java:288)
	at org.apache.hadoop.fs.FileSystem.get(FileSystem.java:524)
	at org.apache.hadoop.fs.Path.getFileSystem(Path.java:365)
	at org.apache.spark.sql.execution.datasources.DataSource.sourceSchema(DataSource.scala:246)
	at org.apache.spark.sql.execution.datasources.DataSource.sourceInfo$lzycompute(DataSource.scala:118)
	at org.apache.spark.sql.execution.datasources.DataSource.sourceInfo(DataSource.scala:118)
	at org.apache.spark.sql.execution.streaming.StreamingRelation$.apply(StreamingRelation.scala:36)
	at org.apache.spark.sql.streaming.DataStreamReader.loadInternal(DataStreamReader.scala:198)
	at org.apache.spark.sql.streaming.DataStreamReader.load(DataStreamReader.scala:212)
	at org.apache.spark.sql.streaming.DataStreamReader.csv(DataStreamReader.scala:260)
	at java.base/jdk.internal.reflect.NativeMethodAccessorImpl.invoke0(Native Method)
	at java.base/jdk.internal.reflect.NativeMethodAccessorImpl.invoke(NativeMethodAccessorImpl.java:77)
	at java.base/jdk.internal.reflect.DelegatingMethodAccessorImpl.invoke(DelegatingMethodAccessorImpl.java:43)
	at java.base/java.lang.reflect.Method.invoke(Method.java:568)
	at py4j.reflection.MethodInvoker.invoke(MethodInvoker.java:244)
	at py4j.reflection.ReflectionEngine.invoke(ReflectionEngine.java:374)
	at py4j.Gateway.invoke(Gateway.java:282)
	at py4j.commands.AbstractCommand.invokeMethod(AbstractCommand.java:132)
	at py4j.commands.CallCommand.execute(CallCommand.java:79)
	at py4j.ClientServerConnection.waitForCommands(ClientServerConnection.java:182)
	at py4j.ClientServerConnection.run(ClientServerConnection.java:106)
	at java.base/java.lang.Thread.run(Thread.java:840)

	at java.base/javax.security.auth.login.LoginContext.invoke(LoginContext.java:850)
	at java.base/javax.security.auth.login.LoginContext$4.run(LoginContext.java:679)
	at java.base/javax.security.auth.login.LoginContext$4.run(LoginContext.java:677)
	at java.base/java.security.AccessController.doPrivileged(AccessController.java:712)
	at java.base/javax.security.auth.login.LoginContext.invokePriv(LoginContext.java:677)
	at java.base/javax.security.auth.login.LoginContext.login(LoginContext.java:587)
	at org.apache.hadoop.security.UserGroupInformation$HadoopLoginContext.login(UserGroupInformation.java:2065)
	at org.apache.hadoop.security.UserGroupInformation.doSubjectLogin(UserGroupInformation.java:1975)
	... 29 more

2025-05-23 10:06:15,718 INFO Closing down clientserver connection
2025-05-23 10:06:24,416 INFO SparkSession initialized
2025-05-23 10:06:26,233 ERROR Failed to read streaming data: An error occurred while calling o40.csv.
: org.apache.hadoop.security.KerberosAuthException: failure to login: javax.security.auth.login.LoginException: java.lang.NullPointerException: invalid null input: name
	at jdk.security.auth/com.sun.security.auth.UnixPrincipal.<init>(UnixPrincipal.java:71)
	at jdk.security.auth/com.sun.security.auth.module.UnixLoginModule.login(UnixLoginModule.java:134)
	at java.base/javax.security.auth.login.LoginContext.invoke(LoginContext.java:755)
	at java.base/javax.security.auth.login.LoginContext$4.run(LoginContext.java:679)
	at java.base/javax.security.auth.login.LoginContext$4.run(LoginContext.java:677)
	at java.base/java.security.AccessController.doPrivileged(AccessController.java:712)
	at java.base/javax.security.auth.login.LoginContext.invokePriv(LoginContext.java:677)
	at java.base/javax.security.auth.login.LoginContext.login(LoginContext.java:587)
	at org.apache.hadoop.security.UserGroupInformation$HadoopLoginContext.login(UserGroupInformation.java:2065)
	at org.apache.hadoop.security.UserGroupInformation.doSubjectLogin(UserGroupInformation.java:1975)
	at org.apache.hadoop.security.UserGroupInformation.createLoginUser(UserGroupInformation.java:719)
	at org.apache.hadoop.security.UserGroupInformation.getLoginUser(UserGroupInformation.java:669)
	at org.apache.hadoop.security.UserGroupInformation.getCurrentUser(UserGroupInformation.java:579)
	at org.apache.hadoop.fs.FileSystem$Cache$Key.<init>(FileSystem.java:3746)
	at org.apache.hadoop.fs.FileSystem$Cache$Key.<init>(FileSystem.java:3736)
	at org.apache.hadoop.fs.FileSystem$Cache.get(FileSystem.java:3520)
	at org.apache.hadoop.fs.FileSystem.get(FileSystem.java:540)
	at org.apache.hadoop.fs.FileSystem.get(FileSystem.java:288)
	at org.apache.hadoop.fs.FileSystem.get(FileSystem.java:524)
	at org.apache.hadoop.fs.Path.getFileSystem(Path.java:365)
	at org.apache.spark.sql.execution.datasources.DataSource.sourceSchema(DataSource.scala:246)
	at org.apache.spark.sql.execution.datasources.DataSource.sourceInfo$lzycompute(DataSource.scala:118)
	at org.apache.spark.sql.execution.datasources.DataSource.sourceInfo(DataSource.scala:118)
	at org.apache.spark.sql.execution.streaming.StreamingRelation$.apply(StreamingRelation.scala:36)
	at org.apache.spark.sql.streaming.DataStreamReader.loadInternal(DataStreamReader.scala:198)
	at org.apache.spark.sql.streaming.DataStreamReader.load(DataStreamReader.scala:212)
	at org.apache.spark.sql.streaming.DataStreamReader.csv(DataStreamReader.scala:260)
	at java.base/jdk.internal.reflect.NativeMethodAccessorImpl.invoke0(Native Method)
	at java.base/jdk.internal.reflect.NativeMethodAccessorImpl.invoke(NativeMethodAccessorImpl.java:77)
	at java.base/jdk.internal.reflect.DelegatingMethodAccessorImpl.invoke(DelegatingMethodAccessorImpl.java:43)
	at java.base/java.lang.reflect.Method.invoke(Method.java:568)
	at py4j.reflection.MethodInvoker.invoke(MethodInvoker.java:244)
	at py4j.reflection.ReflectionEngine.invoke(ReflectionEngine.java:374)
	at py4j.Gateway.invoke(Gateway.java:282)
	at py4j.commands.AbstractCommand.invokeMethod(AbstractCommand.java:132)
	at py4j.commands.CallCommand.execute(CallCommand.java:79)
	at py4j.ClientServerConnection.waitForCommands(ClientServerConnection.java:182)
	at py4j.ClientServerConnection.run(ClientServerConnection.java:106)
	at java.base/java.lang.Thread.run(Thread.java:840)

	at org.apache.hadoop.security.UserGroupInformation.doSubjectLogin(UserGroupInformation.java:1986)
	at org.apache.hadoop.security.UserGroupInformation.createLoginUser(UserGroupInformation.java:719)
	at org.apache.hadoop.security.UserGroupInformation.getLoginUser(UserGroupInformation.java:669)
	at org.apache.hadoop.security.UserGroupInformation.getCurrentUser(UserGroupInformation.java:579)
	at org.apache.hadoop.fs.FileSystem$Cache$Key.<init>(FileSystem.java:3746)
	at org.apache.hadoop.fs.FileSystem$Cache$Key.<init>(FileSystem.java:3736)
	at org.apache.hadoop.fs.FileSystem$Cache.get(FileSystem.java:3520)
	at org.apache.hadoop.fs.FileSystem.get(FileSystem.java:540)
	at org.apache.hadoop.fs.FileSystem.get(FileSystem.java:288)
	at org.apache.hadoop.fs.FileSystem.get(FileSystem.java:524)
	at org.apache.hadoop.fs.Path.getFileSystem(Path.java:365)
	at org.apache.spark.sql.execution.datasources.DataSource.sourceSchema(DataSource.scala:246)
	at org.apache.spark.sql.execution.datasources.DataSource.sourceInfo$lzycompute(DataSource.scala:118)
	at org.apache.spark.sql.execution.datasources.DataSource.sourceInfo(DataSource.scala:118)
	at org.apache.spark.sql.execution.streaming.StreamingRelation$.apply(StreamingRelation.scala:36)
	at org.apache.spark.sql.streaming.DataStreamReader.loadInternal(DataStreamReader.scala:198)
	at org.apache.spark.sql.streaming.DataStreamReader.load(DataStreamReader.scala:212)
	at org.apache.spark.sql.streaming.DataStreamReader.csv(DataStreamReader.scala:260)
	at java.base/jdk.internal.reflect.NativeMethodAccessorImpl.invoke0(Native Method)
	at java.base/jdk.internal.reflect.NativeMethodAccessorImpl.invoke(NativeMethodAccessorImpl.java:77)
	at java.base/jdk.internal.reflect.DelegatingMethodAccessorImpl.invoke(DelegatingMethodAccessorImpl.java:43)
	at java.base/java.lang.reflect.Method.invoke(Method.java:568)
	at py4j.reflection.MethodInvoker.invoke(MethodInvoker.java:244)
	at py4j.reflection.ReflectionEngine.invoke(ReflectionEngine.java:374)
	at py4j.Gateway.invoke(Gateway.java:282)
	at py4j.commands.AbstractCommand.invokeMethod(AbstractCommand.java:132)
	at py4j.commands.CallCommand.execute(CallCommand.java:79)
	at py4j.ClientServerConnection.waitForCommands(ClientServerConnection.java:182)
	at py4j.ClientServerConnection.run(ClientServerConnection.java:106)
	at java.base/java.lang.Thread.run(Thread.java:840)
Caused by: javax.security.auth.login.LoginException: java.lang.NullPointerException: invalid null input: name
	at jdk.security.auth/com.sun.security.auth.UnixPrincipal.<init>(UnixPrincipal.java:71)
	at jdk.security.auth/com.sun.security.auth.module.UnixLoginModule.login(UnixLoginModule.java:134)
	at java.base/javax.security.auth.login.LoginContext.invoke(LoginContext.java:755)
	at java.base/javax.security.auth.login.LoginContext$4.run(LoginContext.java:679)
	at java.base/javax.security.auth.login.LoginContext$4.run(LoginContext.java:677)
	at java.base/java.security.AccessController.doPrivileged(AccessController.java:712)
	at java.base/javax.security.auth.login.LoginContext.invokePriv(LoginContext.java:677)
	at java.base/javax.security.auth.login.LoginContext.login(LoginContext.java:587)
	at org.apache.hadoop.security.UserGroupInformation$HadoopLoginContext.login(UserGroupInformation.java:2065)
	at org.apache.hadoop.security.UserGroupInformation.doSubjectLogin(UserGroupInformation.java:1975)
	at org.apache.hadoop.security.UserGroupInformation.createLoginUser(UserGroupInformation.java:719)
	at org.apache.hadoop.security.UserGroupInformation.getLoginUser(UserGroupInformation.java:669)
	at org.apache.hadoop.security.UserGroupInformation.getCurrentUser(UserGroupInformation.java:579)
	at org.apache.hadoop.fs.FileSystem$Cache$Key.<init>(FileSystem.java:3746)
	at org.apache.hadoop.fs.FileSystem$Cache$Key.<init>(FileSystem.java:3736)
	at org.apache.hadoop.fs.FileSystem$Cache.get(FileSystem.java:3520)
	at org.apache.hadoop.fs.FileSystem.get(FileSystem.java:540)
	at org.apache.hadoop.fs.FileSystem.get(FileSystem.java:288)
	at org.apache.hadoop.fs.FileSystem.get(FileSystem.java:524)
	at org.apache.hadoop.fs.Path.getFileSystem(Path.java:365)
	at org.apache.spark.sql.execution.datasources.DataSource.sourceSchema(DataSource.scala:246)
	at org.apache.spark.sql.execution.datasources.DataSource.sourceInfo$lzycompute(DataSource.scala:118)
	at org.apache.spark.sql.execution.datasources.DataSource.sourceInfo(DataSource.scala:118)
	at org.apache.spark.sql.execution.streaming.StreamingRelation$.apply(StreamingRelation.scala:36)
	at org.apache.spark.sql.streaming.DataStreamReader.loadInternal(DataStreamReader.scala:198)
	at org.apache.spark.sql.streaming.DataStreamReader.load(DataStreamReader.scala:212)
	at org.apache.spark.sql.streaming.DataStreamReader.csv(DataStreamReader.scala:260)
	at java.base/jdk.internal.reflect.NativeMethodAccessorImpl.invoke0(Native Method)
	at java.base/jdk.internal.reflect.NativeMethodAccessorImpl.invoke(NativeMethodAccessorImpl.java:77)
	at java.base/jdk.internal.reflect.DelegatingMethodAccessorImpl.invoke(DelegatingMethodAccessorImpl.java:43)
	at java.base/java.lang.reflect.Method.invoke(Method.java:568)
	at py4j.reflection.MethodInvoker.invoke(MethodInvoker.java:244)
	at py4j.reflection.ReflectionEngine.invoke(ReflectionEngine.java:374)
	at py4j.Gateway.invoke(Gateway.java:282)
	at py4j.commands.AbstractCommand.invokeMethod(AbstractCommand.java:132)
	at py4j.commands.CallCommand.execute(CallCommand.java:79)
	at py4j.ClientServerConnection.waitForCommands(ClientServerConnection.java:182)
	at py4j.ClientServerConnection.run(ClientServerConnection.java:106)
	at java.base/java.lang.Thread.run(Thread.java:840)

	at java.base/javax.security.auth.login.LoginContext.invoke(LoginContext.java:850)
	at java.base/javax.security.auth.login.LoginContext$4.run(LoginContext.java:679)
	at java.base/javax.security.auth.login.LoginContext$4.run(LoginContext.java:677)
	at java.base/java.security.AccessController.doPrivileged(AccessController.java:712)
	at java.base/javax.security.auth.login.LoginContext.invokePriv(LoginContext.java:677)
	at java.base/javax.security.auth.login.LoginContext.login(LoginContext.java:587)
	at org.apache.hadoop.security.UserGroupInformation$HadoopLoginContext.login(UserGroupInformation.java:2065)
	at org.apache.hadoop.security.UserGroupInformation.doSubjectLogin(UserGroupInformation.java:1975)
	... 29 more

2025-05-23 10:06:26,693 ERROR Application failed: An error occurred while calling o40.csv.
: org.apache.hadoop.security.KerberosAuthException: failure to login: javax.security.auth.login.LoginException: java.lang.NullPointerException: invalid null input: name
	at jdk.security.auth/com.sun.security.auth.UnixPrincipal.<init>(UnixPrincipal.java:71)
	at jdk.security.auth/com.sun.security.auth.module.UnixLoginModule.login(UnixLoginModule.java:134)
	at java.base/javax.security.auth.login.LoginContext.invoke(LoginContext.java:755)
	at java.base/javax.security.auth.login.LoginContext$4.run(LoginContext.java:679)
	at java.base/javax.security.auth.login.LoginContext$4.run(LoginContext.java:677)
	at java.base/java.security.AccessController.doPrivileged(AccessController.java:712)
	at java.base/javax.security.auth.login.LoginContext.invokePriv(LoginContext.java:677)
	at java.base/javax.security.auth.login.LoginContext.login(LoginContext.java:587)
	at org.apache.hadoop.security.UserGroupInformation$HadoopLoginContext.login(UserGroupInformation.java:2065)
	at org.apache.hadoop.security.UserGroupInformation.doSubjectLogin(UserGroupInformation.java:1975)
	at org.apache.hadoop.security.UserGroupInformation.createLoginUser(UserGroupInformation.java:719)
	at org.apache.hadoop.security.UserGroupInformation.getLoginUser(UserGroupInformation.java:669)
	at org.apache.hadoop.security.UserGroupInformation.getCurrentUser(UserGroupInformation.java:579)
	at org.apache.hadoop.fs.FileSystem$Cache$Key.<init>(FileSystem.java:3746)
	at org.apache.hadoop.fs.FileSystem$Cache$Key.<init>(FileSystem.java:3736)
	at org.apache.hadoop.fs.FileSystem$Cache.get(FileSystem.java:3520)
	at org.apache.hadoop.fs.FileSystem.get(FileSystem.java:540)
	at org.apache.hadoop.fs.FileSystem.get(FileSystem.java:288)
	at org.apache.hadoop.fs.FileSystem.get(FileSystem.java:524)
	at org.apache.hadoop.fs.Path.getFileSystem(Path.java:365)
	at org.apache.spark.sql.execution.datasources.DataSource.sourceSchema(DataSource.scala:246)
	at org.apache.spark.sql.execution.datasources.DataSource.sourceInfo$lzycompute(DataSource.scala:118)
	at org.apache.spark.sql.execution.datasources.DataSource.sourceInfo(DataSource.scala:118)
	at org.apache.spark.sql.execution.streaming.StreamingRelation$.apply(StreamingRelation.scala:36)
	at org.apache.spark.sql.streaming.DataStreamReader.loadInternal(DataStreamReader.scala:198)
	at org.apache.spark.sql.streaming.DataStreamReader.load(DataStreamReader.scala:212)
	at org.apache.spark.sql.streaming.DataStreamReader.csv(DataStreamReader.scala:260)
	at java.base/jdk.internal.reflect.NativeMethodAccessorImpl.invoke0(Native Method)
	at java.base/jdk.internal.reflect.NativeMethodAccessorImpl.invoke(NativeMethodAccessorImpl.java:77)
	at java.base/jdk.internal.reflect.DelegatingMethodAccessorImpl.invoke(DelegatingMethodAccessorImpl.java:43)
	at java.base/java.lang.reflect.Method.invoke(Method.java:568)
	at py4j.reflection.MethodInvoker.invoke(MethodInvoker.java:244)
	at py4j.reflection.ReflectionEngine.invoke(ReflectionEngine.java:374)
	at py4j.Gateway.invoke(Gateway.java:282)
	at py4j.commands.AbstractCommand.invokeMethod(AbstractCommand.java:132)
	at py4j.commands.CallCommand.execute(CallCommand.java:79)
	at py4j.ClientServerConnection.waitForCommands(ClientServerConnection.java:182)
	at py4j.ClientServerConnection.run(ClientServerConnection.java:106)
	at java.base/java.lang.Thread.run(Thread.java:840)

	at org.apache.hadoop.security.UserGroupInformation.doSubjectLogin(UserGroupInformation.java:1986)
	at org.apache.hadoop.security.UserGroupInformation.createLoginUser(UserGroupInformation.java:719)
	at org.apache.hadoop.security.UserGroupInformation.getLoginUser(UserGroupInformation.java:669)
	at org.apache.hadoop.security.UserGroupInformation.getCurrentUser(UserGroupInformation.java:579)
	at org.apache.hadoop.fs.FileSystem$Cache$Key.<init>(FileSystem.java:3746)
	at org.apache.hadoop.fs.FileSystem$Cache$Key.<init>(FileSystem.java:3736)
	at org.apache.hadoop.fs.FileSystem$Cache.get(FileSystem.java:3520)
	at org.apache.hadoop.fs.FileSystem.get(FileSystem.java:540)
	at org.apache.hadoop.fs.FileSystem.get(FileSystem.java:288)
	at org.apache.hadoop.fs.FileSystem.get(FileSystem.java:524)
	at org.apache.hadoop.fs.Path.getFileSystem(Path.java:365)
	at org.apache.spark.sql.execution.datasources.DataSource.sourceSchema(DataSource.scala:246)
	at org.apache.spark.sql.execution.datasources.DataSource.sourceInfo$lzycompute(DataSource.scala:118)
	at org.apache.spark.sql.execution.datasources.DataSource.sourceInfo(DataSource.scala:118)
	at org.apache.spark.sql.execution.streaming.StreamingRelation$.apply(StreamingRelation.scala:36)
	at org.apache.spark.sql.streaming.DataStreamReader.loadInternal(DataStreamReader.scala:198)
	at org.apache.spark.sql.streaming.DataStreamReader.load(DataStreamReader.scala:212)
	at org.apache.spark.sql.streaming.DataStreamReader.csv(DataStreamReader.scala:260)
	at java.base/jdk.internal.reflect.NativeMethodAccessorImpl.invoke0(Native Method)
	at java.base/jdk.internal.reflect.NativeMethodAccessorImpl.invoke(NativeMethodAccessorImpl.java:77)
	at java.base/jdk.internal.reflect.DelegatingMethodAccessorImpl.invoke(DelegatingMethodAccessorImpl.java:43)
	at java.base/java.lang.reflect.Method.invoke(Method.java:568)
	at py4j.reflection.MethodInvoker.invoke(MethodInvoker.java:244)
	at py4j.reflection.ReflectionEngine.invoke(ReflectionEngine.java:374)
	at py4j.Gateway.invoke(Gateway.java:282)
	at py4j.commands.AbstractCommand.invokeMethod(AbstractCommand.java:132)
	at py4j.commands.CallCommand.execute(CallCommand.java:79)
	at py4j.ClientServerConnection.waitForCommands(ClientServerConnection.java:182)
	at py4j.ClientServerConnection.run(ClientServerConnection.java:106)
	at java.base/java.lang.Thread.run(Thread.java:840)
Caused by: javax.security.auth.login.LoginException: java.lang.NullPointerException: invalid null input: name
	at jdk.security.auth/com.sun.security.auth.UnixPrincipal.<init>(UnixPrincipal.java:71)
	at jdk.security.auth/com.sun.security.auth.module.UnixLoginModule.login(UnixLoginModule.java:134)
	at java.base/javax.security.auth.login.LoginContext.invoke(LoginContext.java:755)
	at java.base/javax.security.auth.login.LoginContext$4.run(LoginContext.java:679)
	at java.base/javax.security.auth.login.LoginContext$4.run(LoginContext.java:677)
	at java.base/java.security.AccessController.doPrivileged(AccessController.java:712)
	at java.base/javax.security.auth.login.LoginContext.invokePriv(LoginContext.java:677)
	at java.base/javax.security.auth.login.LoginContext.login(LoginContext.java:587)
	at org.apache.hadoop.security.UserGroupInformation$HadoopLoginContext.login(UserGroupInformation.java:2065)
	at org.apache.hadoop.security.UserGroupInformation.doSubjectLogin(UserGroupInformation.java:1975)
	at org.apache.hadoop.security.UserGroupInformation.createLoginUser(UserGroupInformation.java:719)
	at org.apache.hadoop.security.UserGroupInformation.getLoginUser(UserGroupInformation.java:669)
	at org.apache.hadoop.security.UserGroupInformation.getCurrentUser(UserGroupInformation.java:579)
	at org.apache.hadoop.fs.FileSystem$Cache$Key.<init>(FileSystem.java:3746)
	at org.apache.hadoop.fs.FileSystem$Cache$Key.<init>(FileSystem.java:3736)
	at org.apache.hadoop.fs.FileSystem$Cache.get(FileSystem.java:3520)
	at org.apache.hadoop.fs.FileSystem.get(FileSystem.java:540)
	at org.apache.hadoop.fs.FileSystem.get(FileSystem.java:288)
	at org.apache.hadoop.fs.FileSystem.get(FileSystem.java:524)
	at org.apache.hadoop.fs.Path.getFileSystem(Path.java:365)
	at org.apache.spark.sql.execution.datasources.DataSource.sourceSchema(DataSource.scala:246)
	at org.apache.spark.sql.execution.datasources.DataSource.sourceInfo$lzycompute(DataSource.scala:118)
	at org.apache.spark.sql.execution.datasources.DataSource.sourceInfo(DataSource.scala:118)
	at org.apache.spark.sql.execution.streaming.StreamingRelation$.apply(StreamingRelation.scala:36)
	at org.apache.spark.sql.streaming.DataStreamReader.loadInternal(DataStreamReader.scala:198)
	at org.apache.spark.sql.streaming.DataStreamReader.load(DataStreamReader.scala:212)
	at org.apache.spark.sql.streaming.DataStreamReader.csv(DataStreamReader.scala:260)
	at java.base/jdk.internal.reflect.NativeMethodAccessorImpl.invoke0(Native Method)
	at java.base/jdk.internal.reflect.NativeMethodAccessorImpl.invoke(NativeMethodAccessorImpl.java:77)
	at java.base/jdk.internal.reflect.DelegatingMethodAccessorImpl.invoke(DelegatingMethodAccessorImpl.java:43)
	at java.base/java.lang.reflect.Method.invoke(Method.java:568)
	at py4j.reflection.MethodInvoker.invoke(MethodInvoker.java:244)
	at py4j.reflection.ReflectionEngine.invoke(ReflectionEngine.java:374)
	at py4j.Gateway.invoke(Gateway.java:282)
	at py4j.commands.AbstractCommand.invokeMethod(AbstractCommand.java:132)
	at py4j.commands.CallCommand.execute(CallCommand.java:79)
	at py4j.ClientServerConnection.waitForCommands(ClientServerConnection.java:182)
	at py4j.ClientServerConnection.run(ClientServerConnection.java:106)
	at java.base/java.lang.Thread.run(Thread.java:840)

	at java.base/javax.security.auth.login.LoginContext.invoke(LoginContext.java:850)
	at java.base/javax.security.auth.login.LoginContext$4.run(LoginContext.java:679)
	at java.base/javax.security.auth.login.LoginContext$4.run(LoginContext.java:677)
	at java.base/java.security.AccessController.doPrivileged(AccessController.java:712)
	at java.base/javax.security.auth.login.LoginContext.invokePriv(LoginContext.java:677)
	at java.base/javax.security.auth.login.LoginContext.login(LoginContext.java:587)
	at org.apache.hadoop.security.UserGroupInformation$HadoopLoginContext.login(UserGroupInformation.java:2065)
	at org.apache.hadoop.security.UserGroupInformation.doSubjectLogin(UserGroupInformation.java:1975)
	... 29 more

2025-05-23 10:06:26,745 INFO Closing down clientserver connection
2025-05-23 10:06:36,506 INFO SparkSession initialized
2025-05-23 10:06:38,443 ERROR Failed to read streaming data: An error occurred while calling o40.csv.
: org.apache.hadoop.security.KerberosAuthException: failure to login: javax.security.auth.login.LoginException: java.lang.NullPointerException: invalid null input: name
	at jdk.security.auth/com.sun.security.auth.UnixPrincipal.<init>(UnixPrincipal.java:71)
	at jdk.security.auth/com.sun.security.auth.module.UnixLoginModule.login(UnixLoginModule.java:134)
	at java.base/javax.security.auth.login.LoginContext.invoke(LoginContext.java:755)
	at java.base/javax.security.auth.login.LoginContext$4.run(LoginContext.java:679)
	at java.base/javax.security.auth.login.LoginContext$4.run(LoginContext.java:677)
	at java.base/java.security.AccessController.doPrivileged(AccessController.java:712)
	at java.base/javax.security.auth.login.LoginContext.invokePriv(LoginContext.java:677)
	at java.base/javax.security.auth.login.LoginContext.login(LoginContext.java:587)
	at org.apache.hadoop.security.UserGroupInformation$HadoopLoginContext.login(UserGroupInformation.java:2065)
	at org.apache.hadoop.security.UserGroupInformation.doSubjectLogin(UserGroupInformation.java:1975)
	at org.apache.hadoop.security.UserGroupInformation.createLoginUser(UserGroupInformation.java:719)
	at org.apache.hadoop.security.UserGroupInformation.getLoginUser(UserGroupInformation.java:669)
	at org.apache.hadoop.security.UserGroupInformation.getCurrentUser(UserGroupInformation.java:579)
	at org.apache.hadoop.fs.FileSystem$Cache$Key.<init>(FileSystem.java:3746)
	at org.apache.hadoop.fs.FileSystem$Cache$Key.<init>(FileSystem.java:3736)
	at org.apache.hadoop.fs.FileSystem$Cache.get(FileSystem.java:3520)
	at org.apache.hadoop.fs.FileSystem.get(FileSystem.java:540)
	at org.apache.hadoop.fs.FileSystem.get(FileSystem.java:288)
	at org.apache.hadoop.fs.FileSystem.get(FileSystem.java:524)
	at org.apache.hadoop.fs.Path.getFileSystem(Path.java:365)
	at org.apache.spark.sql.execution.datasources.DataSource.sourceSchema(DataSource.scala:246)
	at org.apache.spark.sql.execution.datasources.DataSource.sourceInfo$lzycompute(DataSource.scala:118)
	at org.apache.spark.sql.execution.datasources.DataSource.sourceInfo(DataSource.scala:118)
	at org.apache.spark.sql.execution.streaming.StreamingRelation$.apply(StreamingRelation.scala:36)
	at org.apache.spark.sql.streaming.DataStreamReader.loadInternal(DataStreamReader.scala:198)
	at org.apache.spark.sql.streaming.DataStreamReader.load(DataStreamReader.scala:212)
	at org.apache.spark.sql.streaming.DataStreamReader.csv(DataStreamReader.scala:260)
	at java.base/jdk.internal.reflect.NativeMethodAccessorImpl.invoke0(Native Method)
	at java.base/jdk.internal.reflect.NativeMethodAccessorImpl.invoke(NativeMethodAccessorImpl.java:77)
	at java.base/jdk.internal.reflect.DelegatingMethodAccessorImpl.invoke(DelegatingMethodAccessorImpl.java:43)
	at java.base/java.lang.reflect.Method.invoke(Method.java:568)
	at py4j.reflection.MethodInvoker.invoke(MethodInvoker.java:244)
	at py4j.reflection.ReflectionEngine.invoke(ReflectionEngine.java:374)
	at py4j.Gateway.invoke(Gateway.java:282)
	at py4j.commands.AbstractCommand.invokeMethod(AbstractCommand.java:132)
	at py4j.commands.CallCommand.execute(CallCommand.java:79)
	at py4j.ClientServerConnection.waitForCommands(ClientServerConnection.java:182)
	at py4j.ClientServerConnection.run(ClientServerConnection.java:106)
	at java.base/java.lang.Thread.run(Thread.java:840)

	at org.apache.hadoop.security.UserGroupInformation.doSubjectLogin(UserGroupInformation.java:1986)
	at org.apache.hadoop.security.UserGroupInformation.createLoginUser(UserGroupInformation.java:719)
	at org.apache.hadoop.security.UserGroupInformation.getLoginUser(UserGroupInformation.java:669)
	at org.apache.hadoop.security.UserGroupInformation.getCurrentUser(UserGroupInformation.java:579)
	at org.apache.hadoop.fs.FileSystem$Cache$Key.<init>(FileSystem.java:3746)
	at org.apache.hadoop.fs.FileSystem$Cache$Key.<init>(FileSystem.java:3736)
	at org.apache.hadoop.fs.FileSystem$Cache.get(FileSystem.java:3520)
	at org.apache.hadoop.fs.FileSystem.get(FileSystem.java:540)
	at org.apache.hadoop.fs.FileSystem.get(FileSystem.java:288)
	at org.apache.hadoop.fs.FileSystem.get(FileSystem.java:524)
	at org.apache.hadoop.fs.Path.getFileSystem(Path.java:365)
	at org.apache.spark.sql.execution.datasources.DataSource.sourceSchema(DataSource.scala:246)
	at org.apache.spark.sql.execution.datasources.DataSource.sourceInfo$lzycompute(DataSource.scala:118)
	at org.apache.spark.sql.execution.datasources.DataSource.sourceInfo(DataSource.scala:118)
	at org.apache.spark.sql.execution.streaming.StreamingRelation$.apply(StreamingRelation.scala:36)
	at org.apache.spark.sql.streaming.DataStreamReader.loadInternal(DataStreamReader.scala:198)
	at org.apache.spark.sql.streaming.DataStreamReader.load(DataStreamReader.scala:212)
	at org.apache.spark.sql.streaming.DataStreamReader.csv(DataStreamReader.scala:260)
	at java.base/jdk.internal.reflect.NativeMethodAccessorImpl.invoke0(Native Method)
	at java.base/jdk.internal.reflect.NativeMethodAccessorImpl.invoke(NativeMethodAccessorImpl.java:77)
	at java.base/jdk.internal.reflect.DelegatingMethodAccessorImpl.invoke(DelegatingMethodAccessorImpl.java:43)
	at java.base/java.lang.reflect.Method.invoke(Method.java:568)
	at py4j.reflection.MethodInvoker.invoke(MethodInvoker.java:244)
	at py4j.reflection.ReflectionEngine.invoke(ReflectionEngine.java:374)
	at py4j.Gateway.invoke(Gateway.java:282)
	at py4j.commands.AbstractCommand.invokeMethod(AbstractCommand.java:132)
	at py4j.commands.CallCommand.execute(CallCommand.java:79)
	at py4j.ClientServerConnection.waitForCommands(ClientServerConnection.java:182)
	at py4j.ClientServerConnection.run(ClientServerConnection.java:106)
	at java.base/java.lang.Thread.run(Thread.java:840)
Caused by: javax.security.auth.login.LoginException: java.lang.NullPointerException: invalid null input: name
	at jdk.security.auth/com.sun.security.auth.UnixPrincipal.<init>(UnixPrincipal.java:71)
	at jdk.security.auth/com.sun.security.auth.module.UnixLoginModule.login(UnixLoginModule.java:134)
	at java.base/javax.security.auth.login.LoginContext.invoke(LoginContext.java:755)
	at java.base/javax.security.auth.login.LoginContext$4.run(LoginContext.java:679)
	at java.base/javax.security.auth.login.LoginContext$4.run(LoginContext.java:677)
	at java.base/java.security.AccessController.doPrivileged(AccessController.java:712)
	at java.base/javax.security.auth.login.LoginContext.invokePriv(LoginContext.java:677)
	at java.base/javax.security.auth.login.LoginContext.login(LoginContext.java:587)
	at org.apache.hadoop.security.UserGroupInformation$HadoopLoginContext.login(UserGroupInformation.java:2065)
	at org.apache.hadoop.security.UserGroupInformation.doSubjectLogin(UserGroupInformation.java:1975)
	at org.apache.hadoop.security.UserGroupInformation.createLoginUser(UserGroupInformation.java:719)
	at org.apache.hadoop.security.UserGroupInformation.getLoginUser(UserGroupInformation.java:669)
	at org.apache.hadoop.security.UserGroupInformation.getCurrentUser(UserGroupInformation.java:579)
	at org.apache.hadoop.fs.FileSystem$Cache$Key.<init>(FileSystem.java:3746)
	at org.apache.hadoop.fs.FileSystem$Cache$Key.<init>(FileSystem.java:3736)
	at org.apache.hadoop.fs.FileSystem$Cache.get(FileSystem.java:3520)
	at org.apache.hadoop.fs.FileSystem.get(FileSystem.java:540)
	at org.apache.hadoop.fs.FileSystem.get(FileSystem.java:288)
	at org.apache.hadoop.fs.FileSystem.get(FileSystem.java:524)
	at org.apache.hadoop.fs.Path.getFileSystem(Path.java:365)
	at org.apache.spark.sql.execution.datasources.DataSource.sourceSchema(DataSource.scala:246)
	at org.apache.spark.sql.execution.datasources.DataSource.sourceInfo$lzycompute(DataSource.scala:118)
	at org.apache.spark.sql.execution.datasources.DataSource.sourceInfo(DataSource.scala:118)
	at org.apache.spark.sql.execution.streaming.StreamingRelation$.apply(StreamingRelation.scala:36)
	at org.apache.spark.sql.streaming.DataStreamReader.loadInternal(DataStreamReader.scala:198)
	at org.apache.spark.sql.streaming.DataStreamReader.load(DataStreamReader.scala:212)
	at org.apache.spark.sql.streaming.DataStreamReader.csv(DataStreamReader.scala:260)
	at java.base/jdk.internal.reflect.NativeMethodAccessorImpl.invoke0(Native Method)
	at java.base/jdk.internal.reflect.NativeMethodAccessorImpl.invoke(NativeMethodAccessorImpl.java:77)
	at java.base/jdk.internal.reflect.DelegatingMethodAccessorImpl.invoke(DelegatingMethodAccessorImpl.java:43)
	at java.base/java.lang.reflect.Method.invoke(Method.java:568)
	at py4j.reflection.MethodInvoker.invoke(MethodInvoker.java:244)
	at py4j.reflection.ReflectionEngine.invoke(ReflectionEngine.java:374)
	at py4j.Gateway.invoke(Gateway.java:282)
	at py4j.commands.AbstractCommand.invokeMethod(AbstractCommand.java:132)
	at py4j.commands.CallCommand.execute(CallCommand.java:79)
	at py4j.ClientServerConnection.waitForCommands(ClientServerConnection.java:182)
	at py4j.ClientServerConnection.run(ClientServerConnection.java:106)
	at java.base/java.lang.Thread.run(Thread.java:840)

	at java.base/javax.security.auth.login.LoginContext.invoke(LoginContext.java:850)
	at java.base/javax.security.auth.login.LoginContext$4.run(LoginContext.java:679)
	at java.base/javax.security.auth.login.LoginContext$4.run(LoginContext.java:677)
	at java.base/java.security.AccessController.doPrivileged(AccessController.java:712)
	at java.base/javax.security.auth.login.LoginContext.invokePriv(LoginContext.java:677)
	at java.base/javax.security.auth.login.LoginContext.login(LoginContext.java:587)
	at org.apache.hadoop.security.UserGroupInformation$HadoopLoginContext.login(UserGroupInformation.java:2065)
	at org.apache.hadoop.security.UserGroupInformation.doSubjectLogin(UserGroupInformation.java:1975)
	... 29 more

2025-05-23 10:06:38,773 ERROR Application failed: An error occurred while calling o40.csv.
: org.apache.hadoop.security.KerberosAuthException: failure to login: javax.security.auth.login.LoginException: java.lang.NullPointerException: invalid null input: name
	at jdk.security.auth/com.sun.security.auth.UnixPrincipal.<init>(UnixPrincipal.java:71)
	at jdk.security.auth/com.sun.security.auth.module.UnixLoginModule.login(UnixLoginModule.java:134)
	at java.base/javax.security.auth.login.LoginContext.invoke(LoginContext.java:755)
	at java.base/javax.security.auth.login.LoginContext$4.run(LoginContext.java:679)
	at java.base/javax.security.auth.login.LoginContext$4.run(LoginContext.java:677)
	at java.base/java.security.AccessController.doPrivileged(AccessController.java:712)
	at java.base/javax.security.auth.login.LoginContext.invokePriv(LoginContext.java:677)
	at java.base/javax.security.auth.login.LoginContext.login(LoginContext.java:587)
	at org.apache.hadoop.security.UserGroupInformation$HadoopLoginContext.login(UserGroupInformation.java:2065)
	at org.apache.hadoop.security.UserGroupInformation.doSubjectLogin(UserGroupInformation.java:1975)
	at org.apache.hadoop.security.UserGroupInformation.createLoginUser(UserGroupInformation.java:719)
	at org.apache.hadoop.security.UserGroupInformation.getLoginUser(UserGroupInformation.java:669)
	at org.apache.hadoop.security.UserGroupInformation.getCurrentUser(UserGroupInformation.java:579)
	at org.apache.hadoop.fs.FileSystem$Cache$Key.<init>(FileSystem.java:3746)
	at org.apache.hadoop.fs.FileSystem$Cache$Key.<init>(FileSystem.java:3736)
	at org.apache.hadoop.fs.FileSystem$Cache.get(FileSystem.java:3520)
	at org.apache.hadoop.fs.FileSystem.get(FileSystem.java:540)
	at org.apache.hadoop.fs.FileSystem.get(FileSystem.java:288)
	at org.apache.hadoop.fs.FileSystem.get(FileSystem.java:524)
	at org.apache.hadoop.fs.Path.getFileSystem(Path.java:365)
	at org.apache.spark.sql.execution.datasources.DataSource.sourceSchema(DataSource.scala:246)
	at org.apache.spark.sql.execution.datasources.DataSource.sourceInfo$lzycompute(DataSource.scala:118)
	at org.apache.spark.sql.execution.datasources.DataSource.sourceInfo(DataSource.scala:118)
	at org.apache.spark.sql.execution.streaming.StreamingRelation$.apply(StreamingRelation.scala:36)
	at org.apache.spark.sql.streaming.DataStreamReader.loadInternal(DataStreamReader.scala:198)
	at org.apache.spark.sql.streaming.DataStreamReader.load(DataStreamReader.scala:212)
	at org.apache.spark.sql.streaming.DataStreamReader.csv(DataStreamReader.scala:260)
	at java.base/jdk.internal.reflect.NativeMethodAccessorImpl.invoke0(Native Method)
	at java.base/jdk.internal.reflect.NativeMethodAccessorImpl.invoke(NativeMethodAccessorImpl.java:77)
	at java.base/jdk.internal.reflect.DelegatingMethodAccessorImpl.invoke(DelegatingMethodAccessorImpl.java:43)
	at java.base/java.lang.reflect.Method.invoke(Method.java:568)
	at py4j.reflection.MethodInvoker.invoke(MethodInvoker.java:244)
	at py4j.reflection.ReflectionEngine.invoke(ReflectionEngine.java:374)
	at py4j.Gateway.invoke(Gateway.java:282)
	at py4j.commands.AbstractCommand.invokeMethod(AbstractCommand.java:132)
	at py4j.commands.CallCommand.execute(CallCommand.java:79)
	at py4j.ClientServerConnection.waitForCommands(ClientServerConnection.java:182)
	at py4j.ClientServerConnection.run(ClientServerConnection.java:106)
	at java.base/java.lang.Thread.run(Thread.java:840)

	at org.apache.hadoop.security.UserGroupInformation.doSubjectLogin(UserGroupInformation.java:1986)
	at org.apache.hadoop.security.UserGroupInformation.createLoginUser(UserGroupInformation.java:719)
	at org.apache.hadoop.security.UserGroupInformation.getLoginUser(UserGroupInformation.java:669)
	at org.apache.hadoop.security.UserGroupInformation.getCurrentUser(UserGroupInformation.java:579)
	at org.apache.hadoop.fs.FileSystem$Cache$Key.<init>(FileSystem.java:3746)
	at org.apache.hadoop.fs.FileSystem$Cache$Key.<init>(FileSystem.java:3736)
	at org.apache.hadoop.fs.FileSystem$Cache.get(FileSystem.java:3520)
	at org.apache.hadoop.fs.FileSystem.get(FileSystem.java:540)
	at org.apache.hadoop.fs.FileSystem.get(FileSystem.java:288)
	at org.apache.hadoop.fs.FileSystem.get(FileSystem.java:524)
	at org.apache.hadoop.fs.Path.getFileSystem(Path.java:365)
	at org.apache.spark.sql.execution.datasources.DataSource.sourceSchema(DataSource.scala:246)
	at org.apache.spark.sql.execution.datasources.DataSource.sourceInfo$lzycompute(DataSource.scala:118)
	at org.apache.spark.sql.execution.datasources.DataSource.sourceInfo(DataSource.scala:118)
	at org.apache.spark.sql.execution.streaming.StreamingRelation$.apply(StreamingRelation.scala:36)
	at org.apache.spark.sql.streaming.DataStreamReader.loadInternal(DataStreamReader.scala:198)
	at org.apache.spark.sql.streaming.DataStreamReader.load(DataStreamReader.scala:212)
	at org.apache.spark.sql.streaming.DataStreamReader.csv(DataStreamReader.scala:260)
	at java.base/jdk.internal.reflect.NativeMethodAccessorImpl.invoke0(Native Method)
	at java.base/jdk.internal.reflect.NativeMethodAccessorImpl.invoke(NativeMethodAccessorImpl.java:77)
	at java.base/jdk.internal.reflect.DelegatingMethodAccessorImpl.invoke(DelegatingMethodAccessorImpl.java:43)
	at java.base/java.lang.reflect.Method.invoke(Method.java:568)
	at py4j.reflection.MethodInvoker.invoke(MethodInvoker.java:244)
	at py4j.reflection.ReflectionEngine.invoke(ReflectionEngine.java:374)
	at py4j.Gateway.invoke(Gateway.java:282)
	at py4j.commands.AbstractCommand.invokeMethod(AbstractCommand.java:132)
	at py4j.commands.CallCommand.execute(CallCommand.java:79)
	at py4j.ClientServerConnection.waitForCommands(ClientServerConnection.java:182)
	at py4j.ClientServerConnection.run(ClientServerConnection.java:106)
	at java.base/java.lang.Thread.run(Thread.java:840)
Caused by: javax.security.auth.login.LoginException: java.lang.NullPointerException: invalid null input: name
	at jdk.security.auth/com.sun.security.auth.UnixPrincipal.<init>(UnixPrincipal.java:71)
	at jdk.security.auth/com.sun.security.auth.module.UnixLoginModule.login(UnixLoginModule.java:134)
	at java.base/javax.security.auth.login.LoginContext.invoke(LoginContext.java:755)
	at java.base/javax.security.auth.login.LoginContext$4.run(LoginContext.java:679)
	at java.base/javax.security.auth.login.LoginContext$4.run(LoginContext.java:677)
	at java.base/java.security.AccessController.doPrivileged(AccessController.java:712)
	at java.base/javax.security.auth.login.LoginContext.invokePriv(LoginContext.java:677)
	at java.base/javax.security.auth.login.LoginContext.login(LoginContext.java:587)
	at org.apache.hadoop.security.UserGroupInformation$HadoopLoginContext.login(UserGroupInformation.java:2065)
	at org.apache.hadoop.security.UserGroupInformation.doSubjectLogin(UserGroupInformation.java:1975)
	at org.apache.hadoop.security.UserGroupInformation.createLoginUser(UserGroupInformation.java:719)
	at org.apache.hadoop.security.UserGroupInformation.getLoginUser(UserGroupInformation.java:669)
	at org.apache.hadoop.security.UserGroupInformation.getCurrentUser(UserGroupInformation.java:579)
	at org.apache.hadoop.fs.FileSystem$Cache$Key.<init>(FileSystem.java:3746)
	at org.apache.hadoop.fs.FileSystem$Cache$Key.<init>(FileSystem.java:3736)
	at org.apache.hadoop.fs.FileSystem$Cache.get(FileSystem.java:3520)
	at org.apache.hadoop.fs.FileSystem.get(FileSystem.java:540)
	at org.apache.hadoop.fs.FileSystem.get(FileSystem.java:288)
	at org.apache.hadoop.fs.FileSystem.get(FileSystem.java:524)
	at org.apache.hadoop.fs.Path.getFileSystem(Path.java:365)
	at org.apache.spark.sql.execution.datasources.DataSource.sourceSchema(DataSource.scala:246)
	at org.apache.spark.sql.execution.datasources.DataSource.sourceInfo$lzycompute(DataSource.scala:118)
	at org.apache.spark.sql.execution.datasources.DataSource.sourceInfo(DataSource.scala:118)
	at org.apache.spark.sql.execution.streaming.StreamingRelation$.apply(StreamingRelation.scala:36)
	at org.apache.spark.sql.streaming.DataStreamReader.loadInternal(DataStreamReader.scala:198)
	at org.apache.spark.sql.streaming.DataStreamReader.load(DataStreamReader.scala:212)
	at org.apache.spark.sql.streaming.DataStreamReader.csv(DataStreamReader.scala:260)
	at java.base/jdk.internal.reflect.NativeMethodAccessorImpl.invoke0(Native Method)
	at java.base/jdk.internal.reflect.NativeMethodAccessorImpl.invoke(NativeMethodAccessorImpl.java:77)
	at java.base/jdk.internal.reflect.DelegatingMethodAccessorImpl.invoke(DelegatingMethodAccessorImpl.java:43)
	at java.base/java.lang.reflect.Method.invoke(Method.java:568)
	at py4j.reflection.MethodInvoker.invoke(MethodInvoker.java:244)
	at py4j.reflection.ReflectionEngine.invoke(ReflectionEngine.java:374)
	at py4j.Gateway.invoke(Gateway.java:282)
	at py4j.commands.AbstractCommand.invokeMethod(AbstractCommand.java:132)
	at py4j.commands.CallCommand.execute(CallCommand.java:79)
	at py4j.ClientServerConnection.waitForCommands(ClientServerConnection.java:182)
	at py4j.ClientServerConnection.run(ClientServerConnection.java:106)
	at java.base/java.lang.Thread.run(Thread.java:840)

	at java.base/javax.security.auth.login.LoginContext.invoke(LoginContext.java:850)
	at java.base/javax.security.auth.login.LoginContext$4.run(LoginContext.java:679)
	at java.base/javax.security.auth.login.LoginContext$4.run(LoginContext.java:677)
	at java.base/java.security.AccessController.doPrivileged(AccessController.java:712)
	at java.base/javax.security.auth.login.LoginContext.invokePriv(LoginContext.java:677)
	at java.base/javax.security.auth.login.LoginContext.login(LoginContext.java:587)
	at org.apache.hadoop.security.UserGroupInformation$HadoopLoginContext.login(UserGroupInformation.java:2065)
	at org.apache.hadoop.security.UserGroupInformation.doSubjectLogin(UserGroupInformation.java:1975)
	... 29 more

2025-05-23 10:06:38,836 INFO Closing down clientserver connection
2025-05-23 10:06:47,231 INFO SparkSession initialized
2025-05-23 10:06:49,020 ERROR Failed to read streaming data: An error occurred while calling o40.csv.
: org.apache.hadoop.security.KerberosAuthException: failure to login: javax.security.auth.login.LoginException: java.lang.NullPointerException: invalid null input: name
	at jdk.security.auth/com.sun.security.auth.UnixPrincipal.<init>(UnixPrincipal.java:71)
	at jdk.security.auth/com.sun.security.auth.module.UnixLoginModule.login(UnixLoginModule.java:134)
	at java.base/javax.security.auth.login.LoginContext.invoke(LoginContext.java:755)
	at java.base/javax.security.auth.login.LoginContext$4.run(LoginContext.java:679)
	at java.base/javax.security.auth.login.LoginContext$4.run(LoginContext.java:677)
	at java.base/java.security.AccessController.doPrivileged(AccessController.java:712)
	at java.base/javax.security.auth.login.LoginContext.invokePriv(LoginContext.java:677)
	at java.base/javax.security.auth.login.LoginContext.login(LoginContext.java:587)
	at org.apache.hadoop.security.UserGroupInformation$HadoopLoginContext.login(UserGroupInformation.java:2065)
	at org.apache.hadoop.security.UserGroupInformation.doSubjectLogin(UserGroupInformation.java:1975)
	at org.apache.hadoop.security.UserGroupInformation.createLoginUser(UserGroupInformation.java:719)
	at org.apache.hadoop.security.UserGroupInformation.getLoginUser(UserGroupInformation.java:669)
	at org.apache.hadoop.security.UserGroupInformation.getCurrentUser(UserGroupInformation.java:579)
	at org.apache.hadoop.fs.FileSystem$Cache$Key.<init>(FileSystem.java:3746)
	at org.apache.hadoop.fs.FileSystem$Cache$Key.<init>(FileSystem.java:3736)
	at org.apache.hadoop.fs.FileSystem$Cache.get(FileSystem.java:3520)
	at org.apache.hadoop.fs.FileSystem.get(FileSystem.java:540)
	at org.apache.hadoop.fs.FileSystem.get(FileSystem.java:288)
	at org.apache.hadoop.fs.FileSystem.get(FileSystem.java:524)
	at org.apache.hadoop.fs.Path.getFileSystem(Path.java:365)
	at org.apache.spark.sql.execution.datasources.DataSource.sourceSchema(DataSource.scala:246)
	at org.apache.spark.sql.execution.datasources.DataSource.sourceInfo$lzycompute(DataSource.scala:118)
	at org.apache.spark.sql.execution.datasources.DataSource.sourceInfo(DataSource.scala:118)
	at org.apache.spark.sql.execution.streaming.StreamingRelation$.apply(StreamingRelation.scala:36)
	at org.apache.spark.sql.streaming.DataStreamReader.loadInternal(DataStreamReader.scala:198)
	at org.apache.spark.sql.streaming.DataStreamReader.load(DataStreamReader.scala:212)
	at org.apache.spark.sql.streaming.DataStreamReader.csv(DataStreamReader.scala:260)
	at java.base/jdk.internal.reflect.NativeMethodAccessorImpl.invoke0(Native Method)
	at java.base/jdk.internal.reflect.NativeMethodAccessorImpl.invoke(NativeMethodAccessorImpl.java:77)
	at java.base/jdk.internal.reflect.DelegatingMethodAccessorImpl.invoke(DelegatingMethodAccessorImpl.java:43)
	at java.base/java.lang.reflect.Method.invoke(Method.java:568)
	at py4j.reflection.MethodInvoker.invoke(MethodInvoker.java:244)
	at py4j.reflection.ReflectionEngine.invoke(ReflectionEngine.java:374)
	at py4j.Gateway.invoke(Gateway.java:282)
	at py4j.commands.AbstractCommand.invokeMethod(AbstractCommand.java:132)
	at py4j.commands.CallCommand.execute(CallCommand.java:79)
	at py4j.ClientServerConnection.waitForCommands(ClientServerConnection.java:182)
	at py4j.ClientServerConnection.run(ClientServerConnection.java:106)
	at java.base/java.lang.Thread.run(Thread.java:840)

	at org.apache.hadoop.security.UserGroupInformation.doSubjectLogin(UserGroupInformation.java:1986)
	at org.apache.hadoop.security.UserGroupInformation.createLoginUser(UserGroupInformation.java:719)
	at org.apache.hadoop.security.UserGroupInformation.getLoginUser(UserGroupInformation.java:669)
	at org.apache.hadoop.security.UserGroupInformation.getCurrentUser(UserGroupInformation.java:579)
	at org.apache.hadoop.fs.FileSystem$Cache$Key.<init>(FileSystem.java:3746)
	at org.apache.hadoop.fs.FileSystem$Cache$Key.<init>(FileSystem.java:3736)
	at org.apache.hadoop.fs.FileSystem$Cache.get(FileSystem.java:3520)
	at org.apache.hadoop.fs.FileSystem.get(FileSystem.java:540)
	at org.apache.hadoop.fs.FileSystem.get(FileSystem.java:288)
	at org.apache.hadoop.fs.FileSystem.get(FileSystem.java:524)
	at org.apache.hadoop.fs.Path.getFileSystem(Path.java:365)
	at org.apache.spark.sql.execution.datasources.DataSource.sourceSchema(DataSource.scala:246)
	at org.apache.spark.sql.execution.datasources.DataSource.sourceInfo$lzycompute(DataSource.scala:118)
	at org.apache.spark.sql.execution.datasources.DataSource.sourceInfo(DataSource.scala:118)
	at org.apache.spark.sql.execution.streaming.StreamingRelation$.apply(StreamingRelation.scala:36)
	at org.apache.spark.sql.streaming.DataStreamReader.loadInternal(DataStreamReader.scala:198)
	at org.apache.spark.sql.streaming.DataStreamReader.load(DataStreamReader.scala:212)
	at org.apache.spark.sql.streaming.DataStreamReader.csv(DataStreamReader.scala:260)
	at java.base/jdk.internal.reflect.NativeMethodAccessorImpl.invoke0(Native Method)
	at java.base/jdk.internal.reflect.NativeMethodAccessorImpl.invoke(NativeMethodAccessorImpl.java:77)
	at java.base/jdk.internal.reflect.DelegatingMethodAccessorImpl.invoke(DelegatingMethodAccessorImpl.java:43)
	at java.base/java.lang.reflect.Method.invoke(Method.java:568)
	at py4j.reflection.MethodInvoker.invoke(MethodInvoker.java:244)
	at py4j.reflection.ReflectionEngine.invoke(ReflectionEngine.java:374)
	at py4j.Gateway.invoke(Gateway.java:282)
	at py4j.commands.AbstractCommand.invokeMethod(AbstractCommand.java:132)
	at py4j.commands.CallCommand.execute(CallCommand.java:79)
	at py4j.ClientServerConnection.waitForCommands(ClientServerConnection.java:182)
	at py4j.ClientServerConnection.run(ClientServerConnection.java:106)
	at java.base/java.lang.Thread.run(Thread.java:840)
Caused by: javax.security.auth.login.LoginException: java.lang.NullPointerException: invalid null input: name
	at jdk.security.auth/com.sun.security.auth.UnixPrincipal.<init>(UnixPrincipal.java:71)
	at jdk.security.auth/com.sun.security.auth.module.UnixLoginModule.login(UnixLoginModule.java:134)
	at java.base/javax.security.auth.login.LoginContext.invoke(LoginContext.java:755)
	at java.base/javax.security.auth.login.LoginContext$4.run(LoginContext.java:679)
	at java.base/javax.security.auth.login.LoginContext$4.run(LoginContext.java:677)
	at java.base/java.security.AccessController.doPrivileged(AccessController.java:712)
	at java.base/javax.security.auth.login.LoginContext.invokePriv(LoginContext.java:677)
	at java.base/javax.security.auth.login.LoginContext.login(LoginContext.java:587)
	at org.apache.hadoop.security.UserGroupInformation$HadoopLoginContext.login(UserGroupInformation.java:2065)
	at org.apache.hadoop.security.UserGroupInformation.doSubjectLogin(UserGroupInformation.java:1975)
	at org.apache.hadoop.security.UserGroupInformation.createLoginUser(UserGroupInformation.java:719)
	at org.apache.hadoop.security.UserGroupInformation.getLoginUser(UserGroupInformation.java:669)
	at org.apache.hadoop.security.UserGroupInformation.getCurrentUser(UserGroupInformation.java:579)
	at org.apache.hadoop.fs.FileSystem$Cache$Key.<init>(FileSystem.java:3746)
	at org.apache.hadoop.fs.FileSystem$Cache$Key.<init>(FileSystem.java:3736)
	at org.apache.hadoop.fs.FileSystem$Cache.get(FileSystem.java:3520)
	at org.apache.hadoop.fs.FileSystem.get(FileSystem.java:540)
	at org.apache.hadoop.fs.FileSystem.get(FileSystem.java:288)
	at org.apache.hadoop.fs.FileSystem.get(FileSystem.java:524)
	at org.apache.hadoop.fs.Path.getFileSystem(Path.java:365)
	at org.apache.spark.sql.execution.datasources.DataSource.sourceSchema(DataSource.scala:246)
	at org.apache.spark.sql.execution.datasources.DataSource.sourceInfo$lzycompute(DataSource.scala:118)
	at org.apache.spark.sql.execution.datasources.DataSource.sourceInfo(DataSource.scala:118)
	at org.apache.spark.sql.execution.streaming.StreamingRelation$.apply(StreamingRelation.scala:36)
	at org.apache.spark.sql.streaming.DataStreamReader.loadInternal(DataStreamReader.scala:198)
	at org.apache.spark.sql.streaming.DataStreamReader.load(DataStreamReader.scala:212)
	at org.apache.spark.sql.streaming.DataStreamReader.csv(DataStreamReader.scala:260)
	at java.base/jdk.internal.reflect.NativeMethodAccessorImpl.invoke0(Native Method)
	at java.base/jdk.internal.reflect.NativeMethodAccessorImpl.invoke(NativeMethodAccessorImpl.java:77)
	at java.base/jdk.internal.reflect.DelegatingMethodAccessorImpl.invoke(DelegatingMethodAccessorImpl.java:43)
	at java.base/java.lang.reflect.Method.invoke(Method.java:568)
	at py4j.reflection.MethodInvoker.invoke(MethodInvoker.java:244)
	at py4j.reflection.ReflectionEngine.invoke(ReflectionEngine.java:374)
	at py4j.Gateway.invoke(Gateway.java:282)
	at py4j.commands.AbstractCommand.invokeMethod(AbstractCommand.java:132)
	at py4j.commands.CallCommand.execute(CallCommand.java:79)
	at py4j.ClientServerConnection.waitForCommands(ClientServerConnection.java:182)
	at py4j.ClientServerConnection.run(ClientServerConnection.java:106)
	at java.base/java.lang.Thread.run(Thread.java:840)

	at java.base/javax.security.auth.login.LoginContext.invoke(LoginContext.java:850)
	at java.base/javax.security.auth.login.LoginContext$4.run(LoginContext.java:679)
	at java.base/javax.security.auth.login.LoginContext$4.run(LoginContext.java:677)
	at java.base/java.security.AccessController.doPrivileged(AccessController.java:712)
	at java.base/javax.security.auth.login.LoginContext.invokePriv(LoginContext.java:677)
	at java.base/javax.security.auth.login.LoginContext.login(LoginContext.java:587)
	at org.apache.hadoop.security.UserGroupInformation$HadoopLoginContext.login(UserGroupInformation.java:2065)
	at org.apache.hadoop.security.UserGroupInformation.doSubjectLogin(UserGroupInformation.java:1975)
	... 29 more

2025-05-23 10:06:49,500 ERROR Application failed: An error occurred while calling o40.csv.
: org.apache.hadoop.security.KerberosAuthException: failure to login: javax.security.auth.login.LoginException: java.lang.NullPointerException: invalid null input: name
	at jdk.security.auth/com.sun.security.auth.UnixPrincipal.<init>(UnixPrincipal.java:71)
	at jdk.security.auth/com.sun.security.auth.module.UnixLoginModule.login(UnixLoginModule.java:134)
	at java.base/javax.security.auth.login.LoginContext.invoke(LoginContext.java:755)
	at java.base/javax.security.auth.login.LoginContext$4.run(LoginContext.java:679)
	at java.base/javax.security.auth.login.LoginContext$4.run(LoginContext.java:677)
	at java.base/java.security.AccessController.doPrivileged(AccessController.java:712)
	at java.base/javax.security.auth.login.LoginContext.invokePriv(LoginContext.java:677)
	at java.base/javax.security.auth.login.LoginContext.login(LoginContext.java:587)
	at org.apache.hadoop.security.UserGroupInformation$HadoopLoginContext.login(UserGroupInformation.java:2065)
	at org.apache.hadoop.security.UserGroupInformation.doSubjectLogin(UserGroupInformation.java:1975)
	at org.apache.hadoop.security.UserGroupInformation.createLoginUser(UserGroupInformation.java:719)
	at org.apache.hadoop.security.UserGroupInformation.getLoginUser(UserGroupInformation.java:669)
	at org.apache.hadoop.security.UserGroupInformation.getCurrentUser(UserGroupInformation.java:579)
	at org.apache.hadoop.fs.FileSystem$Cache$Key.<init>(FileSystem.java:3746)
	at org.apache.hadoop.fs.FileSystem$Cache$Key.<init>(FileSystem.java:3736)
	at org.apache.hadoop.fs.FileSystem$Cache.get(FileSystem.java:3520)
	at org.apache.hadoop.fs.FileSystem.get(FileSystem.java:540)
	at org.apache.hadoop.fs.FileSystem.get(FileSystem.java:288)
	at org.apache.hadoop.fs.FileSystem.get(FileSystem.java:524)
	at org.apache.hadoop.fs.Path.getFileSystem(Path.java:365)
	at org.apache.spark.sql.execution.datasources.DataSource.sourceSchema(DataSource.scala:246)
	at org.apache.spark.sql.execution.datasources.DataSource.sourceInfo$lzycompute(DataSource.scala:118)
	at org.apache.spark.sql.execution.datasources.DataSource.sourceInfo(DataSource.scala:118)
	at org.apache.spark.sql.execution.streaming.StreamingRelation$.apply(StreamingRelation.scala:36)
	at org.apache.spark.sql.streaming.DataStreamReader.loadInternal(DataStreamReader.scala:198)
	at org.apache.spark.sql.streaming.DataStreamReader.load(DataStreamReader.scala:212)
	at org.apache.spark.sql.streaming.DataStreamReader.csv(DataStreamReader.scala:260)
	at java.base/jdk.internal.reflect.NativeMethodAccessorImpl.invoke0(Native Method)
	at java.base/jdk.internal.reflect.NativeMethodAccessorImpl.invoke(NativeMethodAccessorImpl.java:77)
	at java.base/jdk.internal.reflect.DelegatingMethodAccessorImpl.invoke(DelegatingMethodAccessorImpl.java:43)
	at java.base/java.lang.reflect.Method.invoke(Method.java:568)
	at py4j.reflection.MethodInvoker.invoke(MethodInvoker.java:244)
	at py4j.reflection.ReflectionEngine.invoke(ReflectionEngine.java:374)
	at py4j.Gateway.invoke(Gateway.java:282)
	at py4j.commands.AbstractCommand.invokeMethod(AbstractCommand.java:132)
	at py4j.commands.CallCommand.execute(CallCommand.java:79)
	at py4j.ClientServerConnection.waitForCommands(ClientServerConnection.java:182)
	at py4j.ClientServerConnection.run(ClientServerConnection.java:106)
	at java.base/java.lang.Thread.run(Thread.java:840)

	at org.apache.hadoop.security.UserGroupInformation.doSubjectLogin(UserGroupInformation.java:1986)
	at org.apache.hadoop.security.UserGroupInformation.createLoginUser(UserGroupInformation.java:719)
	at org.apache.hadoop.security.UserGroupInformation.getLoginUser(UserGroupInformation.java:669)
	at org.apache.hadoop.security.UserGroupInformation.getCurrentUser(UserGroupInformation.java:579)
	at org.apache.hadoop.fs.FileSystem$Cache$Key.<init>(FileSystem.java:3746)
	at org.apache.hadoop.fs.FileSystem$Cache$Key.<init>(FileSystem.java:3736)
	at org.apache.hadoop.fs.FileSystem$Cache.get(FileSystem.java:3520)
	at org.apache.hadoop.fs.FileSystem.get(FileSystem.java:540)
	at org.apache.hadoop.fs.FileSystem.get(FileSystem.java:288)
	at org.apache.hadoop.fs.FileSystem.get(FileSystem.java:524)
	at org.apache.hadoop.fs.Path.getFileSystem(Path.java:365)
	at org.apache.spark.sql.execution.datasources.DataSource.sourceSchema(DataSource.scala:246)
	at org.apache.spark.sql.execution.datasources.DataSource.sourceInfo$lzycompute(DataSource.scala:118)
	at org.apache.spark.sql.execution.datasources.DataSource.sourceInfo(DataSource.scala:118)
	at org.apache.spark.sql.execution.streaming.StreamingRelation$.apply(StreamingRelation.scala:36)
	at org.apache.spark.sql.streaming.DataStreamReader.loadInternal(DataStreamReader.scala:198)
	at org.apache.spark.sql.streaming.DataStreamReader.load(DataStreamReader.scala:212)
	at org.apache.spark.sql.streaming.DataStreamReader.csv(DataStreamReader.scala:260)
	at java.base/jdk.internal.reflect.NativeMethodAccessorImpl.invoke0(Native Method)
	at java.base/jdk.internal.reflect.NativeMethodAccessorImpl.invoke(NativeMethodAccessorImpl.java:77)
	at java.base/jdk.internal.reflect.DelegatingMethodAccessorImpl.invoke(DelegatingMethodAccessorImpl.java:43)
	at java.base/java.lang.reflect.Method.invoke(Method.java:568)
	at py4j.reflection.MethodInvoker.invoke(MethodInvoker.java:244)
	at py4j.reflection.ReflectionEngine.invoke(ReflectionEngine.java:374)
	at py4j.Gateway.invoke(Gateway.java:282)
	at py4j.commands.AbstractCommand.invokeMethod(AbstractCommand.java:132)
	at py4j.commands.CallCommand.execute(CallCommand.java:79)
	at py4j.ClientServerConnection.waitForCommands(ClientServerConnection.java:182)
	at py4j.ClientServerConnection.run(ClientServerConnection.java:106)
	at java.base/java.lang.Thread.run(Thread.java:840)
Caused by: javax.security.auth.login.LoginException: java.lang.NullPointerException: invalid null input: name
	at jdk.security.auth/com.sun.security.auth.UnixPrincipal.<init>(UnixPrincipal.java:71)
	at jdk.security.auth/com.sun.security.auth.module.UnixLoginModule.login(UnixLoginModule.java:134)
	at java.base/javax.security.auth.login.LoginContext.invoke(LoginContext.java:755)
	at java.base/javax.security.auth.login.LoginContext$4.run(LoginContext.java:679)
	at java.base/javax.security.auth.login.LoginContext$4.run(LoginContext.java:677)
	at java.base/java.security.AccessController.doPrivileged(AccessController.java:712)
	at java.base/javax.security.auth.login.LoginContext.invokePriv(LoginContext.java:677)
	at java.base/javax.security.auth.login.LoginContext.login(LoginContext.java:587)
	at org.apache.hadoop.security.UserGroupInformation$HadoopLoginContext.login(UserGroupInformation.java:2065)
	at org.apache.hadoop.security.UserGroupInformation.doSubjectLogin(UserGroupInformation.java:1975)
	at org.apache.hadoop.security.UserGroupInformation.createLoginUser(UserGroupInformation.java:719)
	at org.apache.hadoop.security.UserGroupInformation.getLoginUser(UserGroupInformation.java:669)
	at org.apache.hadoop.security.UserGroupInformation.getCurrentUser(UserGroupInformation.java:579)
	at org.apache.hadoop.fs.FileSystem$Cache$Key.<init>(FileSystem.java:3746)
	at org.apache.hadoop.fs.FileSystem$Cache$Key.<init>(FileSystem.java:3736)
	at org.apache.hadoop.fs.FileSystem$Cache.get(FileSystem.java:3520)
	at org.apache.hadoop.fs.FileSystem.get(FileSystem.java:540)
	at org.apache.hadoop.fs.FileSystem.get(FileSystem.java:288)
	at org.apache.hadoop.fs.FileSystem.get(FileSystem.java:524)
	at org.apache.hadoop.fs.Path.getFileSystem(Path.java:365)
	at org.apache.spark.sql.execution.datasources.DataSource.sourceSchema(DataSource.scala:246)
	at org.apache.spark.sql.execution.datasources.DataSource.sourceInfo$lzycompute(DataSource.scala:118)
	at org.apache.spark.sql.execution.datasources.DataSource.sourceInfo(DataSource.scala:118)
	at org.apache.spark.sql.execution.streaming.StreamingRelation$.apply(StreamingRelation.scala:36)
	at org.apache.spark.sql.streaming.DataStreamReader.loadInternal(DataStreamReader.scala:198)
	at org.apache.spark.sql.streaming.DataStreamReader.load(DataStreamReader.scala:212)
	at org.apache.spark.sql.streaming.DataStreamReader.csv(DataStreamReader.scala:260)
	at java.base/jdk.internal.reflect.NativeMethodAccessorImpl.invoke0(Native Method)
	at java.base/jdk.internal.reflect.NativeMethodAccessorImpl.invoke(NativeMethodAccessorImpl.java:77)
	at java.base/jdk.internal.reflect.DelegatingMethodAccessorImpl.invoke(DelegatingMethodAccessorImpl.java:43)
	at java.base/java.lang.reflect.Method.invoke(Method.java:568)
	at py4j.reflection.MethodInvoker.invoke(MethodInvoker.java:244)
	at py4j.reflection.ReflectionEngine.invoke(ReflectionEngine.java:374)
	at py4j.Gateway.invoke(Gateway.java:282)
	at py4j.commands.AbstractCommand.invokeMethod(AbstractCommand.java:132)
	at py4j.commands.CallCommand.execute(CallCommand.java:79)
	at py4j.ClientServerConnection.waitForCommands(ClientServerConnection.java:182)
	at py4j.ClientServerConnection.run(ClientServerConnection.java:106)
	at java.base/java.lang.Thread.run(Thread.java:840)

	at java.base/javax.security.auth.login.LoginContext.invoke(LoginContext.java:850)
	at java.base/javax.security.auth.login.LoginContext$4.run(LoginContext.java:679)
	at java.base/javax.security.auth.login.LoginContext$4.run(LoginContext.java:677)
	at java.base/java.security.AccessController.doPrivileged(AccessController.java:712)
	at java.base/javax.security.auth.login.LoginContext.invokePriv(LoginContext.java:677)
	at java.base/javax.security.auth.login.LoginContext.login(LoginContext.java:587)
	at org.apache.hadoop.security.UserGroupInformation$HadoopLoginContext.login(UserGroupInformation.java:2065)
	at org.apache.hadoop.security.UserGroupInformation.doSubjectLogin(UserGroupInformation.java:1975)
	... 29 more

2025-05-23 10:06:49,565 INFO Closing down clientserver connection
2025-05-23 10:06:58,554 INFO SparkSession initialized
2025-05-23 10:07:00,760 ERROR Failed to read streaming data: An error occurred while calling o40.csv.
: org.apache.hadoop.security.KerberosAuthException: failure to login: javax.security.auth.login.LoginException: java.lang.NullPointerException: invalid null input: name
	at jdk.security.auth/com.sun.security.auth.UnixPrincipal.<init>(UnixPrincipal.java:71)
	at jdk.security.auth/com.sun.security.auth.module.UnixLoginModule.login(UnixLoginModule.java:134)
	at java.base/javax.security.auth.login.LoginContext.invoke(LoginContext.java:755)
	at java.base/javax.security.auth.login.LoginContext$4.run(LoginContext.java:679)
	at java.base/javax.security.auth.login.LoginContext$4.run(LoginContext.java:677)
	at java.base/java.security.AccessController.doPrivileged(AccessController.java:712)
	at java.base/javax.security.auth.login.LoginContext.invokePriv(LoginContext.java:677)
	at java.base/javax.security.auth.login.LoginContext.login(LoginContext.java:587)
	at org.apache.hadoop.security.UserGroupInformation$HadoopLoginContext.login(UserGroupInformation.java:2065)
	at org.apache.hadoop.security.UserGroupInformation.doSubjectLogin(UserGroupInformation.java:1975)
	at org.apache.hadoop.security.UserGroupInformation.createLoginUser(UserGroupInformation.java:719)
	at org.apache.hadoop.security.UserGroupInformation.getLoginUser(UserGroupInformation.java:669)
	at org.apache.hadoop.security.UserGroupInformation.getCurrentUser(UserGroupInformation.java:579)
	at org.apache.hadoop.fs.FileSystem$Cache$Key.<init>(FileSystem.java:3746)
	at org.apache.hadoop.fs.FileSystem$Cache$Key.<init>(FileSystem.java:3736)
	at org.apache.hadoop.fs.FileSystem$Cache.get(FileSystem.java:3520)
	at org.apache.hadoop.fs.FileSystem.get(FileSystem.java:540)
	at org.apache.hadoop.fs.FileSystem.get(FileSystem.java:288)
	at org.apache.hadoop.fs.FileSystem.get(FileSystem.java:524)
	at org.apache.hadoop.fs.Path.getFileSystem(Path.java:365)
	at org.apache.spark.sql.execution.datasources.DataSource.sourceSchema(DataSource.scala:246)
	at org.apache.spark.sql.execution.datasources.DataSource.sourceInfo$lzycompute(DataSource.scala:118)
	at org.apache.spark.sql.execution.datasources.DataSource.sourceInfo(DataSource.scala:118)
	at org.apache.spark.sql.execution.streaming.StreamingRelation$.apply(StreamingRelation.scala:36)
	at org.apache.spark.sql.streaming.DataStreamReader.loadInternal(DataStreamReader.scala:198)
	at org.apache.spark.sql.streaming.DataStreamReader.load(DataStreamReader.scala:212)
	at org.apache.spark.sql.streaming.DataStreamReader.csv(DataStreamReader.scala:260)
	at java.base/jdk.internal.reflect.NativeMethodAccessorImpl.invoke0(Native Method)
	at java.base/jdk.internal.reflect.NativeMethodAccessorImpl.invoke(NativeMethodAccessorImpl.java:77)
	at java.base/jdk.internal.reflect.DelegatingMethodAccessorImpl.invoke(DelegatingMethodAccessorImpl.java:43)
	at java.base/java.lang.reflect.Method.invoke(Method.java:568)
	at py4j.reflection.MethodInvoker.invoke(MethodInvoker.java:244)
	at py4j.reflection.ReflectionEngine.invoke(ReflectionEngine.java:374)
	at py4j.Gateway.invoke(Gateway.java:282)
	at py4j.commands.AbstractCommand.invokeMethod(AbstractCommand.java:132)
	at py4j.commands.CallCommand.execute(CallCommand.java:79)
	at py4j.ClientServerConnection.waitForCommands(ClientServerConnection.java:182)
	at py4j.ClientServerConnection.run(ClientServerConnection.java:106)
	at java.base/java.lang.Thread.run(Thread.java:840)

	at org.apache.hadoop.security.UserGroupInformation.doSubjectLogin(UserGroupInformation.java:1986)
	at org.apache.hadoop.security.UserGroupInformation.createLoginUser(UserGroupInformation.java:719)
	at org.apache.hadoop.security.UserGroupInformation.getLoginUser(UserGroupInformation.java:669)
	at org.apache.hadoop.security.UserGroupInformation.getCurrentUser(UserGroupInformation.java:579)
	at org.apache.hadoop.fs.FileSystem$Cache$Key.<init>(FileSystem.java:3746)
	at org.apache.hadoop.fs.FileSystem$Cache$Key.<init>(FileSystem.java:3736)
	at org.apache.hadoop.fs.FileSystem$Cache.get(FileSystem.java:3520)
	at org.apache.hadoop.fs.FileSystem.get(FileSystem.java:540)
	at org.apache.hadoop.fs.FileSystem.get(FileSystem.java:288)
	at org.apache.hadoop.fs.FileSystem.get(FileSystem.java:524)
	at org.apache.hadoop.fs.Path.getFileSystem(Path.java:365)
	at org.apache.spark.sql.execution.datasources.DataSource.sourceSchema(DataSource.scala:246)
	at org.apache.spark.sql.execution.datasources.DataSource.sourceInfo$lzycompute(DataSource.scala:118)
	at org.apache.spark.sql.execution.datasources.DataSource.sourceInfo(DataSource.scala:118)
	at org.apache.spark.sql.execution.streaming.StreamingRelation$.apply(StreamingRelation.scala:36)
	at org.apache.spark.sql.streaming.DataStreamReader.loadInternal(DataStreamReader.scala:198)
	at org.apache.spark.sql.streaming.DataStreamReader.load(DataStreamReader.scala:212)
	at org.apache.spark.sql.streaming.DataStreamReader.csv(DataStreamReader.scala:260)
	at java.base/jdk.internal.reflect.NativeMethodAccessorImpl.invoke0(Native Method)
	at java.base/jdk.internal.reflect.NativeMethodAccessorImpl.invoke(NativeMethodAccessorImpl.java:77)
	at java.base/jdk.internal.reflect.DelegatingMethodAccessorImpl.invoke(DelegatingMethodAccessorImpl.java:43)
	at java.base/java.lang.reflect.Method.invoke(Method.java:568)
	at py4j.reflection.MethodInvoker.invoke(MethodInvoker.java:244)
	at py4j.reflection.ReflectionEngine.invoke(ReflectionEngine.java:374)
	at py4j.Gateway.invoke(Gateway.java:282)
	at py4j.commands.AbstractCommand.invokeMethod(AbstractCommand.java:132)
	at py4j.commands.CallCommand.execute(CallCommand.java:79)
	at py4j.ClientServerConnection.waitForCommands(ClientServerConnection.java:182)
	at py4j.ClientServerConnection.run(ClientServerConnection.java:106)
	at java.base/java.lang.Thread.run(Thread.java:840)
Caused by: javax.security.auth.login.LoginException: java.lang.NullPointerException: invalid null input: name
	at jdk.security.auth/com.sun.security.auth.UnixPrincipal.<init>(UnixPrincipal.java:71)
	at jdk.security.auth/com.sun.security.auth.module.UnixLoginModule.login(UnixLoginModule.java:134)
	at java.base/javax.security.auth.login.LoginContext.invoke(LoginContext.java:755)
	at java.base/javax.security.auth.login.LoginContext$4.run(LoginContext.java:679)
	at java.base/javax.security.auth.login.LoginContext$4.run(LoginContext.java:677)
	at java.base/java.security.AccessController.doPrivileged(AccessController.java:712)
	at java.base/javax.security.auth.login.LoginContext.invokePriv(LoginContext.java:677)
	at java.base/javax.security.auth.login.LoginContext.login(LoginContext.java:587)
	at org.apache.hadoop.security.UserGroupInformation$HadoopLoginContext.login(UserGroupInformation.java:2065)
	at org.apache.hadoop.security.UserGroupInformation.doSubjectLogin(UserGroupInformation.java:1975)
	at org.apache.hadoop.security.UserGroupInformation.createLoginUser(UserGroupInformation.java:719)
	at org.apache.hadoop.security.UserGroupInformation.getLoginUser(UserGroupInformation.java:669)
	at org.apache.hadoop.security.UserGroupInformation.getCurrentUser(UserGroupInformation.java:579)
	at org.apache.hadoop.fs.FileSystem$Cache$Key.<init>(FileSystem.java:3746)
	at org.apache.hadoop.fs.FileSystem$Cache$Key.<init>(FileSystem.java:3736)
	at org.apache.hadoop.fs.FileSystem$Cache.get(FileSystem.java:3520)
	at org.apache.hadoop.fs.FileSystem.get(FileSystem.java:540)
	at org.apache.hadoop.fs.FileSystem.get(FileSystem.java:288)
	at org.apache.hadoop.fs.FileSystem.get(FileSystem.java:524)
	at org.apache.hadoop.fs.Path.getFileSystem(Path.java:365)
	at org.apache.spark.sql.execution.datasources.DataSource.sourceSchema(DataSource.scala:246)
	at org.apache.spark.sql.execution.datasources.DataSource.sourceInfo$lzycompute(DataSource.scala:118)
	at org.apache.spark.sql.execution.datasources.DataSource.sourceInfo(DataSource.scala:118)
	at org.apache.spark.sql.execution.streaming.StreamingRelation$.apply(StreamingRelation.scala:36)
	at org.apache.spark.sql.streaming.DataStreamReader.loadInternal(DataStreamReader.scala:198)
	at org.apache.spark.sql.streaming.DataStreamReader.load(DataStreamReader.scala:212)
	at org.apache.spark.sql.streaming.DataStreamReader.csv(DataStreamReader.scala:260)
	at java.base/jdk.internal.reflect.NativeMethodAccessorImpl.invoke0(Native Method)
	at java.base/jdk.internal.reflect.NativeMethodAccessorImpl.invoke(NativeMethodAccessorImpl.java:77)
	at java.base/jdk.internal.reflect.DelegatingMethodAccessorImpl.invoke(DelegatingMethodAccessorImpl.java:43)
	at java.base/java.lang.reflect.Method.invoke(Method.java:568)
	at py4j.reflection.MethodInvoker.invoke(MethodInvoker.java:244)
	at py4j.reflection.ReflectionEngine.invoke(ReflectionEngine.java:374)
	at py4j.Gateway.invoke(Gateway.java:282)
	at py4j.commands.AbstractCommand.invokeMethod(AbstractCommand.java:132)
	at py4j.commands.CallCommand.execute(CallCommand.java:79)
	at py4j.ClientServerConnection.waitForCommands(ClientServerConnection.java:182)
	at py4j.ClientServerConnection.run(ClientServerConnection.java:106)
	at java.base/java.lang.Thread.run(Thread.java:840)

	at java.base/javax.security.auth.login.LoginContext.invoke(LoginContext.java:850)
	at java.base/javax.security.auth.login.LoginContext$4.run(LoginContext.java:679)
	at java.base/javax.security.auth.login.LoginContext$4.run(LoginContext.java:677)
	at java.base/java.security.AccessController.doPrivileged(AccessController.java:712)
	at java.base/javax.security.auth.login.LoginContext.invokePriv(LoginContext.java:677)
	at java.base/javax.security.auth.login.LoginContext.login(LoginContext.java:587)
	at org.apache.hadoop.security.UserGroupInformation$HadoopLoginContext.login(UserGroupInformation.java:2065)
	at org.apache.hadoop.security.UserGroupInformation.doSubjectLogin(UserGroupInformation.java:1975)
	... 29 more

2025-05-23 10:07:01,200 ERROR Application failed: An error occurred while calling o40.csv.
: org.apache.hadoop.security.KerberosAuthException: failure to login: javax.security.auth.login.LoginException: java.lang.NullPointerException: invalid null input: name
	at jdk.security.auth/com.sun.security.auth.UnixPrincipal.<init>(UnixPrincipal.java:71)
	at jdk.security.auth/com.sun.security.auth.module.UnixLoginModule.login(UnixLoginModule.java:134)
	at java.base/javax.security.auth.login.LoginContext.invoke(LoginContext.java:755)
	at java.base/javax.security.auth.login.LoginContext$4.run(LoginContext.java:679)
	at java.base/javax.security.auth.login.LoginContext$4.run(LoginContext.java:677)
	at java.base/java.security.AccessController.doPrivileged(AccessController.java:712)
	at java.base/javax.security.auth.login.LoginContext.invokePriv(LoginContext.java:677)
	at java.base/javax.security.auth.login.LoginContext.login(LoginContext.java:587)
	at org.apache.hadoop.security.UserGroupInformation$HadoopLoginContext.login(UserGroupInformation.java:2065)
	at org.apache.hadoop.security.UserGroupInformation.doSubjectLogin(UserGroupInformation.java:1975)
	at org.apache.hadoop.security.UserGroupInformation.createLoginUser(UserGroupInformation.java:719)
	at org.apache.hadoop.security.UserGroupInformation.getLoginUser(UserGroupInformation.java:669)
	at org.apache.hadoop.security.UserGroupInformation.getCurrentUser(UserGroupInformation.java:579)
	at org.apache.hadoop.fs.FileSystem$Cache$Key.<init>(FileSystem.java:3746)
	at org.apache.hadoop.fs.FileSystem$Cache$Key.<init>(FileSystem.java:3736)
	at org.apache.hadoop.fs.FileSystem$Cache.get(FileSystem.java:3520)
	at org.apache.hadoop.fs.FileSystem.get(FileSystem.java:540)
	at org.apache.hadoop.fs.FileSystem.get(FileSystem.java:288)
	at org.apache.hadoop.fs.FileSystem.get(FileSystem.java:524)
	at org.apache.hadoop.fs.Path.getFileSystem(Path.java:365)
	at org.apache.spark.sql.execution.datasources.DataSource.sourceSchema(DataSource.scala:246)
	at org.apache.spark.sql.execution.datasources.DataSource.sourceInfo$lzycompute(DataSource.scala:118)
	at org.apache.spark.sql.execution.datasources.DataSource.sourceInfo(DataSource.scala:118)
	at org.apache.spark.sql.execution.streaming.StreamingRelation$.apply(StreamingRelation.scala:36)
	at org.apache.spark.sql.streaming.DataStreamReader.loadInternal(DataStreamReader.scala:198)
	at org.apache.spark.sql.streaming.DataStreamReader.load(DataStreamReader.scala:212)
	at org.apache.spark.sql.streaming.DataStreamReader.csv(DataStreamReader.scala:260)
	at java.base/jdk.internal.reflect.NativeMethodAccessorImpl.invoke0(Native Method)
	at java.base/jdk.internal.reflect.NativeMethodAccessorImpl.invoke(NativeMethodAccessorImpl.java:77)
	at java.base/jdk.internal.reflect.DelegatingMethodAccessorImpl.invoke(DelegatingMethodAccessorImpl.java:43)
	at java.base/java.lang.reflect.Method.invoke(Method.java:568)
	at py4j.reflection.MethodInvoker.invoke(MethodInvoker.java:244)
	at py4j.reflection.ReflectionEngine.invoke(ReflectionEngine.java:374)
	at py4j.Gateway.invoke(Gateway.java:282)
	at py4j.commands.AbstractCommand.invokeMethod(AbstractCommand.java:132)
	at py4j.commands.CallCommand.execute(CallCommand.java:79)
	at py4j.ClientServerConnection.waitForCommands(ClientServerConnection.java:182)
	at py4j.ClientServerConnection.run(ClientServerConnection.java:106)
	at java.base/java.lang.Thread.run(Thread.java:840)

	at org.apache.hadoop.security.UserGroupInformation.doSubjectLogin(UserGroupInformation.java:1986)
	at org.apache.hadoop.security.UserGroupInformation.createLoginUser(UserGroupInformation.java:719)
	at org.apache.hadoop.security.UserGroupInformation.getLoginUser(UserGroupInformation.java:669)
	at org.apache.hadoop.security.UserGroupInformation.getCurrentUser(UserGroupInformation.java:579)
	at org.apache.hadoop.fs.FileSystem$Cache$Key.<init>(FileSystem.java:3746)
	at org.apache.hadoop.fs.FileSystem$Cache$Key.<init>(FileSystem.java:3736)
	at org.apache.hadoop.fs.FileSystem$Cache.get(FileSystem.java:3520)
	at org.apache.hadoop.fs.FileSystem.get(FileSystem.java:540)
	at org.apache.hadoop.fs.FileSystem.get(FileSystem.java:288)
	at org.apache.hadoop.fs.FileSystem.get(FileSystem.java:524)
	at org.apache.hadoop.fs.Path.getFileSystem(Path.java:365)
	at org.apache.spark.sql.execution.datasources.DataSource.sourceSchema(DataSource.scala:246)
	at org.apache.spark.sql.execution.datasources.DataSource.sourceInfo$lzycompute(DataSource.scala:118)
	at org.apache.spark.sql.execution.datasources.DataSource.sourceInfo(DataSource.scala:118)
	at org.apache.spark.sql.execution.streaming.StreamingRelation$.apply(StreamingRelation.scala:36)
	at org.apache.spark.sql.streaming.DataStreamReader.loadInternal(DataStreamReader.scala:198)
	at org.apache.spark.sql.streaming.DataStreamReader.load(DataStreamReader.scala:212)
	at org.apache.spark.sql.streaming.DataStreamReader.csv(DataStreamReader.scala:260)
	at java.base/jdk.internal.reflect.NativeMethodAccessorImpl.invoke0(Native Method)
	at java.base/jdk.internal.reflect.NativeMethodAccessorImpl.invoke(NativeMethodAccessorImpl.java:77)
	at java.base/jdk.internal.reflect.DelegatingMethodAccessorImpl.invoke(DelegatingMethodAccessorImpl.java:43)
	at java.base/java.lang.reflect.Method.invoke(Method.java:568)
	at py4j.reflection.MethodInvoker.invoke(MethodInvoker.java:244)
	at py4j.reflection.ReflectionEngine.invoke(ReflectionEngine.java:374)
	at py4j.Gateway.invoke(Gateway.java:282)
	at py4j.commands.AbstractCommand.invokeMethod(AbstractCommand.java:132)
	at py4j.commands.CallCommand.execute(CallCommand.java:79)
	at py4j.ClientServerConnection.waitForCommands(ClientServerConnection.java:182)
	at py4j.ClientServerConnection.run(ClientServerConnection.java:106)
	at java.base/java.lang.Thread.run(Thread.java:840)
Caused by: javax.security.auth.login.LoginException: java.lang.NullPointerException: invalid null input: name
	at jdk.security.auth/com.sun.security.auth.UnixPrincipal.<init>(UnixPrincipal.java:71)
	at jdk.security.auth/com.sun.security.auth.module.UnixLoginModule.login(UnixLoginModule.java:134)
	at java.base/javax.security.auth.login.LoginContext.invoke(LoginContext.java:755)
	at java.base/javax.security.auth.login.LoginContext$4.run(LoginContext.java:679)
	at java.base/javax.security.auth.login.LoginContext$4.run(LoginContext.java:677)
	at java.base/java.security.AccessController.doPrivileged(AccessController.java:712)
	at java.base/javax.security.auth.login.LoginContext.invokePriv(LoginContext.java:677)
	at java.base/javax.security.auth.login.LoginContext.login(LoginContext.java:587)
	at org.apache.hadoop.security.UserGroupInformation$HadoopLoginContext.login(UserGroupInformation.java:2065)
	at org.apache.hadoop.security.UserGroupInformation.doSubjectLogin(UserGroupInformation.java:1975)
	at org.apache.hadoop.security.UserGroupInformation.createLoginUser(UserGroupInformation.java:719)
	at org.apache.hadoop.security.UserGroupInformation.getLoginUser(UserGroupInformation.java:669)
	at org.apache.hadoop.security.UserGroupInformation.getCurrentUser(UserGroupInformation.java:579)
	at org.apache.hadoop.fs.FileSystem$Cache$Key.<init>(FileSystem.java:3746)
	at org.apache.hadoop.fs.FileSystem$Cache$Key.<init>(FileSystem.java:3736)
	at org.apache.hadoop.fs.FileSystem$Cache.get(FileSystem.java:3520)
	at org.apache.hadoop.fs.FileSystem.get(FileSystem.java:540)
	at org.apache.hadoop.fs.FileSystem.get(FileSystem.java:288)
	at org.apache.hadoop.fs.FileSystem.get(FileSystem.java:524)
	at org.apache.hadoop.fs.Path.getFileSystem(Path.java:365)
	at org.apache.spark.sql.execution.datasources.DataSource.sourceSchema(DataSource.scala:246)
	at org.apache.spark.sql.execution.datasources.DataSource.sourceInfo$lzycompute(DataSource.scala:118)
	at org.apache.spark.sql.execution.datasources.DataSource.sourceInfo(DataSource.scala:118)
	at org.apache.spark.sql.execution.streaming.StreamingRelation$.apply(StreamingRelation.scala:36)
	at org.apache.spark.sql.streaming.DataStreamReader.loadInternal(DataStreamReader.scala:198)
	at org.apache.spark.sql.streaming.DataStreamReader.load(DataStreamReader.scala:212)
	at org.apache.spark.sql.streaming.DataStreamReader.csv(DataStreamReader.scala:260)
	at java.base/jdk.internal.reflect.NativeMethodAccessorImpl.invoke0(Native Method)
	at java.base/jdk.internal.reflect.NativeMethodAccessorImpl.invoke(NativeMethodAccessorImpl.java:77)
	at java.base/jdk.internal.reflect.DelegatingMethodAccessorImpl.invoke(DelegatingMethodAccessorImpl.java:43)
	at java.base/java.lang.reflect.Method.invoke(Method.java:568)
	at py4j.reflection.MethodInvoker.invoke(MethodInvoker.java:244)
	at py4j.reflection.ReflectionEngine.invoke(ReflectionEngine.java:374)
	at py4j.Gateway.invoke(Gateway.java:282)
	at py4j.commands.AbstractCommand.invokeMethod(AbstractCommand.java:132)
	at py4j.commands.CallCommand.execute(CallCommand.java:79)
	at py4j.ClientServerConnection.waitForCommands(ClientServerConnection.java:182)
	at py4j.ClientServerConnection.run(ClientServerConnection.java:106)
	at java.base/java.lang.Thread.run(Thread.java:840)

	at java.base/javax.security.auth.login.LoginContext.invoke(LoginContext.java:850)
	at java.base/javax.security.auth.login.LoginContext$4.run(LoginContext.java:679)
	at java.base/javax.security.auth.login.LoginContext$4.run(LoginContext.java:677)
	at java.base/java.security.AccessController.doPrivileged(AccessController.java:712)
	at java.base/javax.security.auth.login.LoginContext.invokePriv(LoginContext.java:677)
	at java.base/javax.security.auth.login.LoginContext.login(LoginContext.java:587)
	at org.apache.hadoop.security.UserGroupInformation$HadoopLoginContext.login(UserGroupInformation.java:2065)
	at org.apache.hadoop.security.UserGroupInformation.doSubjectLogin(UserGroupInformation.java:1975)
	... 29 more

2025-05-23 10:07:01,264 INFO Closing down clientserver connection
2025-05-23 10:07:10,168 INFO SparkSession initialized
2025-05-23 10:07:12,080 ERROR Failed to read streaming data: An error occurred while calling o40.csv.
: org.apache.hadoop.security.KerberosAuthException: failure to login: javax.security.auth.login.LoginException: java.lang.NullPointerException: invalid null input: name
	at jdk.security.auth/com.sun.security.auth.UnixPrincipal.<init>(UnixPrincipal.java:71)
	at jdk.security.auth/com.sun.security.auth.module.UnixLoginModule.login(UnixLoginModule.java:134)
	at java.base/javax.security.auth.login.LoginContext.invoke(LoginContext.java:755)
	at java.base/javax.security.auth.login.LoginContext$4.run(LoginContext.java:679)
	at java.base/javax.security.auth.login.LoginContext$4.run(LoginContext.java:677)
	at java.base/java.security.AccessController.doPrivileged(AccessController.java:712)
	at java.base/javax.security.auth.login.LoginContext.invokePriv(LoginContext.java:677)
	at java.base/javax.security.auth.login.LoginContext.login(LoginContext.java:587)
	at org.apache.hadoop.security.UserGroupInformation$HadoopLoginContext.login(UserGroupInformation.java:2065)
	at org.apache.hadoop.security.UserGroupInformation.doSubjectLogin(UserGroupInformation.java:1975)
	at org.apache.hadoop.security.UserGroupInformation.createLoginUser(UserGroupInformation.java:719)
	at org.apache.hadoop.security.UserGroupInformation.getLoginUser(UserGroupInformation.java:669)
	at org.apache.hadoop.security.UserGroupInformation.getCurrentUser(UserGroupInformation.java:579)
	at org.apache.hadoop.fs.FileSystem$Cache$Key.<init>(FileSystem.java:3746)
	at org.apache.hadoop.fs.FileSystem$Cache$Key.<init>(FileSystem.java:3736)
	at org.apache.hadoop.fs.FileSystem$Cache.get(FileSystem.java:3520)
	at org.apache.hadoop.fs.FileSystem.get(FileSystem.java:540)
	at org.apache.hadoop.fs.FileSystem.get(FileSystem.java:288)
	at org.apache.hadoop.fs.FileSystem.get(FileSystem.java:524)
	at org.apache.hadoop.fs.Path.getFileSystem(Path.java:365)
	at org.apache.spark.sql.execution.datasources.DataSource.sourceSchema(DataSource.scala:246)
	at org.apache.spark.sql.execution.datasources.DataSource.sourceInfo$lzycompute(DataSource.scala:118)
	at org.apache.spark.sql.execution.datasources.DataSource.sourceInfo(DataSource.scala:118)
	at org.apache.spark.sql.execution.streaming.StreamingRelation$.apply(StreamingRelation.scala:36)
	at org.apache.spark.sql.streaming.DataStreamReader.loadInternal(DataStreamReader.scala:198)
	at org.apache.spark.sql.streaming.DataStreamReader.load(DataStreamReader.scala:212)
	at org.apache.spark.sql.streaming.DataStreamReader.csv(DataStreamReader.scala:260)
	at java.base/jdk.internal.reflect.NativeMethodAccessorImpl.invoke0(Native Method)
	at java.base/jdk.internal.reflect.NativeMethodAccessorImpl.invoke(NativeMethodAccessorImpl.java:77)
	at java.base/jdk.internal.reflect.DelegatingMethodAccessorImpl.invoke(DelegatingMethodAccessorImpl.java:43)
	at java.base/java.lang.reflect.Method.invoke(Method.java:568)
	at py4j.reflection.MethodInvoker.invoke(MethodInvoker.java:244)
	at py4j.reflection.ReflectionEngine.invoke(ReflectionEngine.java:374)
	at py4j.Gateway.invoke(Gateway.java:282)
	at py4j.commands.AbstractCommand.invokeMethod(AbstractCommand.java:132)
	at py4j.commands.CallCommand.execute(CallCommand.java:79)
	at py4j.ClientServerConnection.waitForCommands(ClientServerConnection.java:182)
	at py4j.ClientServerConnection.run(ClientServerConnection.java:106)
	at java.base/java.lang.Thread.run(Thread.java:840)

	at org.apache.hadoop.security.UserGroupInformation.doSubjectLogin(UserGroupInformation.java:1986)
	at org.apache.hadoop.security.UserGroupInformation.createLoginUser(UserGroupInformation.java:719)
	at org.apache.hadoop.security.UserGroupInformation.getLoginUser(UserGroupInformation.java:669)
	at org.apache.hadoop.security.UserGroupInformation.getCurrentUser(UserGroupInformation.java:579)
	at org.apache.hadoop.fs.FileSystem$Cache$Key.<init>(FileSystem.java:3746)
	at org.apache.hadoop.fs.FileSystem$Cache$Key.<init>(FileSystem.java:3736)
	at org.apache.hadoop.fs.FileSystem$Cache.get(FileSystem.java:3520)
	at org.apache.hadoop.fs.FileSystem.get(FileSystem.java:540)
	at org.apache.hadoop.fs.FileSystem.get(FileSystem.java:288)
	at org.apache.hadoop.fs.FileSystem.get(FileSystem.java:524)
	at org.apache.hadoop.fs.Path.getFileSystem(Path.java:365)
	at org.apache.spark.sql.execution.datasources.DataSource.sourceSchema(DataSource.scala:246)
	at org.apache.spark.sql.execution.datasources.DataSource.sourceInfo$lzycompute(DataSource.scala:118)
	at org.apache.spark.sql.execution.datasources.DataSource.sourceInfo(DataSource.scala:118)
	at org.apache.spark.sql.execution.streaming.StreamingRelation$.apply(StreamingRelation.scala:36)
	at org.apache.spark.sql.streaming.DataStreamReader.loadInternal(DataStreamReader.scala:198)
	at org.apache.spark.sql.streaming.DataStreamReader.load(DataStreamReader.scala:212)
	at org.apache.spark.sql.streaming.DataStreamReader.csv(DataStreamReader.scala:260)
	at java.base/jdk.internal.reflect.NativeMethodAccessorImpl.invoke0(Native Method)
	at java.base/jdk.internal.reflect.NativeMethodAccessorImpl.invoke(NativeMethodAccessorImpl.java:77)
	at java.base/jdk.internal.reflect.DelegatingMethodAccessorImpl.invoke(DelegatingMethodAccessorImpl.java:43)
	at java.base/java.lang.reflect.Method.invoke(Method.java:568)
	at py4j.reflection.MethodInvoker.invoke(MethodInvoker.java:244)
	at py4j.reflection.ReflectionEngine.invoke(ReflectionEngine.java:374)
	at py4j.Gateway.invoke(Gateway.java:282)
	at py4j.commands.AbstractCommand.invokeMethod(AbstractCommand.java:132)
	at py4j.commands.CallCommand.execute(CallCommand.java:79)
	at py4j.ClientServerConnection.waitForCommands(ClientServerConnection.java:182)
	at py4j.ClientServerConnection.run(ClientServerConnection.java:106)
	at java.base/java.lang.Thread.run(Thread.java:840)
Caused by: javax.security.auth.login.LoginException: java.lang.NullPointerException: invalid null input: name
	at jdk.security.auth/com.sun.security.auth.UnixPrincipal.<init>(UnixPrincipal.java:71)
	at jdk.security.auth/com.sun.security.auth.module.UnixLoginModule.login(UnixLoginModule.java:134)
	at java.base/javax.security.auth.login.LoginContext.invoke(LoginContext.java:755)
	at java.base/javax.security.auth.login.LoginContext$4.run(LoginContext.java:679)
	at java.base/javax.security.auth.login.LoginContext$4.run(LoginContext.java:677)
	at java.base/java.security.AccessController.doPrivileged(AccessController.java:712)
	at java.base/javax.security.auth.login.LoginContext.invokePriv(LoginContext.java:677)
	at java.base/javax.security.auth.login.LoginContext.login(LoginContext.java:587)
	at org.apache.hadoop.security.UserGroupInformation$HadoopLoginContext.login(UserGroupInformation.java:2065)
	at org.apache.hadoop.security.UserGroupInformation.doSubjectLogin(UserGroupInformation.java:1975)
	at org.apache.hadoop.security.UserGroupInformation.createLoginUser(UserGroupInformation.java:719)
	at org.apache.hadoop.security.UserGroupInformation.getLoginUser(UserGroupInformation.java:669)
	at org.apache.hadoop.security.UserGroupInformation.getCurrentUser(UserGroupInformation.java:579)
	at org.apache.hadoop.fs.FileSystem$Cache$Key.<init>(FileSystem.java:3746)
	at org.apache.hadoop.fs.FileSystem$Cache$Key.<init>(FileSystem.java:3736)
	at org.apache.hadoop.fs.FileSystem$Cache.get(FileSystem.java:3520)
	at org.apache.hadoop.fs.FileSystem.get(FileSystem.java:540)
	at org.apache.hadoop.fs.FileSystem.get(FileSystem.java:288)
	at org.apache.hadoop.fs.FileSystem.get(FileSystem.java:524)
	at org.apache.hadoop.fs.Path.getFileSystem(Path.java:365)
	at org.apache.spark.sql.execution.datasources.DataSource.sourceSchema(DataSource.scala:246)
	at org.apache.spark.sql.execution.datasources.DataSource.sourceInfo$lzycompute(DataSource.scala:118)
	at org.apache.spark.sql.execution.datasources.DataSource.sourceInfo(DataSource.scala:118)
	at org.apache.spark.sql.execution.streaming.StreamingRelation$.apply(StreamingRelation.scala:36)
	at org.apache.spark.sql.streaming.DataStreamReader.loadInternal(DataStreamReader.scala:198)
	at org.apache.spark.sql.streaming.DataStreamReader.load(DataStreamReader.scala:212)
	at org.apache.spark.sql.streaming.DataStreamReader.csv(DataStreamReader.scala:260)
	at java.base/jdk.internal.reflect.NativeMethodAccessorImpl.invoke0(Native Method)
	at java.base/jdk.internal.reflect.NativeMethodAccessorImpl.invoke(NativeMethodAccessorImpl.java:77)
	at java.base/jdk.internal.reflect.DelegatingMethodAccessorImpl.invoke(DelegatingMethodAccessorImpl.java:43)
	at java.base/java.lang.reflect.Method.invoke(Method.java:568)
	at py4j.reflection.MethodInvoker.invoke(MethodInvoker.java:244)
	at py4j.reflection.ReflectionEngine.invoke(ReflectionEngine.java:374)
	at py4j.Gateway.invoke(Gateway.java:282)
	at py4j.commands.AbstractCommand.invokeMethod(AbstractCommand.java:132)
	at py4j.commands.CallCommand.execute(CallCommand.java:79)
	at py4j.ClientServerConnection.waitForCommands(ClientServerConnection.java:182)
	at py4j.ClientServerConnection.run(ClientServerConnection.java:106)
	at java.base/java.lang.Thread.run(Thread.java:840)

	at java.base/javax.security.auth.login.LoginContext.invoke(LoginContext.java:850)
	at java.base/javax.security.auth.login.LoginContext$4.run(LoginContext.java:679)
	at java.base/javax.security.auth.login.LoginContext$4.run(LoginContext.java:677)
	at java.base/java.security.AccessController.doPrivileged(AccessController.java:712)
	at java.base/javax.security.auth.login.LoginContext.invokePriv(LoginContext.java:677)
	at java.base/javax.security.auth.login.LoginContext.login(LoginContext.java:587)
	at org.apache.hadoop.security.UserGroupInformation$HadoopLoginContext.login(UserGroupInformation.java:2065)
	at org.apache.hadoop.security.UserGroupInformation.doSubjectLogin(UserGroupInformation.java:1975)
	... 29 more

2025-05-23 10:07:12,481 ERROR Application failed: An error occurred while calling o40.csv.
: org.apache.hadoop.security.KerberosAuthException: failure to login: javax.security.auth.login.LoginException: java.lang.NullPointerException: invalid null input: name
	at jdk.security.auth/com.sun.security.auth.UnixPrincipal.<init>(UnixPrincipal.java:71)
	at jdk.security.auth/com.sun.security.auth.module.UnixLoginModule.login(UnixLoginModule.java:134)
	at java.base/javax.security.auth.login.LoginContext.invoke(LoginContext.java:755)
	at java.base/javax.security.auth.login.LoginContext$4.run(LoginContext.java:679)
	at java.base/javax.security.auth.login.LoginContext$4.run(LoginContext.java:677)
	at java.base/java.security.AccessController.doPrivileged(AccessController.java:712)
	at java.base/javax.security.auth.login.LoginContext.invokePriv(LoginContext.java:677)
	at java.base/javax.security.auth.login.LoginContext.login(LoginContext.java:587)
	at org.apache.hadoop.security.UserGroupInformation$HadoopLoginContext.login(UserGroupInformation.java:2065)
	at org.apache.hadoop.security.UserGroupInformation.doSubjectLogin(UserGroupInformation.java:1975)
	at org.apache.hadoop.security.UserGroupInformation.createLoginUser(UserGroupInformation.java:719)
	at org.apache.hadoop.security.UserGroupInformation.getLoginUser(UserGroupInformation.java:669)
	at org.apache.hadoop.security.UserGroupInformation.getCurrentUser(UserGroupInformation.java:579)
	at org.apache.hadoop.fs.FileSystem$Cache$Key.<init>(FileSystem.java:3746)
	at org.apache.hadoop.fs.FileSystem$Cache$Key.<init>(FileSystem.java:3736)
	at org.apache.hadoop.fs.FileSystem$Cache.get(FileSystem.java:3520)
	at org.apache.hadoop.fs.FileSystem.get(FileSystem.java:540)
	at org.apache.hadoop.fs.FileSystem.get(FileSystem.java:288)
	at org.apache.hadoop.fs.FileSystem.get(FileSystem.java:524)
	at org.apache.hadoop.fs.Path.getFileSystem(Path.java:365)
	at org.apache.spark.sql.execution.datasources.DataSource.sourceSchema(DataSource.scala:246)
	at org.apache.spark.sql.execution.datasources.DataSource.sourceInfo$lzycompute(DataSource.scala:118)
	at org.apache.spark.sql.execution.datasources.DataSource.sourceInfo(DataSource.scala:118)
	at org.apache.spark.sql.execution.streaming.StreamingRelation$.apply(StreamingRelation.scala:36)
	at org.apache.spark.sql.streaming.DataStreamReader.loadInternal(DataStreamReader.scala:198)
	at org.apache.spark.sql.streaming.DataStreamReader.load(DataStreamReader.scala:212)
	at org.apache.spark.sql.streaming.DataStreamReader.csv(DataStreamReader.scala:260)
	at java.base/jdk.internal.reflect.NativeMethodAccessorImpl.invoke0(Native Method)
	at java.base/jdk.internal.reflect.NativeMethodAccessorImpl.invoke(NativeMethodAccessorImpl.java:77)
	at java.base/jdk.internal.reflect.DelegatingMethodAccessorImpl.invoke(DelegatingMethodAccessorImpl.java:43)
	at java.base/java.lang.reflect.Method.invoke(Method.java:568)
	at py4j.reflection.MethodInvoker.invoke(MethodInvoker.java:244)
	at py4j.reflection.ReflectionEngine.invoke(ReflectionEngine.java:374)
	at py4j.Gateway.invoke(Gateway.java:282)
	at py4j.commands.AbstractCommand.invokeMethod(AbstractCommand.java:132)
	at py4j.commands.CallCommand.execute(CallCommand.java:79)
	at py4j.ClientServerConnection.waitForCommands(ClientServerConnection.java:182)
	at py4j.ClientServerConnection.run(ClientServerConnection.java:106)
	at java.base/java.lang.Thread.run(Thread.java:840)

	at org.apache.hadoop.security.UserGroupInformation.doSubjectLogin(UserGroupInformation.java:1986)
	at org.apache.hadoop.security.UserGroupInformation.createLoginUser(UserGroupInformation.java:719)
	at org.apache.hadoop.security.UserGroupInformation.getLoginUser(UserGroupInformation.java:669)
	at org.apache.hadoop.security.UserGroupInformation.getCurrentUser(UserGroupInformation.java:579)
	at org.apache.hadoop.fs.FileSystem$Cache$Key.<init>(FileSystem.java:3746)
	at org.apache.hadoop.fs.FileSystem$Cache$Key.<init>(FileSystem.java:3736)
	at org.apache.hadoop.fs.FileSystem$Cache.get(FileSystem.java:3520)
	at org.apache.hadoop.fs.FileSystem.get(FileSystem.java:540)
	at org.apache.hadoop.fs.FileSystem.get(FileSystem.java:288)
	at org.apache.hadoop.fs.FileSystem.get(FileSystem.java:524)
	at org.apache.hadoop.fs.Path.getFileSystem(Path.java:365)
	at org.apache.spark.sql.execution.datasources.DataSource.sourceSchema(DataSource.scala:246)
	at org.apache.spark.sql.execution.datasources.DataSource.sourceInfo$lzycompute(DataSource.scala:118)
	at org.apache.spark.sql.execution.datasources.DataSource.sourceInfo(DataSource.scala:118)
	at org.apache.spark.sql.execution.streaming.StreamingRelation$.apply(StreamingRelation.scala:36)
	at org.apache.spark.sql.streaming.DataStreamReader.loadInternal(DataStreamReader.scala:198)
	at org.apache.spark.sql.streaming.DataStreamReader.load(DataStreamReader.scala:212)
	at org.apache.spark.sql.streaming.DataStreamReader.csv(DataStreamReader.scala:260)
	at java.base/jdk.internal.reflect.NativeMethodAccessorImpl.invoke0(Native Method)
	at java.base/jdk.internal.reflect.NativeMethodAccessorImpl.invoke(NativeMethodAccessorImpl.java:77)
	at java.base/jdk.internal.reflect.DelegatingMethodAccessorImpl.invoke(DelegatingMethodAccessorImpl.java:43)
	at java.base/java.lang.reflect.Method.invoke(Method.java:568)
	at py4j.reflection.MethodInvoker.invoke(MethodInvoker.java:244)
	at py4j.reflection.ReflectionEngine.invoke(ReflectionEngine.java:374)
	at py4j.Gateway.invoke(Gateway.java:282)
	at py4j.commands.AbstractCommand.invokeMethod(AbstractCommand.java:132)
	at py4j.commands.CallCommand.execute(CallCommand.java:79)
	at py4j.ClientServerConnection.waitForCommands(ClientServerConnection.java:182)
	at py4j.ClientServerConnection.run(ClientServerConnection.java:106)
	at java.base/java.lang.Thread.run(Thread.java:840)
Caused by: javax.security.auth.login.LoginException: java.lang.NullPointerException: invalid null input: name
	at jdk.security.auth/com.sun.security.auth.UnixPrincipal.<init>(UnixPrincipal.java:71)
	at jdk.security.auth/com.sun.security.auth.module.UnixLoginModule.login(UnixLoginModule.java:134)
	at java.base/javax.security.auth.login.LoginContext.invoke(LoginContext.java:755)
	at java.base/javax.security.auth.login.LoginContext$4.run(LoginContext.java:679)
	at java.base/javax.security.auth.login.LoginContext$4.run(LoginContext.java:677)
	at java.base/java.security.AccessController.doPrivileged(AccessController.java:712)
	at java.base/javax.security.auth.login.LoginContext.invokePriv(LoginContext.java:677)
	at java.base/javax.security.auth.login.LoginContext.login(LoginContext.java:587)
	at org.apache.hadoop.security.UserGroupInformation$HadoopLoginContext.login(UserGroupInformation.java:2065)
	at org.apache.hadoop.security.UserGroupInformation.doSubjectLogin(UserGroupInformation.java:1975)
	at org.apache.hadoop.security.UserGroupInformation.createLoginUser(UserGroupInformation.java:719)
	at org.apache.hadoop.security.UserGroupInformation.getLoginUser(UserGroupInformation.java:669)
	at org.apache.hadoop.security.UserGroupInformation.getCurrentUser(UserGroupInformation.java:579)
	at org.apache.hadoop.fs.FileSystem$Cache$Key.<init>(FileSystem.java:3746)
	at org.apache.hadoop.fs.FileSystem$Cache$Key.<init>(FileSystem.java:3736)
	at org.apache.hadoop.fs.FileSystem$Cache.get(FileSystem.java:3520)
	at org.apache.hadoop.fs.FileSystem.get(FileSystem.java:540)
	at org.apache.hadoop.fs.FileSystem.get(FileSystem.java:288)
	at org.apache.hadoop.fs.FileSystem.get(FileSystem.java:524)
	at org.apache.hadoop.fs.Path.getFileSystem(Path.java:365)
	at org.apache.spark.sql.execution.datasources.DataSource.sourceSchema(DataSource.scala:246)
	at org.apache.spark.sql.execution.datasources.DataSource.sourceInfo$lzycompute(DataSource.scala:118)
	at org.apache.spark.sql.execution.datasources.DataSource.sourceInfo(DataSource.scala:118)
	at org.apache.spark.sql.execution.streaming.StreamingRelation$.apply(StreamingRelation.scala:36)
	at org.apache.spark.sql.streaming.DataStreamReader.loadInternal(DataStreamReader.scala:198)
	at org.apache.spark.sql.streaming.DataStreamReader.load(DataStreamReader.scala:212)
	at org.apache.spark.sql.streaming.DataStreamReader.csv(DataStreamReader.scala:260)
	at java.base/jdk.internal.reflect.NativeMethodAccessorImpl.invoke0(Native Method)
	at java.base/jdk.internal.reflect.NativeMethodAccessorImpl.invoke(NativeMethodAccessorImpl.java:77)
	at java.base/jdk.internal.reflect.DelegatingMethodAccessorImpl.invoke(DelegatingMethodAccessorImpl.java:43)
	at java.base/java.lang.reflect.Method.invoke(Method.java:568)
	at py4j.reflection.MethodInvoker.invoke(MethodInvoker.java:244)
	at py4j.reflection.ReflectionEngine.invoke(ReflectionEngine.java:374)
	at py4j.Gateway.invoke(Gateway.java:282)
	at py4j.commands.AbstractCommand.invokeMethod(AbstractCommand.java:132)
	at py4j.commands.CallCommand.execute(CallCommand.java:79)
	at py4j.ClientServerConnection.waitForCommands(ClientServerConnection.java:182)
	at py4j.ClientServerConnection.run(ClientServerConnection.java:106)
	at java.base/java.lang.Thread.run(Thread.java:840)

	at java.base/javax.security.auth.login.LoginContext.invoke(LoginContext.java:850)
	at java.base/javax.security.auth.login.LoginContext$4.run(LoginContext.java:679)
	at java.base/javax.security.auth.login.LoginContext$4.run(LoginContext.java:677)
	at java.base/java.security.AccessController.doPrivileged(AccessController.java:712)
	at java.base/javax.security.auth.login.LoginContext.invokePriv(LoginContext.java:677)
	at java.base/javax.security.auth.login.LoginContext.login(LoginContext.java:587)
	at org.apache.hadoop.security.UserGroupInformation$HadoopLoginContext.login(UserGroupInformation.java:2065)
	at org.apache.hadoop.security.UserGroupInformation.doSubjectLogin(UserGroupInformation.java:1975)
	... 29 more

2025-05-23 10:07:12,545 INFO Closing down clientserver connection
2025-05-23 10:07:22,282 INFO SparkSession initialized
2025-05-23 10:07:24,583 ERROR Failed to read streaming data: An error occurred while calling o40.csv.
: org.apache.hadoop.security.KerberosAuthException: failure to login: javax.security.auth.login.LoginException: java.lang.NullPointerException: invalid null input: name
	at jdk.security.auth/com.sun.security.auth.UnixPrincipal.<init>(UnixPrincipal.java:71)
	at jdk.security.auth/com.sun.security.auth.module.UnixLoginModule.login(UnixLoginModule.java:134)
	at java.base/javax.security.auth.login.LoginContext.invoke(LoginContext.java:755)
	at java.base/javax.security.auth.login.LoginContext$4.run(LoginContext.java:679)
	at java.base/javax.security.auth.login.LoginContext$4.run(LoginContext.java:677)
	at java.base/java.security.AccessController.doPrivileged(AccessController.java:712)
	at java.base/javax.security.auth.login.LoginContext.invokePriv(LoginContext.java:677)
	at java.base/javax.security.auth.login.LoginContext.login(LoginContext.java:587)
	at org.apache.hadoop.security.UserGroupInformation$HadoopLoginContext.login(UserGroupInformation.java:2065)
	at org.apache.hadoop.security.UserGroupInformation.doSubjectLogin(UserGroupInformation.java:1975)
	at org.apache.hadoop.security.UserGroupInformation.createLoginUser(UserGroupInformation.java:719)
	at org.apache.hadoop.security.UserGroupInformation.getLoginUser(UserGroupInformation.java:669)
	at org.apache.hadoop.security.UserGroupInformation.getCurrentUser(UserGroupInformation.java:579)
	at org.apache.hadoop.fs.FileSystem$Cache$Key.<init>(FileSystem.java:3746)
	at org.apache.hadoop.fs.FileSystem$Cache$Key.<init>(FileSystem.java:3736)
	at org.apache.hadoop.fs.FileSystem$Cache.get(FileSystem.java:3520)
	at org.apache.hadoop.fs.FileSystem.get(FileSystem.java:540)
	at org.apache.hadoop.fs.FileSystem.get(FileSystem.java:288)
	at org.apache.hadoop.fs.FileSystem.get(FileSystem.java:524)
	at org.apache.hadoop.fs.Path.getFileSystem(Path.java:365)
	at org.apache.spark.sql.execution.datasources.DataSource.sourceSchema(DataSource.scala:246)
	at org.apache.spark.sql.execution.datasources.DataSource.sourceInfo$lzycompute(DataSource.scala:118)
	at org.apache.spark.sql.execution.datasources.DataSource.sourceInfo(DataSource.scala:118)
	at org.apache.spark.sql.execution.streaming.StreamingRelation$.apply(StreamingRelation.scala:36)
	at org.apache.spark.sql.streaming.DataStreamReader.loadInternal(DataStreamReader.scala:198)
	at org.apache.spark.sql.streaming.DataStreamReader.load(DataStreamReader.scala:212)
	at org.apache.spark.sql.streaming.DataStreamReader.csv(DataStreamReader.scala:260)
	at java.base/jdk.internal.reflect.NativeMethodAccessorImpl.invoke0(Native Method)
	at java.base/jdk.internal.reflect.NativeMethodAccessorImpl.invoke(NativeMethodAccessorImpl.java:77)
	at java.base/jdk.internal.reflect.DelegatingMethodAccessorImpl.invoke(DelegatingMethodAccessorImpl.java:43)
	at java.base/java.lang.reflect.Method.invoke(Method.java:568)
	at py4j.reflection.MethodInvoker.invoke(MethodInvoker.java:244)
	at py4j.reflection.ReflectionEngine.invoke(ReflectionEngine.java:374)
	at py4j.Gateway.invoke(Gateway.java:282)
	at py4j.commands.AbstractCommand.invokeMethod(AbstractCommand.java:132)
	at py4j.commands.CallCommand.execute(CallCommand.java:79)
	at py4j.ClientServerConnection.waitForCommands(ClientServerConnection.java:182)
	at py4j.ClientServerConnection.run(ClientServerConnection.java:106)
	at java.base/java.lang.Thread.run(Thread.java:840)

	at org.apache.hadoop.security.UserGroupInformation.doSubjectLogin(UserGroupInformation.java:1986)
	at org.apache.hadoop.security.UserGroupInformation.createLoginUser(UserGroupInformation.java:719)
	at org.apache.hadoop.security.UserGroupInformation.getLoginUser(UserGroupInformation.java:669)
	at org.apache.hadoop.security.UserGroupInformation.getCurrentUser(UserGroupInformation.java:579)
	at org.apache.hadoop.fs.FileSystem$Cache$Key.<init>(FileSystem.java:3746)
	at org.apache.hadoop.fs.FileSystem$Cache$Key.<init>(FileSystem.java:3736)
	at org.apache.hadoop.fs.FileSystem$Cache.get(FileSystem.java:3520)
	at org.apache.hadoop.fs.FileSystem.get(FileSystem.java:540)
	at org.apache.hadoop.fs.FileSystem.get(FileSystem.java:288)
	at org.apache.hadoop.fs.FileSystem.get(FileSystem.java:524)
	at org.apache.hadoop.fs.Path.getFileSystem(Path.java:365)
	at org.apache.spark.sql.execution.datasources.DataSource.sourceSchema(DataSource.scala:246)
	at org.apache.spark.sql.execution.datasources.DataSource.sourceInfo$lzycompute(DataSource.scala:118)
	at org.apache.spark.sql.execution.datasources.DataSource.sourceInfo(DataSource.scala:118)
	at org.apache.spark.sql.execution.streaming.StreamingRelation$.apply(StreamingRelation.scala:36)
	at org.apache.spark.sql.streaming.DataStreamReader.loadInternal(DataStreamReader.scala:198)
	at org.apache.spark.sql.streaming.DataStreamReader.load(DataStreamReader.scala:212)
	at org.apache.spark.sql.streaming.DataStreamReader.csv(DataStreamReader.scala:260)
	at java.base/jdk.internal.reflect.NativeMethodAccessorImpl.invoke0(Native Method)
	at java.base/jdk.internal.reflect.NativeMethodAccessorImpl.invoke(NativeMethodAccessorImpl.java:77)
	at java.base/jdk.internal.reflect.DelegatingMethodAccessorImpl.invoke(DelegatingMethodAccessorImpl.java:43)
	at java.base/java.lang.reflect.Method.invoke(Method.java:568)
	at py4j.reflection.MethodInvoker.invoke(MethodInvoker.java:244)
	at py4j.reflection.ReflectionEngine.invoke(ReflectionEngine.java:374)
	at py4j.Gateway.invoke(Gateway.java:282)
	at py4j.commands.AbstractCommand.invokeMethod(AbstractCommand.java:132)
	at py4j.commands.CallCommand.execute(CallCommand.java:79)
	at py4j.ClientServerConnection.waitForCommands(ClientServerConnection.java:182)
	at py4j.ClientServerConnection.run(ClientServerConnection.java:106)
	at java.base/java.lang.Thread.run(Thread.java:840)
Caused by: javax.security.auth.login.LoginException: java.lang.NullPointerException: invalid null input: name
	at jdk.security.auth/com.sun.security.auth.UnixPrincipal.<init>(UnixPrincipal.java:71)
	at jdk.security.auth/com.sun.security.auth.module.UnixLoginModule.login(UnixLoginModule.java:134)
	at java.base/javax.security.auth.login.LoginContext.invoke(LoginContext.java:755)
	at java.base/javax.security.auth.login.LoginContext$4.run(LoginContext.java:679)
	at java.base/javax.security.auth.login.LoginContext$4.run(LoginContext.java:677)
	at java.base/java.security.AccessController.doPrivileged(AccessController.java:712)
	at java.base/javax.security.auth.login.LoginContext.invokePriv(LoginContext.java:677)
	at java.base/javax.security.auth.login.LoginContext.login(LoginContext.java:587)
	at org.apache.hadoop.security.UserGroupInformation$HadoopLoginContext.login(UserGroupInformation.java:2065)
	at org.apache.hadoop.security.UserGroupInformation.doSubjectLogin(UserGroupInformation.java:1975)
	at org.apache.hadoop.security.UserGroupInformation.createLoginUser(UserGroupInformation.java:719)
	at org.apache.hadoop.security.UserGroupInformation.getLoginUser(UserGroupInformation.java:669)
	at org.apache.hadoop.security.UserGroupInformation.getCurrentUser(UserGroupInformation.java:579)
	at org.apache.hadoop.fs.FileSystem$Cache$Key.<init>(FileSystem.java:3746)
	at org.apache.hadoop.fs.FileSystem$Cache$Key.<init>(FileSystem.java:3736)
	at org.apache.hadoop.fs.FileSystem$Cache.get(FileSystem.java:3520)
	at org.apache.hadoop.fs.FileSystem.get(FileSystem.java:540)
	at org.apache.hadoop.fs.FileSystem.get(FileSystem.java:288)
	at org.apache.hadoop.fs.FileSystem.get(FileSystem.java:524)
	at org.apache.hadoop.fs.Path.getFileSystem(Path.java:365)
	at org.apache.spark.sql.execution.datasources.DataSource.sourceSchema(DataSource.scala:246)
	at org.apache.spark.sql.execution.datasources.DataSource.sourceInfo$lzycompute(DataSource.scala:118)
	at org.apache.spark.sql.execution.datasources.DataSource.sourceInfo(DataSource.scala:118)
	at org.apache.spark.sql.execution.streaming.StreamingRelation$.apply(StreamingRelation.scala:36)
	at org.apache.spark.sql.streaming.DataStreamReader.loadInternal(DataStreamReader.scala:198)
	at org.apache.spark.sql.streaming.DataStreamReader.load(DataStreamReader.scala:212)
	at org.apache.spark.sql.streaming.DataStreamReader.csv(DataStreamReader.scala:260)
	at java.base/jdk.internal.reflect.NativeMethodAccessorImpl.invoke0(Native Method)
	at java.base/jdk.internal.reflect.NativeMethodAccessorImpl.invoke(NativeMethodAccessorImpl.java:77)
	at java.base/jdk.internal.reflect.DelegatingMethodAccessorImpl.invoke(DelegatingMethodAccessorImpl.java:43)
	at java.base/java.lang.reflect.Method.invoke(Method.java:568)
	at py4j.reflection.MethodInvoker.invoke(MethodInvoker.java:244)
	at py4j.reflection.ReflectionEngine.invoke(ReflectionEngine.java:374)
	at py4j.Gateway.invoke(Gateway.java:282)
	at py4j.commands.AbstractCommand.invokeMethod(AbstractCommand.java:132)
	at py4j.commands.CallCommand.execute(CallCommand.java:79)
	at py4j.ClientServerConnection.waitForCommands(ClientServerConnection.java:182)
	at py4j.ClientServerConnection.run(ClientServerConnection.java:106)
	at java.base/java.lang.Thread.run(Thread.java:840)

	at java.base/javax.security.auth.login.LoginContext.invoke(LoginContext.java:850)
	at java.base/javax.security.auth.login.LoginContext$4.run(LoginContext.java:679)
	at java.base/javax.security.auth.login.LoginContext$4.run(LoginContext.java:677)
	at java.base/java.security.AccessController.doPrivileged(AccessController.java:712)
	at java.base/javax.security.auth.login.LoginContext.invokePriv(LoginContext.java:677)
	at java.base/javax.security.auth.login.LoginContext.login(LoginContext.java:587)
	at org.apache.hadoop.security.UserGroupInformation$HadoopLoginContext.login(UserGroupInformation.java:2065)
	at org.apache.hadoop.security.UserGroupInformation.doSubjectLogin(UserGroupInformation.java:1975)
	... 29 more

2025-05-23 10:07:25,084 ERROR Application failed: An error occurred while calling o40.csv.
: org.apache.hadoop.security.KerberosAuthException: failure to login: javax.security.auth.login.LoginException: java.lang.NullPointerException: invalid null input: name
	at jdk.security.auth/com.sun.security.auth.UnixPrincipal.<init>(UnixPrincipal.java:71)
	at jdk.security.auth/com.sun.security.auth.module.UnixLoginModule.login(UnixLoginModule.java:134)
	at java.base/javax.security.auth.login.LoginContext.invoke(LoginContext.java:755)
	at java.base/javax.security.auth.login.LoginContext$4.run(LoginContext.java:679)
	at java.base/javax.security.auth.login.LoginContext$4.run(LoginContext.java:677)
	at java.base/java.security.AccessController.doPrivileged(AccessController.java:712)
	at java.base/javax.security.auth.login.LoginContext.invokePriv(LoginContext.java:677)
	at java.base/javax.security.auth.login.LoginContext.login(LoginContext.java:587)
	at org.apache.hadoop.security.UserGroupInformation$HadoopLoginContext.login(UserGroupInformation.java:2065)
	at org.apache.hadoop.security.UserGroupInformation.doSubjectLogin(UserGroupInformation.java:1975)
	at org.apache.hadoop.security.UserGroupInformation.createLoginUser(UserGroupInformation.java:719)
	at org.apache.hadoop.security.UserGroupInformation.getLoginUser(UserGroupInformation.java:669)
	at org.apache.hadoop.security.UserGroupInformation.getCurrentUser(UserGroupInformation.java:579)
	at org.apache.hadoop.fs.FileSystem$Cache$Key.<init>(FileSystem.java:3746)
	at org.apache.hadoop.fs.FileSystem$Cache$Key.<init>(FileSystem.java:3736)
	at org.apache.hadoop.fs.FileSystem$Cache.get(FileSystem.java:3520)
	at org.apache.hadoop.fs.FileSystem.get(FileSystem.java:540)
	at org.apache.hadoop.fs.FileSystem.get(FileSystem.java:288)
	at org.apache.hadoop.fs.FileSystem.get(FileSystem.java:524)
	at org.apache.hadoop.fs.Path.getFileSystem(Path.java:365)
	at org.apache.spark.sql.execution.datasources.DataSource.sourceSchema(DataSource.scala:246)
	at org.apache.spark.sql.execution.datasources.DataSource.sourceInfo$lzycompute(DataSource.scala:118)
	at org.apache.spark.sql.execution.datasources.DataSource.sourceInfo(DataSource.scala:118)
	at org.apache.spark.sql.execution.streaming.StreamingRelation$.apply(StreamingRelation.scala:36)
	at org.apache.spark.sql.streaming.DataStreamReader.loadInternal(DataStreamReader.scala:198)
	at org.apache.spark.sql.streaming.DataStreamReader.load(DataStreamReader.scala:212)
	at org.apache.spark.sql.streaming.DataStreamReader.csv(DataStreamReader.scala:260)
	at java.base/jdk.internal.reflect.NativeMethodAccessorImpl.invoke0(Native Method)
	at java.base/jdk.internal.reflect.NativeMethodAccessorImpl.invoke(NativeMethodAccessorImpl.java:77)
	at java.base/jdk.internal.reflect.DelegatingMethodAccessorImpl.invoke(DelegatingMethodAccessorImpl.java:43)
	at java.base/java.lang.reflect.Method.invoke(Method.java:568)
	at py4j.reflection.MethodInvoker.invoke(MethodInvoker.java:244)
	at py4j.reflection.ReflectionEngine.invoke(ReflectionEngine.java:374)
	at py4j.Gateway.invoke(Gateway.java:282)
	at py4j.commands.AbstractCommand.invokeMethod(AbstractCommand.java:132)
	at py4j.commands.CallCommand.execute(CallCommand.java:79)
	at py4j.ClientServerConnection.waitForCommands(ClientServerConnection.java:182)
	at py4j.ClientServerConnection.run(ClientServerConnection.java:106)
	at java.base/java.lang.Thread.run(Thread.java:840)

	at org.apache.hadoop.security.UserGroupInformation.doSubjectLogin(UserGroupInformation.java:1986)
	at org.apache.hadoop.security.UserGroupInformation.createLoginUser(UserGroupInformation.java:719)
	at org.apache.hadoop.security.UserGroupInformation.getLoginUser(UserGroupInformation.java:669)
	at org.apache.hadoop.security.UserGroupInformation.getCurrentUser(UserGroupInformation.java:579)
	at org.apache.hadoop.fs.FileSystem$Cache$Key.<init>(FileSystem.java:3746)
	at org.apache.hadoop.fs.FileSystem$Cache$Key.<init>(FileSystem.java:3736)
	at org.apache.hadoop.fs.FileSystem$Cache.get(FileSystem.java:3520)
	at org.apache.hadoop.fs.FileSystem.get(FileSystem.java:540)
	at org.apache.hadoop.fs.FileSystem.get(FileSystem.java:288)
	at org.apache.hadoop.fs.FileSystem.get(FileSystem.java:524)
	at org.apache.hadoop.fs.Path.getFileSystem(Path.java:365)
	at org.apache.spark.sql.execution.datasources.DataSource.sourceSchema(DataSource.scala:246)
	at org.apache.spark.sql.execution.datasources.DataSource.sourceInfo$lzycompute(DataSource.scala:118)
	at org.apache.spark.sql.execution.datasources.DataSource.sourceInfo(DataSource.scala:118)
	at org.apache.spark.sql.execution.streaming.StreamingRelation$.apply(StreamingRelation.scala:36)
	at org.apache.spark.sql.streaming.DataStreamReader.loadInternal(DataStreamReader.scala:198)
	at org.apache.spark.sql.streaming.DataStreamReader.load(DataStreamReader.scala:212)
	at org.apache.spark.sql.streaming.DataStreamReader.csv(DataStreamReader.scala:260)
	at java.base/jdk.internal.reflect.NativeMethodAccessorImpl.invoke0(Native Method)
	at java.base/jdk.internal.reflect.NativeMethodAccessorImpl.invoke(NativeMethodAccessorImpl.java:77)
	at java.base/jdk.internal.reflect.DelegatingMethodAccessorImpl.invoke(DelegatingMethodAccessorImpl.java:43)
	at java.base/java.lang.reflect.Method.invoke(Method.java:568)
	at py4j.reflection.MethodInvoker.invoke(MethodInvoker.java:244)
	at py4j.reflection.ReflectionEngine.invoke(ReflectionEngine.java:374)
	at py4j.Gateway.invoke(Gateway.java:282)
	at py4j.commands.AbstractCommand.invokeMethod(AbstractCommand.java:132)
	at py4j.commands.CallCommand.execute(CallCommand.java:79)
	at py4j.ClientServerConnection.waitForCommands(ClientServerConnection.java:182)
	at py4j.ClientServerConnection.run(ClientServerConnection.java:106)
	at java.base/java.lang.Thread.run(Thread.java:840)
Caused by: javax.security.auth.login.LoginException: java.lang.NullPointerException: invalid null input: name
	at jdk.security.auth/com.sun.security.auth.UnixPrincipal.<init>(UnixPrincipal.java:71)
	at jdk.security.auth/com.sun.security.auth.module.UnixLoginModule.login(UnixLoginModule.java:134)
	at java.base/javax.security.auth.login.LoginContext.invoke(LoginContext.java:755)
	at java.base/javax.security.auth.login.LoginContext$4.run(LoginContext.java:679)
	at java.base/javax.security.auth.login.LoginContext$4.run(LoginContext.java:677)
	at java.base/java.security.AccessController.doPrivileged(AccessController.java:712)
	at java.base/javax.security.auth.login.LoginContext.invokePriv(LoginContext.java:677)
	at java.base/javax.security.auth.login.LoginContext.login(LoginContext.java:587)
	at org.apache.hadoop.security.UserGroupInformation$HadoopLoginContext.login(UserGroupInformation.java:2065)
	at org.apache.hadoop.security.UserGroupInformation.doSubjectLogin(UserGroupInformation.java:1975)
	at org.apache.hadoop.security.UserGroupInformation.createLoginUser(UserGroupInformation.java:719)
	at org.apache.hadoop.security.UserGroupInformation.getLoginUser(UserGroupInformation.java:669)
	at org.apache.hadoop.security.UserGroupInformation.getCurrentUser(UserGroupInformation.java:579)
	at org.apache.hadoop.fs.FileSystem$Cache$Key.<init>(FileSystem.java:3746)
	at org.apache.hadoop.fs.FileSystem$Cache$Key.<init>(FileSystem.java:3736)
	at org.apache.hadoop.fs.FileSystem$Cache.get(FileSystem.java:3520)
	at org.apache.hadoop.fs.FileSystem.get(FileSystem.java:540)
	at org.apache.hadoop.fs.FileSystem.get(FileSystem.java:288)
	at org.apache.hadoop.fs.FileSystem.get(FileSystem.java:524)
	at org.apache.hadoop.fs.Path.getFileSystem(Path.java:365)
	at org.apache.spark.sql.execution.datasources.DataSource.sourceSchema(DataSource.scala:246)
	at org.apache.spark.sql.execution.datasources.DataSource.sourceInfo$lzycompute(DataSource.scala:118)
	at org.apache.spark.sql.execution.datasources.DataSource.sourceInfo(DataSource.scala:118)
	at org.apache.spark.sql.execution.streaming.StreamingRelation$.apply(StreamingRelation.scala:36)
	at org.apache.spark.sql.streaming.DataStreamReader.loadInternal(DataStreamReader.scala:198)
	at org.apache.spark.sql.streaming.DataStreamReader.load(DataStreamReader.scala:212)
	at org.apache.spark.sql.streaming.DataStreamReader.csv(DataStreamReader.scala:260)
	at java.base/jdk.internal.reflect.NativeMethodAccessorImpl.invoke0(Native Method)
	at java.base/jdk.internal.reflect.NativeMethodAccessorImpl.invoke(NativeMethodAccessorImpl.java:77)
	at java.base/jdk.internal.reflect.DelegatingMethodAccessorImpl.invoke(DelegatingMethodAccessorImpl.java:43)
	at java.base/java.lang.reflect.Method.invoke(Method.java:568)
	at py4j.reflection.MethodInvoker.invoke(MethodInvoker.java:244)
	at py4j.reflection.ReflectionEngine.invoke(ReflectionEngine.java:374)
	at py4j.Gateway.invoke(Gateway.java:282)
	at py4j.commands.AbstractCommand.invokeMethod(AbstractCommand.java:132)
	at py4j.commands.CallCommand.execute(CallCommand.java:79)
	at py4j.ClientServerConnection.waitForCommands(ClientServerConnection.java:182)
	at py4j.ClientServerConnection.run(ClientServerConnection.java:106)
	at java.base/java.lang.Thread.run(Thread.java:840)

	at java.base/javax.security.auth.login.LoginContext.invoke(LoginContext.java:850)
	at java.base/javax.security.auth.login.LoginContext$4.run(LoginContext.java:679)
	at java.base/javax.security.auth.login.LoginContext$4.run(LoginContext.java:677)
	at java.base/java.security.AccessController.doPrivileged(AccessController.java:712)
	at java.base/javax.security.auth.login.LoginContext.invokePriv(LoginContext.java:677)
	at java.base/javax.security.auth.login.LoginContext.login(LoginContext.java:587)
	at org.apache.hadoop.security.UserGroupInformation$HadoopLoginContext.login(UserGroupInformation.java:2065)
	at org.apache.hadoop.security.UserGroupInformation.doSubjectLogin(UserGroupInformation.java:1975)
	... 29 more

2025-05-23 10:07:25,148 INFO Closing down clientserver connection
2025-05-23 10:07:34,796 INFO SparkSession initialized
2025-05-23 10:07:36,963 ERROR Failed to read streaming data: An error occurred while calling o40.csv.
: org.apache.hadoop.security.KerberosAuthException: failure to login: javax.security.auth.login.LoginException: java.lang.NullPointerException: invalid null input: name
	at jdk.security.auth/com.sun.security.auth.UnixPrincipal.<init>(UnixPrincipal.java:71)
	at jdk.security.auth/com.sun.security.auth.module.UnixLoginModule.login(UnixLoginModule.java:134)
	at java.base/javax.security.auth.login.LoginContext.invoke(LoginContext.java:755)
	at java.base/javax.security.auth.login.LoginContext$4.run(LoginContext.java:679)
	at java.base/javax.security.auth.login.LoginContext$4.run(LoginContext.java:677)
	at java.base/java.security.AccessController.doPrivileged(AccessController.java:712)
	at java.base/javax.security.auth.login.LoginContext.invokePriv(LoginContext.java:677)
	at java.base/javax.security.auth.login.LoginContext.login(LoginContext.java:587)
	at org.apache.hadoop.security.UserGroupInformation$HadoopLoginContext.login(UserGroupInformation.java:2065)
	at org.apache.hadoop.security.UserGroupInformation.doSubjectLogin(UserGroupInformation.java:1975)
	at org.apache.hadoop.security.UserGroupInformation.createLoginUser(UserGroupInformation.java:719)
	at org.apache.hadoop.security.UserGroupInformation.getLoginUser(UserGroupInformation.java:669)
	at org.apache.hadoop.security.UserGroupInformation.getCurrentUser(UserGroupInformation.java:579)
	at org.apache.hadoop.fs.FileSystem$Cache$Key.<init>(FileSystem.java:3746)
	at org.apache.hadoop.fs.FileSystem$Cache$Key.<init>(FileSystem.java:3736)
	at org.apache.hadoop.fs.FileSystem$Cache.get(FileSystem.java:3520)
	at org.apache.hadoop.fs.FileSystem.get(FileSystem.java:540)
	at org.apache.hadoop.fs.FileSystem.get(FileSystem.java:288)
	at org.apache.hadoop.fs.FileSystem.get(FileSystem.java:524)
	at org.apache.hadoop.fs.Path.getFileSystem(Path.java:365)
	at org.apache.spark.sql.execution.datasources.DataSource.sourceSchema(DataSource.scala:246)
	at org.apache.spark.sql.execution.datasources.DataSource.sourceInfo$lzycompute(DataSource.scala:118)
	at org.apache.spark.sql.execution.datasources.DataSource.sourceInfo(DataSource.scala:118)
	at org.apache.spark.sql.execution.streaming.StreamingRelation$.apply(StreamingRelation.scala:36)
	at org.apache.spark.sql.streaming.DataStreamReader.loadInternal(DataStreamReader.scala:198)
	at org.apache.spark.sql.streaming.DataStreamReader.load(DataStreamReader.scala:212)
	at org.apache.spark.sql.streaming.DataStreamReader.csv(DataStreamReader.scala:260)
	at java.base/jdk.internal.reflect.NativeMethodAccessorImpl.invoke0(Native Method)
	at java.base/jdk.internal.reflect.NativeMethodAccessorImpl.invoke(NativeMethodAccessorImpl.java:77)
	at java.base/jdk.internal.reflect.DelegatingMethodAccessorImpl.invoke(DelegatingMethodAccessorImpl.java:43)
	at java.base/java.lang.reflect.Method.invoke(Method.java:568)
	at py4j.reflection.MethodInvoker.invoke(MethodInvoker.java:244)
	at py4j.reflection.ReflectionEngine.invoke(ReflectionEngine.java:374)
	at py4j.Gateway.invoke(Gateway.java:282)
	at py4j.commands.AbstractCommand.invokeMethod(AbstractCommand.java:132)
	at py4j.commands.CallCommand.execute(CallCommand.java:79)
	at py4j.ClientServerConnection.waitForCommands(ClientServerConnection.java:182)
	at py4j.ClientServerConnection.run(ClientServerConnection.java:106)
	at java.base/java.lang.Thread.run(Thread.java:840)

	at org.apache.hadoop.security.UserGroupInformation.doSubjectLogin(UserGroupInformation.java:1986)
	at org.apache.hadoop.security.UserGroupInformation.createLoginUser(UserGroupInformation.java:719)
	at org.apache.hadoop.security.UserGroupInformation.getLoginUser(UserGroupInformation.java:669)
	at org.apache.hadoop.security.UserGroupInformation.getCurrentUser(UserGroupInformation.java:579)
	at org.apache.hadoop.fs.FileSystem$Cache$Key.<init>(FileSystem.java:3746)
	at org.apache.hadoop.fs.FileSystem$Cache$Key.<init>(FileSystem.java:3736)
	at org.apache.hadoop.fs.FileSystem$Cache.get(FileSystem.java:3520)
	at org.apache.hadoop.fs.FileSystem.get(FileSystem.java:540)
	at org.apache.hadoop.fs.FileSystem.get(FileSystem.java:288)
	at org.apache.hadoop.fs.FileSystem.get(FileSystem.java:524)
	at org.apache.hadoop.fs.Path.getFileSystem(Path.java:365)
	at org.apache.spark.sql.execution.datasources.DataSource.sourceSchema(DataSource.scala:246)
	at org.apache.spark.sql.execution.datasources.DataSource.sourceInfo$lzycompute(DataSource.scala:118)
	at org.apache.spark.sql.execution.datasources.DataSource.sourceInfo(DataSource.scala:118)
	at org.apache.spark.sql.execution.streaming.StreamingRelation$.apply(StreamingRelation.scala:36)
	at org.apache.spark.sql.streaming.DataStreamReader.loadInternal(DataStreamReader.scala:198)
	at org.apache.spark.sql.streaming.DataStreamReader.load(DataStreamReader.scala:212)
	at org.apache.spark.sql.streaming.DataStreamReader.csv(DataStreamReader.scala:260)
	at java.base/jdk.internal.reflect.NativeMethodAccessorImpl.invoke0(Native Method)
	at java.base/jdk.internal.reflect.NativeMethodAccessorImpl.invoke(NativeMethodAccessorImpl.java:77)
	at java.base/jdk.internal.reflect.DelegatingMethodAccessorImpl.invoke(DelegatingMethodAccessorImpl.java:43)
	at java.base/java.lang.reflect.Method.invoke(Method.java:568)
	at py4j.reflection.MethodInvoker.invoke(MethodInvoker.java:244)
	at py4j.reflection.ReflectionEngine.invoke(ReflectionEngine.java:374)
	at py4j.Gateway.invoke(Gateway.java:282)
	at py4j.commands.AbstractCommand.invokeMethod(AbstractCommand.java:132)
	at py4j.commands.CallCommand.execute(CallCommand.java:79)
	at py4j.ClientServerConnection.waitForCommands(ClientServerConnection.java:182)
	at py4j.ClientServerConnection.run(ClientServerConnection.java:106)
	at java.base/java.lang.Thread.run(Thread.java:840)
Caused by: javax.security.auth.login.LoginException: java.lang.NullPointerException: invalid null input: name
	at jdk.security.auth/com.sun.security.auth.UnixPrincipal.<init>(UnixPrincipal.java:71)
	at jdk.security.auth/com.sun.security.auth.module.UnixLoginModule.login(UnixLoginModule.java:134)
	at java.base/javax.security.auth.login.LoginContext.invoke(LoginContext.java:755)
	at java.base/javax.security.auth.login.LoginContext$4.run(LoginContext.java:679)
	at java.base/javax.security.auth.login.LoginContext$4.run(LoginContext.java:677)
	at java.base/java.security.AccessController.doPrivileged(AccessController.java:712)
	at java.base/javax.security.auth.login.LoginContext.invokePriv(LoginContext.java:677)
	at java.base/javax.security.auth.login.LoginContext.login(LoginContext.java:587)
	at org.apache.hadoop.security.UserGroupInformation$HadoopLoginContext.login(UserGroupInformation.java:2065)
	at org.apache.hadoop.security.UserGroupInformation.doSubjectLogin(UserGroupInformation.java:1975)
	at org.apache.hadoop.security.UserGroupInformation.createLoginUser(UserGroupInformation.java:719)
	at org.apache.hadoop.security.UserGroupInformation.getLoginUser(UserGroupInformation.java:669)
	at org.apache.hadoop.security.UserGroupInformation.getCurrentUser(UserGroupInformation.java:579)
	at org.apache.hadoop.fs.FileSystem$Cache$Key.<init>(FileSystem.java:3746)
	at org.apache.hadoop.fs.FileSystem$Cache$Key.<init>(FileSystem.java:3736)
	at org.apache.hadoop.fs.FileSystem$Cache.get(FileSystem.java:3520)
	at org.apache.hadoop.fs.FileSystem.get(FileSystem.java:540)
	at org.apache.hadoop.fs.FileSystem.get(FileSystem.java:288)
	at org.apache.hadoop.fs.FileSystem.get(FileSystem.java:524)
	at org.apache.hadoop.fs.Path.getFileSystem(Path.java:365)
	at org.apache.spark.sql.execution.datasources.DataSource.sourceSchema(DataSource.scala:246)
	at org.apache.spark.sql.execution.datasources.DataSource.sourceInfo$lzycompute(DataSource.scala:118)
	at org.apache.spark.sql.execution.datasources.DataSource.sourceInfo(DataSource.scala:118)
	at org.apache.spark.sql.execution.streaming.StreamingRelation$.apply(StreamingRelation.scala:36)
	at org.apache.spark.sql.streaming.DataStreamReader.loadInternal(DataStreamReader.scala:198)
	at org.apache.spark.sql.streaming.DataStreamReader.load(DataStreamReader.scala:212)
	at org.apache.spark.sql.streaming.DataStreamReader.csv(DataStreamReader.scala:260)
	at java.base/jdk.internal.reflect.NativeMethodAccessorImpl.invoke0(Native Method)
	at java.base/jdk.internal.reflect.NativeMethodAccessorImpl.invoke(NativeMethodAccessorImpl.java:77)
	at java.base/jdk.internal.reflect.DelegatingMethodAccessorImpl.invoke(DelegatingMethodAccessorImpl.java:43)
	at java.base/java.lang.reflect.Method.invoke(Method.java:568)
	at py4j.reflection.MethodInvoker.invoke(MethodInvoker.java:244)
	at py4j.reflection.ReflectionEngine.invoke(ReflectionEngine.java:374)
	at py4j.Gateway.invoke(Gateway.java:282)
	at py4j.commands.AbstractCommand.invokeMethod(AbstractCommand.java:132)
	at py4j.commands.CallCommand.execute(CallCommand.java:79)
	at py4j.ClientServerConnection.waitForCommands(ClientServerConnection.java:182)
	at py4j.ClientServerConnection.run(ClientServerConnection.java:106)
	at java.base/java.lang.Thread.run(Thread.java:840)

	at java.base/javax.security.auth.login.LoginContext.invoke(LoginContext.java:850)
	at java.base/javax.security.auth.login.LoginContext$4.run(LoginContext.java:679)
	at java.base/javax.security.auth.login.LoginContext$4.run(LoginContext.java:677)
	at java.base/java.security.AccessController.doPrivileged(AccessController.java:712)
	at java.base/javax.security.auth.login.LoginContext.invokePriv(LoginContext.java:677)
	at java.base/javax.security.auth.login.LoginContext.login(LoginContext.java:587)
	at org.apache.hadoop.security.UserGroupInformation$HadoopLoginContext.login(UserGroupInformation.java:2065)
	at org.apache.hadoop.security.UserGroupInformation.doSubjectLogin(UserGroupInformation.java:1975)
	... 29 more

2025-05-23 10:07:37,493 ERROR Application failed: An error occurred while calling o40.csv.
: org.apache.hadoop.security.KerberosAuthException: failure to login: javax.security.auth.login.LoginException: java.lang.NullPointerException: invalid null input: name
	at jdk.security.auth/com.sun.security.auth.UnixPrincipal.<init>(UnixPrincipal.java:71)
	at jdk.security.auth/com.sun.security.auth.module.UnixLoginModule.login(UnixLoginModule.java:134)
	at java.base/javax.security.auth.login.LoginContext.invoke(LoginContext.java:755)
	at java.base/javax.security.auth.login.LoginContext$4.run(LoginContext.java:679)
	at java.base/javax.security.auth.login.LoginContext$4.run(LoginContext.java:677)
	at java.base/java.security.AccessController.doPrivileged(AccessController.java:712)
	at java.base/javax.security.auth.login.LoginContext.invokePriv(LoginContext.java:677)
	at java.base/javax.security.auth.login.LoginContext.login(LoginContext.java:587)
	at org.apache.hadoop.security.UserGroupInformation$HadoopLoginContext.login(UserGroupInformation.java:2065)
	at org.apache.hadoop.security.UserGroupInformation.doSubjectLogin(UserGroupInformation.java:1975)
	at org.apache.hadoop.security.UserGroupInformation.createLoginUser(UserGroupInformation.java:719)
	at org.apache.hadoop.security.UserGroupInformation.getLoginUser(UserGroupInformation.java:669)
	at org.apache.hadoop.security.UserGroupInformation.getCurrentUser(UserGroupInformation.java:579)
	at org.apache.hadoop.fs.FileSystem$Cache$Key.<init>(FileSystem.java:3746)
	at org.apache.hadoop.fs.FileSystem$Cache$Key.<init>(FileSystem.java:3736)
	at org.apache.hadoop.fs.FileSystem$Cache.get(FileSystem.java:3520)
	at org.apache.hadoop.fs.FileSystem.get(FileSystem.java:540)
	at org.apache.hadoop.fs.FileSystem.get(FileSystem.java:288)
	at org.apache.hadoop.fs.FileSystem.get(FileSystem.java:524)
	at org.apache.hadoop.fs.Path.getFileSystem(Path.java:365)
	at org.apache.spark.sql.execution.datasources.DataSource.sourceSchema(DataSource.scala:246)
	at org.apache.spark.sql.execution.datasources.DataSource.sourceInfo$lzycompute(DataSource.scala:118)
	at org.apache.spark.sql.execution.datasources.DataSource.sourceInfo(DataSource.scala:118)
	at org.apache.spark.sql.execution.streaming.StreamingRelation$.apply(StreamingRelation.scala:36)
	at org.apache.spark.sql.streaming.DataStreamReader.loadInternal(DataStreamReader.scala:198)
	at org.apache.spark.sql.streaming.DataStreamReader.load(DataStreamReader.scala:212)
	at org.apache.spark.sql.streaming.DataStreamReader.csv(DataStreamReader.scala:260)
	at java.base/jdk.internal.reflect.NativeMethodAccessorImpl.invoke0(Native Method)
	at java.base/jdk.internal.reflect.NativeMethodAccessorImpl.invoke(NativeMethodAccessorImpl.java:77)
	at java.base/jdk.internal.reflect.DelegatingMethodAccessorImpl.invoke(DelegatingMethodAccessorImpl.java:43)
	at java.base/java.lang.reflect.Method.invoke(Method.java:568)
	at py4j.reflection.MethodInvoker.invoke(MethodInvoker.java:244)
	at py4j.reflection.ReflectionEngine.invoke(ReflectionEngine.java:374)
	at py4j.Gateway.invoke(Gateway.java:282)
	at py4j.commands.AbstractCommand.invokeMethod(AbstractCommand.java:132)
	at py4j.commands.CallCommand.execute(CallCommand.java:79)
	at py4j.ClientServerConnection.waitForCommands(ClientServerConnection.java:182)
	at py4j.ClientServerConnection.run(ClientServerConnection.java:106)
	at java.base/java.lang.Thread.run(Thread.java:840)

	at org.apache.hadoop.security.UserGroupInformation.doSubjectLogin(UserGroupInformation.java:1986)
	at org.apache.hadoop.security.UserGroupInformation.createLoginUser(UserGroupInformation.java:719)
	at org.apache.hadoop.security.UserGroupInformation.getLoginUser(UserGroupInformation.java:669)
	at org.apache.hadoop.security.UserGroupInformation.getCurrentUser(UserGroupInformation.java:579)
	at org.apache.hadoop.fs.FileSystem$Cache$Key.<init>(FileSystem.java:3746)
	at org.apache.hadoop.fs.FileSystem$Cache$Key.<init>(FileSystem.java:3736)
	at org.apache.hadoop.fs.FileSystem$Cache.get(FileSystem.java:3520)
	at org.apache.hadoop.fs.FileSystem.get(FileSystem.java:540)
	at org.apache.hadoop.fs.FileSystem.get(FileSystem.java:288)
	at org.apache.hadoop.fs.FileSystem.get(FileSystem.java:524)
	at org.apache.hadoop.fs.Path.getFileSystem(Path.java:365)
	at org.apache.spark.sql.execution.datasources.DataSource.sourceSchema(DataSource.scala:246)
	at org.apache.spark.sql.execution.datasources.DataSource.sourceInfo$lzycompute(DataSource.scala:118)
	at org.apache.spark.sql.execution.datasources.DataSource.sourceInfo(DataSource.scala:118)
	at org.apache.spark.sql.execution.streaming.StreamingRelation$.apply(StreamingRelation.scala:36)
	at org.apache.spark.sql.streaming.DataStreamReader.loadInternal(DataStreamReader.scala:198)
	at org.apache.spark.sql.streaming.DataStreamReader.load(DataStreamReader.scala:212)
	at org.apache.spark.sql.streaming.DataStreamReader.csv(DataStreamReader.scala:260)
	at java.base/jdk.internal.reflect.NativeMethodAccessorImpl.invoke0(Native Method)
	at java.base/jdk.internal.reflect.NativeMethodAccessorImpl.invoke(NativeMethodAccessorImpl.java:77)
	at java.base/jdk.internal.reflect.DelegatingMethodAccessorImpl.invoke(DelegatingMethodAccessorImpl.java:43)
	at java.base/java.lang.reflect.Method.invoke(Method.java:568)
	at py4j.reflection.MethodInvoker.invoke(MethodInvoker.java:244)
	at py4j.reflection.ReflectionEngine.invoke(ReflectionEngine.java:374)
	at py4j.Gateway.invoke(Gateway.java:282)
	at py4j.commands.AbstractCommand.invokeMethod(AbstractCommand.java:132)
	at py4j.commands.CallCommand.execute(CallCommand.java:79)
	at py4j.ClientServerConnection.waitForCommands(ClientServerConnection.java:182)
	at py4j.ClientServerConnection.run(ClientServerConnection.java:106)
	at java.base/java.lang.Thread.run(Thread.java:840)
Caused by: javax.security.auth.login.LoginException: java.lang.NullPointerException: invalid null input: name
	at jdk.security.auth/com.sun.security.auth.UnixPrincipal.<init>(UnixPrincipal.java:71)
	at jdk.security.auth/com.sun.security.auth.module.UnixLoginModule.login(UnixLoginModule.java:134)
	at java.base/javax.security.auth.login.LoginContext.invoke(LoginContext.java:755)
	at java.base/javax.security.auth.login.LoginContext$4.run(LoginContext.java:679)
	at java.base/javax.security.auth.login.LoginContext$4.run(LoginContext.java:677)
	at java.base/java.security.AccessController.doPrivileged(AccessController.java:712)
	at java.base/javax.security.auth.login.LoginContext.invokePriv(LoginContext.java:677)
	at java.base/javax.security.auth.login.LoginContext.login(LoginContext.java:587)
	at org.apache.hadoop.security.UserGroupInformation$HadoopLoginContext.login(UserGroupInformation.java:2065)
	at org.apache.hadoop.security.UserGroupInformation.doSubjectLogin(UserGroupInformation.java:1975)
	at org.apache.hadoop.security.UserGroupInformation.createLoginUser(UserGroupInformation.java:719)
	at org.apache.hadoop.security.UserGroupInformation.getLoginUser(UserGroupInformation.java:669)
	at org.apache.hadoop.security.UserGroupInformation.getCurrentUser(UserGroupInformation.java:579)
	at org.apache.hadoop.fs.FileSystem$Cache$Key.<init>(FileSystem.java:3746)
	at org.apache.hadoop.fs.FileSystem$Cache$Key.<init>(FileSystem.java:3736)
	at org.apache.hadoop.fs.FileSystem$Cache.get(FileSystem.java:3520)
	at org.apache.hadoop.fs.FileSystem.get(FileSystem.java:540)
	at org.apache.hadoop.fs.FileSystem.get(FileSystem.java:288)
	at org.apache.hadoop.fs.FileSystem.get(FileSystem.java:524)
	at org.apache.hadoop.fs.Path.getFileSystem(Path.java:365)
	at org.apache.spark.sql.execution.datasources.DataSource.sourceSchema(DataSource.scala:246)
	at org.apache.spark.sql.execution.datasources.DataSource.sourceInfo$lzycompute(DataSource.scala:118)
	at org.apache.spark.sql.execution.datasources.DataSource.sourceInfo(DataSource.scala:118)
	at org.apache.spark.sql.execution.streaming.StreamingRelation$.apply(StreamingRelation.scala:36)
	at org.apache.spark.sql.streaming.DataStreamReader.loadInternal(DataStreamReader.scala:198)
	at org.apache.spark.sql.streaming.DataStreamReader.load(DataStreamReader.scala:212)
	at org.apache.spark.sql.streaming.DataStreamReader.csv(DataStreamReader.scala:260)
	at java.base/jdk.internal.reflect.NativeMethodAccessorImpl.invoke0(Native Method)
	at java.base/jdk.internal.reflect.NativeMethodAccessorImpl.invoke(NativeMethodAccessorImpl.java:77)
	at java.base/jdk.internal.reflect.DelegatingMethodAccessorImpl.invoke(DelegatingMethodAccessorImpl.java:43)
	at java.base/java.lang.reflect.Method.invoke(Method.java:568)
	at py4j.reflection.MethodInvoker.invoke(MethodInvoker.java:244)
	at py4j.reflection.ReflectionEngine.invoke(ReflectionEngine.java:374)
	at py4j.Gateway.invoke(Gateway.java:282)
	at py4j.commands.AbstractCommand.invokeMethod(AbstractCommand.java:132)
	at py4j.commands.CallCommand.execute(CallCommand.java:79)
	at py4j.ClientServerConnection.waitForCommands(ClientServerConnection.java:182)
	at py4j.ClientServerConnection.run(ClientServerConnection.java:106)
	at java.base/java.lang.Thread.run(Thread.java:840)

	at java.base/javax.security.auth.login.LoginContext.invoke(LoginContext.java:850)
	at java.base/javax.security.auth.login.LoginContext$4.run(LoginContext.java:679)
	at java.base/javax.security.auth.login.LoginContext$4.run(LoginContext.java:677)
	at java.base/java.security.AccessController.doPrivileged(AccessController.java:712)
	at java.base/javax.security.auth.login.LoginContext.invokePriv(LoginContext.java:677)
	at java.base/javax.security.auth.login.LoginContext.login(LoginContext.java:587)
	at org.apache.hadoop.security.UserGroupInformation$HadoopLoginContext.login(UserGroupInformation.java:2065)
	at org.apache.hadoop.security.UserGroupInformation.doSubjectLogin(UserGroupInformation.java:1975)
	... 29 more

2025-05-23 10:07:37,557 INFO Closing down clientserver connection
2025-05-23 10:07:47,342 INFO SparkSession initialized
2025-05-23 10:07:49,540 ERROR Failed to read streaming data: An error occurred while calling o42.csv.
: org.apache.hadoop.security.KerberosAuthException: failure to login: javax.security.auth.login.LoginException: java.lang.NullPointerException: invalid null input: name
	at jdk.security.auth/com.sun.security.auth.UnixPrincipal.<init>(UnixPrincipal.java:71)
	at jdk.security.auth/com.sun.security.auth.module.UnixLoginModule.login(UnixLoginModule.java:134)
	at java.base/javax.security.auth.login.LoginContext.invoke(LoginContext.java:755)
	at java.base/javax.security.auth.login.LoginContext$4.run(LoginContext.java:679)
	at java.base/javax.security.auth.login.LoginContext$4.run(LoginContext.java:677)
	at java.base/java.security.AccessController.doPrivileged(AccessController.java:712)
	at java.base/javax.security.auth.login.LoginContext.invokePriv(LoginContext.java:677)
	at java.base/javax.security.auth.login.LoginContext.login(LoginContext.java:587)
	at org.apache.hadoop.security.UserGroupInformation$HadoopLoginContext.login(UserGroupInformation.java:2065)
	at org.apache.hadoop.security.UserGroupInformation.doSubjectLogin(UserGroupInformation.java:1975)
	at org.apache.hadoop.security.UserGroupInformation.createLoginUser(UserGroupInformation.java:719)
	at org.apache.hadoop.security.UserGroupInformation.getLoginUser(UserGroupInformation.java:669)
	at org.apache.hadoop.security.UserGroupInformation.getCurrentUser(UserGroupInformation.java:579)
	at org.apache.hadoop.fs.FileSystem$Cache$Key.<init>(FileSystem.java:3746)
	at org.apache.hadoop.fs.FileSystem$Cache$Key.<init>(FileSystem.java:3736)
	at org.apache.hadoop.fs.FileSystem$Cache.get(FileSystem.java:3520)
	at org.apache.hadoop.fs.FileSystem.get(FileSystem.java:540)
	at org.apache.hadoop.fs.FileSystem.get(FileSystem.java:288)
	at org.apache.hadoop.fs.FileSystem.get(FileSystem.java:524)
	at org.apache.hadoop.fs.Path.getFileSystem(Path.java:365)
	at org.apache.spark.sql.execution.datasources.DataSource.sourceSchema(DataSource.scala:246)
	at org.apache.spark.sql.execution.datasources.DataSource.sourceInfo$lzycompute(DataSource.scala:118)
	at org.apache.spark.sql.execution.datasources.DataSource.sourceInfo(DataSource.scala:118)
	at org.apache.spark.sql.execution.streaming.StreamingRelation$.apply(StreamingRelation.scala:36)
	at org.apache.spark.sql.streaming.DataStreamReader.loadInternal(DataStreamReader.scala:198)
	at org.apache.spark.sql.streaming.DataStreamReader.load(DataStreamReader.scala:212)
	at org.apache.spark.sql.streaming.DataStreamReader.csv(DataStreamReader.scala:260)
	at java.base/jdk.internal.reflect.NativeMethodAccessorImpl.invoke0(Native Method)
	at java.base/jdk.internal.reflect.NativeMethodAccessorImpl.invoke(NativeMethodAccessorImpl.java:77)
	at java.base/jdk.internal.reflect.DelegatingMethodAccessorImpl.invoke(DelegatingMethodAccessorImpl.java:43)
	at java.base/java.lang.reflect.Method.invoke(Method.java:568)
	at py4j.reflection.MethodInvoker.invoke(MethodInvoker.java:244)
	at py4j.reflection.ReflectionEngine.invoke(ReflectionEngine.java:374)
	at py4j.Gateway.invoke(Gateway.java:282)
	at py4j.commands.AbstractCommand.invokeMethod(AbstractCommand.java:132)
	at py4j.commands.CallCommand.execute(CallCommand.java:79)
	at py4j.ClientServerConnection.waitForCommands(ClientServerConnection.java:182)
	at py4j.ClientServerConnection.run(ClientServerConnection.java:106)
	at java.base/java.lang.Thread.run(Thread.java:840)

	at org.apache.hadoop.security.UserGroupInformation.doSubjectLogin(UserGroupInformation.java:1986)
	at org.apache.hadoop.security.UserGroupInformation.createLoginUser(UserGroupInformation.java:719)
	at org.apache.hadoop.security.UserGroupInformation.getLoginUser(UserGroupInformation.java:669)
	at org.apache.hadoop.security.UserGroupInformation.getCurrentUser(UserGroupInformation.java:579)
	at org.apache.hadoop.fs.FileSystem$Cache$Key.<init>(FileSystem.java:3746)
	at org.apache.hadoop.fs.FileSystem$Cache$Key.<init>(FileSystem.java:3736)
	at org.apache.hadoop.fs.FileSystem$Cache.get(FileSystem.java:3520)
	at org.apache.hadoop.fs.FileSystem.get(FileSystem.java:540)
	at org.apache.hadoop.fs.FileSystem.get(FileSystem.java:288)
	at org.apache.hadoop.fs.FileSystem.get(FileSystem.java:524)
	at org.apache.hadoop.fs.Path.getFileSystem(Path.java:365)
	at org.apache.spark.sql.execution.datasources.DataSource.sourceSchema(DataSource.scala:246)
	at org.apache.spark.sql.execution.datasources.DataSource.sourceInfo$lzycompute(DataSource.scala:118)
	at org.apache.spark.sql.execution.datasources.DataSource.sourceInfo(DataSource.scala:118)
	at org.apache.spark.sql.execution.streaming.StreamingRelation$.apply(StreamingRelation.scala:36)
	at org.apache.spark.sql.streaming.DataStreamReader.loadInternal(DataStreamReader.scala:198)
	at org.apache.spark.sql.streaming.DataStreamReader.load(DataStreamReader.scala:212)
	at org.apache.spark.sql.streaming.DataStreamReader.csv(DataStreamReader.scala:260)
	at java.base/jdk.internal.reflect.NativeMethodAccessorImpl.invoke0(Native Method)
	at java.base/jdk.internal.reflect.NativeMethodAccessorImpl.invoke(NativeMethodAccessorImpl.java:77)
	at java.base/jdk.internal.reflect.DelegatingMethodAccessorImpl.invoke(DelegatingMethodAccessorImpl.java:43)
	at java.base/java.lang.reflect.Method.invoke(Method.java:568)
	at py4j.reflection.MethodInvoker.invoke(MethodInvoker.java:244)
	at py4j.reflection.ReflectionEngine.invoke(ReflectionEngine.java:374)
	at py4j.Gateway.invoke(Gateway.java:282)
	at py4j.commands.AbstractCommand.invokeMethod(AbstractCommand.java:132)
	at py4j.commands.CallCommand.execute(CallCommand.java:79)
	at py4j.ClientServerConnection.waitForCommands(ClientServerConnection.java:182)
	at py4j.ClientServerConnection.run(ClientServerConnection.java:106)
	at java.base/java.lang.Thread.run(Thread.java:840)
Caused by: javax.security.auth.login.LoginException: java.lang.NullPointerException: invalid null input: name
	at jdk.security.auth/com.sun.security.auth.UnixPrincipal.<init>(UnixPrincipal.java:71)
	at jdk.security.auth/com.sun.security.auth.module.UnixLoginModule.login(UnixLoginModule.java:134)
	at java.base/javax.security.auth.login.LoginContext.invoke(LoginContext.java:755)
	at java.base/javax.security.auth.login.LoginContext$4.run(LoginContext.java:679)
	at java.base/javax.security.auth.login.LoginContext$4.run(LoginContext.java:677)
	at java.base/java.security.AccessController.doPrivileged(AccessController.java:712)
	at java.base/javax.security.auth.login.LoginContext.invokePriv(LoginContext.java:677)
	at java.base/javax.security.auth.login.LoginContext.login(LoginContext.java:587)
	at org.apache.hadoop.security.UserGroupInformation$HadoopLoginContext.login(UserGroupInformation.java:2065)
	at org.apache.hadoop.security.UserGroupInformation.doSubjectLogin(UserGroupInformation.java:1975)
	at org.apache.hadoop.security.UserGroupInformation.createLoginUser(UserGroupInformation.java:719)
	at org.apache.hadoop.security.UserGroupInformation.getLoginUser(UserGroupInformation.java:669)
	at org.apache.hadoop.security.UserGroupInformation.getCurrentUser(UserGroupInformation.java:579)
	at org.apache.hadoop.fs.FileSystem$Cache$Key.<init>(FileSystem.java:3746)
	at org.apache.hadoop.fs.FileSystem$Cache$Key.<init>(FileSystem.java:3736)
	at org.apache.hadoop.fs.FileSystem$Cache.get(FileSystem.java:3520)
	at org.apache.hadoop.fs.FileSystem.get(FileSystem.java:540)
	at org.apache.hadoop.fs.FileSystem.get(FileSystem.java:288)
	at org.apache.hadoop.fs.FileSystem.get(FileSystem.java:524)
	at org.apache.hadoop.fs.Path.getFileSystem(Path.java:365)
	at org.apache.spark.sql.execution.datasources.DataSource.sourceSchema(DataSource.scala:246)
	at org.apache.spark.sql.execution.datasources.DataSource.sourceInfo$lzycompute(DataSource.scala:118)
	at org.apache.spark.sql.execution.datasources.DataSource.sourceInfo(DataSource.scala:118)
	at org.apache.spark.sql.execution.streaming.StreamingRelation$.apply(StreamingRelation.scala:36)
	at org.apache.spark.sql.streaming.DataStreamReader.loadInternal(DataStreamReader.scala:198)
	at org.apache.spark.sql.streaming.DataStreamReader.load(DataStreamReader.scala:212)
	at org.apache.spark.sql.streaming.DataStreamReader.csv(DataStreamReader.scala:260)
	at java.base/jdk.internal.reflect.NativeMethodAccessorImpl.invoke0(Native Method)
	at java.base/jdk.internal.reflect.NativeMethodAccessorImpl.invoke(NativeMethodAccessorImpl.java:77)
	at java.base/jdk.internal.reflect.DelegatingMethodAccessorImpl.invoke(DelegatingMethodAccessorImpl.java:43)
	at java.base/java.lang.reflect.Method.invoke(Method.java:568)
	at py4j.reflection.MethodInvoker.invoke(MethodInvoker.java:244)
	at py4j.reflection.ReflectionEngine.invoke(ReflectionEngine.java:374)
	at py4j.Gateway.invoke(Gateway.java:282)
	at py4j.commands.AbstractCommand.invokeMethod(AbstractCommand.java:132)
	at py4j.commands.CallCommand.execute(CallCommand.java:79)
	at py4j.ClientServerConnection.waitForCommands(ClientServerConnection.java:182)
	at py4j.ClientServerConnection.run(ClientServerConnection.java:106)
	at java.base/java.lang.Thread.run(Thread.java:840)

	at java.base/javax.security.auth.login.LoginContext.invoke(LoginContext.java:850)
	at java.base/javax.security.auth.login.LoginContext$4.run(LoginContext.java:679)
	at java.base/javax.security.auth.login.LoginContext$4.run(LoginContext.java:677)
	at java.base/java.security.AccessController.doPrivileged(AccessController.java:712)
	at java.base/javax.security.auth.login.LoginContext.invokePriv(LoginContext.java:677)
	at java.base/javax.security.auth.login.LoginContext.login(LoginContext.java:587)
	at org.apache.hadoop.security.UserGroupInformation$HadoopLoginContext.login(UserGroupInformation.java:2065)
	at org.apache.hadoop.security.UserGroupInformation.doSubjectLogin(UserGroupInformation.java:1975)
	... 29 more

2025-05-23 10:07:50,060 ERROR Application failed: An error occurred while calling o42.csv.
: org.apache.hadoop.security.KerberosAuthException: failure to login: javax.security.auth.login.LoginException: java.lang.NullPointerException: invalid null input: name
	at jdk.security.auth/com.sun.security.auth.UnixPrincipal.<init>(UnixPrincipal.java:71)
	at jdk.security.auth/com.sun.security.auth.module.UnixLoginModule.login(UnixLoginModule.java:134)
	at java.base/javax.security.auth.login.LoginContext.invoke(LoginContext.java:755)
	at java.base/javax.security.auth.login.LoginContext$4.run(LoginContext.java:679)
	at java.base/javax.security.auth.login.LoginContext$4.run(LoginContext.java:677)
	at java.base/java.security.AccessController.doPrivileged(AccessController.java:712)
	at java.base/javax.security.auth.login.LoginContext.invokePriv(LoginContext.java:677)
	at java.base/javax.security.auth.login.LoginContext.login(LoginContext.java:587)
	at org.apache.hadoop.security.UserGroupInformation$HadoopLoginContext.login(UserGroupInformation.java:2065)
	at org.apache.hadoop.security.UserGroupInformation.doSubjectLogin(UserGroupInformation.java:1975)
	at org.apache.hadoop.security.UserGroupInformation.createLoginUser(UserGroupInformation.java:719)
	at org.apache.hadoop.security.UserGroupInformation.getLoginUser(UserGroupInformation.java:669)
	at org.apache.hadoop.security.UserGroupInformation.getCurrentUser(UserGroupInformation.java:579)
	at org.apache.hadoop.fs.FileSystem$Cache$Key.<init>(FileSystem.java:3746)
	at org.apache.hadoop.fs.FileSystem$Cache$Key.<init>(FileSystem.java:3736)
	at org.apache.hadoop.fs.FileSystem$Cache.get(FileSystem.java:3520)
	at org.apache.hadoop.fs.FileSystem.get(FileSystem.java:540)
	at org.apache.hadoop.fs.FileSystem.get(FileSystem.java:288)
	at org.apache.hadoop.fs.FileSystem.get(FileSystem.java:524)
	at org.apache.hadoop.fs.Path.getFileSystem(Path.java:365)
	at org.apache.spark.sql.execution.datasources.DataSource.sourceSchema(DataSource.scala:246)
	at org.apache.spark.sql.execution.datasources.DataSource.sourceInfo$lzycompute(DataSource.scala:118)
	at org.apache.spark.sql.execution.datasources.DataSource.sourceInfo(DataSource.scala:118)
	at org.apache.spark.sql.execution.streaming.StreamingRelation$.apply(StreamingRelation.scala:36)
	at org.apache.spark.sql.streaming.DataStreamReader.loadInternal(DataStreamReader.scala:198)
	at org.apache.spark.sql.streaming.DataStreamReader.load(DataStreamReader.scala:212)
	at org.apache.spark.sql.streaming.DataStreamReader.csv(DataStreamReader.scala:260)
	at java.base/jdk.internal.reflect.NativeMethodAccessorImpl.invoke0(Native Method)
	at java.base/jdk.internal.reflect.NativeMethodAccessorImpl.invoke(NativeMethodAccessorImpl.java:77)
	at java.base/jdk.internal.reflect.DelegatingMethodAccessorImpl.invoke(DelegatingMethodAccessorImpl.java:43)
	at java.base/java.lang.reflect.Method.invoke(Method.java:568)
	at py4j.reflection.MethodInvoker.invoke(MethodInvoker.java:244)
	at py4j.reflection.ReflectionEngine.invoke(ReflectionEngine.java:374)
	at py4j.Gateway.invoke(Gateway.java:282)
	at py4j.commands.AbstractCommand.invokeMethod(AbstractCommand.java:132)
	at py4j.commands.CallCommand.execute(CallCommand.java:79)
	at py4j.ClientServerConnection.waitForCommands(ClientServerConnection.java:182)
	at py4j.ClientServerConnection.run(ClientServerConnection.java:106)
	at java.base/java.lang.Thread.run(Thread.java:840)

	at org.apache.hadoop.security.UserGroupInformation.doSubjectLogin(UserGroupInformation.java:1986)
	at org.apache.hadoop.security.UserGroupInformation.createLoginUser(UserGroupInformation.java:719)
	at org.apache.hadoop.security.UserGroupInformation.getLoginUser(UserGroupInformation.java:669)
	at org.apache.hadoop.security.UserGroupInformation.getCurrentUser(UserGroupInformation.java:579)
	at org.apache.hadoop.fs.FileSystem$Cache$Key.<init>(FileSystem.java:3746)
	at org.apache.hadoop.fs.FileSystem$Cache$Key.<init>(FileSystem.java:3736)
	at org.apache.hadoop.fs.FileSystem$Cache.get(FileSystem.java:3520)
	at org.apache.hadoop.fs.FileSystem.get(FileSystem.java:540)
	at org.apache.hadoop.fs.FileSystem.get(FileSystem.java:288)
	at org.apache.hadoop.fs.FileSystem.get(FileSystem.java:524)
	at org.apache.hadoop.fs.Path.getFileSystem(Path.java:365)
	at org.apache.spark.sql.execution.datasources.DataSource.sourceSchema(DataSource.scala:246)
	at org.apache.spark.sql.execution.datasources.DataSource.sourceInfo$lzycompute(DataSource.scala:118)
	at org.apache.spark.sql.execution.datasources.DataSource.sourceInfo(DataSource.scala:118)
	at org.apache.spark.sql.execution.streaming.StreamingRelation$.apply(StreamingRelation.scala:36)
	at org.apache.spark.sql.streaming.DataStreamReader.loadInternal(DataStreamReader.scala:198)
	at org.apache.spark.sql.streaming.DataStreamReader.load(DataStreamReader.scala:212)
	at org.apache.spark.sql.streaming.DataStreamReader.csv(DataStreamReader.scala:260)
	at java.base/jdk.internal.reflect.NativeMethodAccessorImpl.invoke0(Native Method)
	at java.base/jdk.internal.reflect.NativeMethodAccessorImpl.invoke(NativeMethodAccessorImpl.java:77)
	at java.base/jdk.internal.reflect.DelegatingMethodAccessorImpl.invoke(DelegatingMethodAccessorImpl.java:43)
	at java.base/java.lang.reflect.Method.invoke(Method.java:568)
	at py4j.reflection.MethodInvoker.invoke(MethodInvoker.java:244)
	at py4j.reflection.ReflectionEngine.invoke(ReflectionEngine.java:374)
	at py4j.Gateway.invoke(Gateway.java:282)
	at py4j.commands.AbstractCommand.invokeMethod(AbstractCommand.java:132)
	at py4j.commands.CallCommand.execute(CallCommand.java:79)
	at py4j.ClientServerConnection.waitForCommands(ClientServerConnection.java:182)
	at py4j.ClientServerConnection.run(ClientServerConnection.java:106)
	at java.base/java.lang.Thread.run(Thread.java:840)
Caused by: javax.security.auth.login.LoginException: java.lang.NullPointerException: invalid null input: name
	at jdk.security.auth/com.sun.security.auth.UnixPrincipal.<init>(UnixPrincipal.java:71)
	at jdk.security.auth/com.sun.security.auth.module.UnixLoginModule.login(UnixLoginModule.java:134)
	at java.base/javax.security.auth.login.LoginContext.invoke(LoginContext.java:755)
	at java.base/javax.security.auth.login.LoginContext$4.run(LoginContext.java:679)
	at java.base/javax.security.auth.login.LoginContext$4.run(LoginContext.java:677)
	at java.base/java.security.AccessController.doPrivileged(AccessController.java:712)
	at java.base/javax.security.auth.login.LoginContext.invokePriv(LoginContext.java:677)
	at java.base/javax.security.auth.login.LoginContext.login(LoginContext.java:587)
	at org.apache.hadoop.security.UserGroupInformation$HadoopLoginContext.login(UserGroupInformation.java:2065)
	at org.apache.hadoop.security.UserGroupInformation.doSubjectLogin(UserGroupInformation.java:1975)
	at org.apache.hadoop.security.UserGroupInformation.createLoginUser(UserGroupInformation.java:719)
	at org.apache.hadoop.security.UserGroupInformation.getLoginUser(UserGroupInformation.java:669)
	at org.apache.hadoop.security.UserGroupInformation.getCurrentUser(UserGroupInformation.java:579)
	at org.apache.hadoop.fs.FileSystem$Cache$Key.<init>(FileSystem.java:3746)
	at org.apache.hadoop.fs.FileSystem$Cache$Key.<init>(FileSystem.java:3736)
	at org.apache.hadoop.fs.FileSystem$Cache.get(FileSystem.java:3520)
	at org.apache.hadoop.fs.FileSystem.get(FileSystem.java:540)
	at org.apache.hadoop.fs.FileSystem.get(FileSystem.java:288)
	at org.apache.hadoop.fs.FileSystem.get(FileSystem.java:524)
	at org.apache.hadoop.fs.Path.getFileSystem(Path.java:365)
	at org.apache.spark.sql.execution.datasources.DataSource.sourceSchema(DataSource.scala:246)
	at org.apache.spark.sql.execution.datasources.DataSource.sourceInfo$lzycompute(DataSource.scala:118)
	at org.apache.spark.sql.execution.datasources.DataSource.sourceInfo(DataSource.scala:118)
	at org.apache.spark.sql.execution.streaming.StreamingRelation$.apply(StreamingRelation.scala:36)
	at org.apache.spark.sql.streaming.DataStreamReader.loadInternal(DataStreamReader.scala:198)
	at org.apache.spark.sql.streaming.DataStreamReader.load(DataStreamReader.scala:212)
	at org.apache.spark.sql.streaming.DataStreamReader.csv(DataStreamReader.scala:260)
	at java.base/jdk.internal.reflect.NativeMethodAccessorImpl.invoke0(Native Method)
	at java.base/jdk.internal.reflect.NativeMethodAccessorImpl.invoke(NativeMethodAccessorImpl.java:77)
	at java.base/jdk.internal.reflect.DelegatingMethodAccessorImpl.invoke(DelegatingMethodAccessorImpl.java:43)
	at java.base/java.lang.reflect.Method.invoke(Method.java:568)
	at py4j.reflection.MethodInvoker.invoke(MethodInvoker.java:244)
	at py4j.reflection.ReflectionEngine.invoke(ReflectionEngine.java:374)
	at py4j.Gateway.invoke(Gateway.java:282)
	at py4j.commands.AbstractCommand.invokeMethod(AbstractCommand.java:132)
	at py4j.commands.CallCommand.execute(CallCommand.java:79)
	at py4j.ClientServerConnection.waitForCommands(ClientServerConnection.java:182)
	at py4j.ClientServerConnection.run(ClientServerConnection.java:106)
	at java.base/java.lang.Thread.run(Thread.java:840)

	at java.base/javax.security.auth.login.LoginContext.invoke(LoginContext.java:850)
	at java.base/javax.security.auth.login.LoginContext$4.run(LoginContext.java:679)
	at java.base/javax.security.auth.login.LoginContext$4.run(LoginContext.java:677)
	at java.base/java.security.AccessController.doPrivileged(AccessController.java:712)
	at java.base/javax.security.auth.login.LoginContext.invokePriv(LoginContext.java:677)
	at java.base/javax.security.auth.login.LoginContext.login(LoginContext.java:587)
	at org.apache.hadoop.security.UserGroupInformation$HadoopLoginContext.login(UserGroupInformation.java:2065)
	at org.apache.hadoop.security.UserGroupInformation.doSubjectLogin(UserGroupInformation.java:1975)
	... 29 more

2025-05-23 10:07:50,122 INFO Closing down clientserver connection
2025-05-23 10:07:59,208 INFO SparkSession initialized
2025-05-23 10:08:01,510 ERROR Failed to read streaming data: An error occurred while calling o42.csv.
: org.apache.hadoop.security.KerberosAuthException: failure to login: javax.security.auth.login.LoginException: java.lang.NullPointerException: invalid null input: name
	at jdk.security.auth/com.sun.security.auth.UnixPrincipal.<init>(UnixPrincipal.java:71)
	at jdk.security.auth/com.sun.security.auth.module.UnixLoginModule.login(UnixLoginModule.java:134)
	at java.base/javax.security.auth.login.LoginContext.invoke(LoginContext.java:755)
	at java.base/javax.security.auth.login.LoginContext$4.run(LoginContext.java:679)
	at java.base/javax.security.auth.login.LoginContext$4.run(LoginContext.java:677)
	at java.base/java.security.AccessController.doPrivileged(AccessController.java:712)
	at java.base/javax.security.auth.login.LoginContext.invokePriv(LoginContext.java:677)
	at java.base/javax.security.auth.login.LoginContext.login(LoginContext.java:587)
	at org.apache.hadoop.security.UserGroupInformation$HadoopLoginContext.login(UserGroupInformation.java:2065)
	at org.apache.hadoop.security.UserGroupInformation.doSubjectLogin(UserGroupInformation.java:1975)
	at org.apache.hadoop.security.UserGroupInformation.createLoginUser(UserGroupInformation.java:719)
	at org.apache.hadoop.security.UserGroupInformation.getLoginUser(UserGroupInformation.java:669)
	at org.apache.hadoop.security.UserGroupInformation.getCurrentUser(UserGroupInformation.java:579)
	at org.apache.hadoop.fs.FileSystem$Cache$Key.<init>(FileSystem.java:3746)
	at org.apache.hadoop.fs.FileSystem$Cache$Key.<init>(FileSystem.java:3736)
	at org.apache.hadoop.fs.FileSystem$Cache.get(FileSystem.java:3520)
	at org.apache.hadoop.fs.FileSystem.get(FileSystem.java:540)
	at org.apache.hadoop.fs.FileSystem.get(FileSystem.java:288)
	at org.apache.hadoop.fs.FileSystem.get(FileSystem.java:524)
	at org.apache.hadoop.fs.Path.getFileSystem(Path.java:365)
	at org.apache.spark.sql.execution.datasources.DataSource.sourceSchema(DataSource.scala:246)
	at org.apache.spark.sql.execution.datasources.DataSource.sourceInfo$lzycompute(DataSource.scala:118)
	at org.apache.spark.sql.execution.datasources.DataSource.sourceInfo(DataSource.scala:118)
	at org.apache.spark.sql.execution.streaming.StreamingRelation$.apply(StreamingRelation.scala:36)
	at org.apache.spark.sql.streaming.DataStreamReader.loadInternal(DataStreamReader.scala:198)
	at org.apache.spark.sql.streaming.DataStreamReader.load(DataStreamReader.scala:212)
	at org.apache.spark.sql.streaming.DataStreamReader.csv(DataStreamReader.scala:260)
	at java.base/jdk.internal.reflect.NativeMethodAccessorImpl.invoke0(Native Method)
	at java.base/jdk.internal.reflect.NativeMethodAccessorImpl.invoke(NativeMethodAccessorImpl.java:77)
	at java.base/jdk.internal.reflect.DelegatingMethodAccessorImpl.invoke(DelegatingMethodAccessorImpl.java:43)
	at java.base/java.lang.reflect.Method.invoke(Method.java:568)
	at py4j.reflection.MethodInvoker.invoke(MethodInvoker.java:244)
	at py4j.reflection.ReflectionEngine.invoke(ReflectionEngine.java:374)
	at py4j.Gateway.invoke(Gateway.java:282)
	at py4j.commands.AbstractCommand.invokeMethod(AbstractCommand.java:132)
	at py4j.commands.CallCommand.execute(CallCommand.java:79)
	at py4j.ClientServerConnection.waitForCommands(ClientServerConnection.java:182)
	at py4j.ClientServerConnection.run(ClientServerConnection.java:106)
	at java.base/java.lang.Thread.run(Thread.java:840)

	at org.apache.hadoop.security.UserGroupInformation.doSubjectLogin(UserGroupInformation.java:1986)
	at org.apache.hadoop.security.UserGroupInformation.createLoginUser(UserGroupInformation.java:719)
	at org.apache.hadoop.security.UserGroupInformation.getLoginUser(UserGroupInformation.java:669)
	at org.apache.hadoop.security.UserGroupInformation.getCurrentUser(UserGroupInformation.java:579)
	at org.apache.hadoop.fs.FileSystem$Cache$Key.<init>(FileSystem.java:3746)
	at org.apache.hadoop.fs.FileSystem$Cache$Key.<init>(FileSystem.java:3736)
	at org.apache.hadoop.fs.FileSystem$Cache.get(FileSystem.java:3520)
	at org.apache.hadoop.fs.FileSystem.get(FileSystem.java:540)
	at org.apache.hadoop.fs.FileSystem.get(FileSystem.java:288)
	at org.apache.hadoop.fs.FileSystem.get(FileSystem.java:524)
	at org.apache.hadoop.fs.Path.getFileSystem(Path.java:365)
	at org.apache.spark.sql.execution.datasources.DataSource.sourceSchema(DataSource.scala:246)
	at org.apache.spark.sql.execution.datasources.DataSource.sourceInfo$lzycompute(DataSource.scala:118)
	at org.apache.spark.sql.execution.datasources.DataSource.sourceInfo(DataSource.scala:118)
	at org.apache.spark.sql.execution.streaming.StreamingRelation$.apply(StreamingRelation.scala:36)
	at org.apache.spark.sql.streaming.DataStreamReader.loadInternal(DataStreamReader.scala:198)
	at org.apache.spark.sql.streaming.DataStreamReader.load(DataStreamReader.scala:212)
	at org.apache.spark.sql.streaming.DataStreamReader.csv(DataStreamReader.scala:260)
	at java.base/jdk.internal.reflect.NativeMethodAccessorImpl.invoke0(Native Method)
	at java.base/jdk.internal.reflect.NativeMethodAccessorImpl.invoke(NativeMethodAccessorImpl.java:77)
	at java.base/jdk.internal.reflect.DelegatingMethodAccessorImpl.invoke(DelegatingMethodAccessorImpl.java:43)
	at java.base/java.lang.reflect.Method.invoke(Method.java:568)
	at py4j.reflection.MethodInvoker.invoke(MethodInvoker.java:244)
	at py4j.reflection.ReflectionEngine.invoke(ReflectionEngine.java:374)
	at py4j.Gateway.invoke(Gateway.java:282)
	at py4j.commands.AbstractCommand.invokeMethod(AbstractCommand.java:132)
	at py4j.commands.CallCommand.execute(CallCommand.java:79)
	at py4j.ClientServerConnection.waitForCommands(ClientServerConnection.java:182)
	at py4j.ClientServerConnection.run(ClientServerConnection.java:106)
	at java.base/java.lang.Thread.run(Thread.java:840)
Caused by: javax.security.auth.login.LoginException: java.lang.NullPointerException: invalid null input: name
	at jdk.security.auth/com.sun.security.auth.UnixPrincipal.<init>(UnixPrincipal.java:71)
	at jdk.security.auth/com.sun.security.auth.module.UnixLoginModule.login(UnixLoginModule.java:134)
	at java.base/javax.security.auth.login.LoginContext.invoke(LoginContext.java:755)
	at java.base/javax.security.auth.login.LoginContext$4.run(LoginContext.java:679)
	at java.base/javax.security.auth.login.LoginContext$4.run(LoginContext.java:677)
	at java.base/java.security.AccessController.doPrivileged(AccessController.java:712)
	at java.base/javax.security.auth.login.LoginContext.invokePriv(LoginContext.java:677)
	at java.base/javax.security.auth.login.LoginContext.login(LoginContext.java:587)
	at org.apache.hadoop.security.UserGroupInformation$HadoopLoginContext.login(UserGroupInformation.java:2065)
	at org.apache.hadoop.security.UserGroupInformation.doSubjectLogin(UserGroupInformation.java:1975)
	at org.apache.hadoop.security.UserGroupInformation.createLoginUser(UserGroupInformation.java:719)
	at org.apache.hadoop.security.UserGroupInformation.getLoginUser(UserGroupInformation.java:669)
	at org.apache.hadoop.security.UserGroupInformation.getCurrentUser(UserGroupInformation.java:579)
	at org.apache.hadoop.fs.FileSystem$Cache$Key.<init>(FileSystem.java:3746)
	at org.apache.hadoop.fs.FileSystem$Cache$Key.<init>(FileSystem.java:3736)
	at org.apache.hadoop.fs.FileSystem$Cache.get(FileSystem.java:3520)
	at org.apache.hadoop.fs.FileSystem.get(FileSystem.java:540)
	at org.apache.hadoop.fs.FileSystem.get(FileSystem.java:288)
	at org.apache.hadoop.fs.FileSystem.get(FileSystem.java:524)
	at org.apache.hadoop.fs.Path.getFileSystem(Path.java:365)
	at org.apache.spark.sql.execution.datasources.DataSource.sourceSchema(DataSource.scala:246)
	at org.apache.spark.sql.execution.datasources.DataSource.sourceInfo$lzycompute(DataSource.scala:118)
	at org.apache.spark.sql.execution.datasources.DataSource.sourceInfo(DataSource.scala:118)
	at org.apache.spark.sql.execution.streaming.StreamingRelation$.apply(StreamingRelation.scala:36)
	at org.apache.spark.sql.streaming.DataStreamReader.loadInternal(DataStreamReader.scala:198)
	at org.apache.spark.sql.streaming.DataStreamReader.load(DataStreamReader.scala:212)
	at org.apache.spark.sql.streaming.DataStreamReader.csv(DataStreamReader.scala:260)
	at java.base/jdk.internal.reflect.NativeMethodAccessorImpl.invoke0(Native Method)
	at java.base/jdk.internal.reflect.NativeMethodAccessorImpl.invoke(NativeMethodAccessorImpl.java:77)
	at java.base/jdk.internal.reflect.DelegatingMethodAccessorImpl.invoke(DelegatingMethodAccessorImpl.java:43)
	at java.base/java.lang.reflect.Method.invoke(Method.java:568)
	at py4j.reflection.MethodInvoker.invoke(MethodInvoker.java:244)
	at py4j.reflection.ReflectionEngine.invoke(ReflectionEngine.java:374)
	at py4j.Gateway.invoke(Gateway.java:282)
	at py4j.commands.AbstractCommand.invokeMethod(AbstractCommand.java:132)
	at py4j.commands.CallCommand.execute(CallCommand.java:79)
	at py4j.ClientServerConnection.waitForCommands(ClientServerConnection.java:182)
	at py4j.ClientServerConnection.run(ClientServerConnection.java:106)
	at java.base/java.lang.Thread.run(Thread.java:840)

	at java.base/javax.security.auth.login.LoginContext.invoke(LoginContext.java:850)
	at java.base/javax.security.auth.login.LoginContext$4.run(LoginContext.java:679)
	at java.base/javax.security.auth.login.LoginContext$4.run(LoginContext.java:677)
	at java.base/java.security.AccessController.doPrivileged(AccessController.java:712)
	at java.base/javax.security.auth.login.LoginContext.invokePriv(LoginContext.java:677)
	at java.base/javax.security.auth.login.LoginContext.login(LoginContext.java:587)
	at org.apache.hadoop.security.UserGroupInformation$HadoopLoginContext.login(UserGroupInformation.java:2065)
	at org.apache.hadoop.security.UserGroupInformation.doSubjectLogin(UserGroupInformation.java:1975)
	... 29 more

2025-05-23 10:08:02,010 ERROR Application failed: An error occurred while calling o42.csv.
: org.apache.hadoop.security.KerberosAuthException: failure to login: javax.security.auth.login.LoginException: java.lang.NullPointerException: invalid null input: name
	at jdk.security.auth/com.sun.security.auth.UnixPrincipal.<init>(UnixPrincipal.java:71)
	at jdk.security.auth/com.sun.security.auth.module.UnixLoginModule.login(UnixLoginModule.java:134)
	at java.base/javax.security.auth.login.LoginContext.invoke(LoginContext.java:755)
	at java.base/javax.security.auth.login.LoginContext$4.run(LoginContext.java:679)
	at java.base/javax.security.auth.login.LoginContext$4.run(LoginContext.java:677)
	at java.base/java.security.AccessController.doPrivileged(AccessController.java:712)
	at java.base/javax.security.auth.login.LoginContext.invokePriv(LoginContext.java:677)
	at java.base/javax.security.auth.login.LoginContext.login(LoginContext.java:587)
	at org.apache.hadoop.security.UserGroupInformation$HadoopLoginContext.login(UserGroupInformation.java:2065)
	at org.apache.hadoop.security.UserGroupInformation.doSubjectLogin(UserGroupInformation.java:1975)
	at org.apache.hadoop.security.UserGroupInformation.createLoginUser(UserGroupInformation.java:719)
	at org.apache.hadoop.security.UserGroupInformation.getLoginUser(UserGroupInformation.java:669)
	at org.apache.hadoop.security.UserGroupInformation.getCurrentUser(UserGroupInformation.java:579)
	at org.apache.hadoop.fs.FileSystem$Cache$Key.<init>(FileSystem.java:3746)
	at org.apache.hadoop.fs.FileSystem$Cache$Key.<init>(FileSystem.java:3736)
	at org.apache.hadoop.fs.FileSystem$Cache.get(FileSystem.java:3520)
	at org.apache.hadoop.fs.FileSystem.get(FileSystem.java:540)
	at org.apache.hadoop.fs.FileSystem.get(FileSystem.java:288)
	at org.apache.hadoop.fs.FileSystem.get(FileSystem.java:524)
	at org.apache.hadoop.fs.Path.getFileSystem(Path.java:365)
	at org.apache.spark.sql.execution.datasources.DataSource.sourceSchema(DataSource.scala:246)
	at org.apache.spark.sql.execution.datasources.DataSource.sourceInfo$lzycompute(DataSource.scala:118)
	at org.apache.spark.sql.execution.datasources.DataSource.sourceInfo(DataSource.scala:118)
	at org.apache.spark.sql.execution.streaming.StreamingRelation$.apply(StreamingRelation.scala:36)
	at org.apache.spark.sql.streaming.DataStreamReader.loadInternal(DataStreamReader.scala:198)
	at org.apache.spark.sql.streaming.DataStreamReader.load(DataStreamReader.scala:212)
	at org.apache.spark.sql.streaming.DataStreamReader.csv(DataStreamReader.scala:260)
	at java.base/jdk.internal.reflect.NativeMethodAccessorImpl.invoke0(Native Method)
	at java.base/jdk.internal.reflect.NativeMethodAccessorImpl.invoke(NativeMethodAccessorImpl.java:77)
	at java.base/jdk.internal.reflect.DelegatingMethodAccessorImpl.invoke(DelegatingMethodAccessorImpl.java:43)
	at java.base/java.lang.reflect.Method.invoke(Method.java:568)
	at py4j.reflection.MethodInvoker.invoke(MethodInvoker.java:244)
	at py4j.reflection.ReflectionEngine.invoke(ReflectionEngine.java:374)
	at py4j.Gateway.invoke(Gateway.java:282)
	at py4j.commands.AbstractCommand.invokeMethod(AbstractCommand.java:132)
	at py4j.commands.CallCommand.execute(CallCommand.java:79)
	at py4j.ClientServerConnection.waitForCommands(ClientServerConnection.java:182)
	at py4j.ClientServerConnection.run(ClientServerConnection.java:106)
	at java.base/java.lang.Thread.run(Thread.java:840)

	at org.apache.hadoop.security.UserGroupInformation.doSubjectLogin(UserGroupInformation.java:1986)
	at org.apache.hadoop.security.UserGroupInformation.createLoginUser(UserGroupInformation.java:719)
	at org.apache.hadoop.security.UserGroupInformation.getLoginUser(UserGroupInformation.java:669)
	at org.apache.hadoop.security.UserGroupInformation.getCurrentUser(UserGroupInformation.java:579)
	at org.apache.hadoop.fs.FileSystem$Cache$Key.<init>(FileSystem.java:3746)
	at org.apache.hadoop.fs.FileSystem$Cache$Key.<init>(FileSystem.java:3736)
	at org.apache.hadoop.fs.FileSystem$Cache.get(FileSystem.java:3520)
	at org.apache.hadoop.fs.FileSystem.get(FileSystem.java:540)
	at org.apache.hadoop.fs.FileSystem.get(FileSystem.java:288)
	at org.apache.hadoop.fs.FileSystem.get(FileSystem.java:524)
	at org.apache.hadoop.fs.Path.getFileSystem(Path.java:365)
	at org.apache.spark.sql.execution.datasources.DataSource.sourceSchema(DataSource.scala:246)
	at org.apache.spark.sql.execution.datasources.DataSource.sourceInfo$lzycompute(DataSource.scala:118)
	at org.apache.spark.sql.execution.datasources.DataSource.sourceInfo(DataSource.scala:118)
	at org.apache.spark.sql.execution.streaming.StreamingRelation$.apply(StreamingRelation.scala:36)
	at org.apache.spark.sql.streaming.DataStreamReader.loadInternal(DataStreamReader.scala:198)
	at org.apache.spark.sql.streaming.DataStreamReader.load(DataStreamReader.scala:212)
	at org.apache.spark.sql.streaming.DataStreamReader.csv(DataStreamReader.scala:260)
	at java.base/jdk.internal.reflect.NativeMethodAccessorImpl.invoke0(Native Method)
	at java.base/jdk.internal.reflect.NativeMethodAccessorImpl.invoke(NativeMethodAccessorImpl.java:77)
	at java.base/jdk.internal.reflect.DelegatingMethodAccessorImpl.invoke(DelegatingMethodAccessorImpl.java:43)
	at java.base/java.lang.reflect.Method.invoke(Method.java:568)
	at py4j.reflection.MethodInvoker.invoke(MethodInvoker.java:244)
	at py4j.reflection.ReflectionEngine.invoke(ReflectionEngine.java:374)
	at py4j.Gateway.invoke(Gateway.java:282)
	at py4j.commands.AbstractCommand.invokeMethod(AbstractCommand.java:132)
	at py4j.commands.CallCommand.execute(CallCommand.java:79)
	at py4j.ClientServerConnection.waitForCommands(ClientServerConnection.java:182)
	at py4j.ClientServerConnection.run(ClientServerConnection.java:106)
	at java.base/java.lang.Thread.run(Thread.java:840)
Caused by: javax.security.auth.login.LoginException: java.lang.NullPointerException: invalid null input: name
	at jdk.security.auth/com.sun.security.auth.UnixPrincipal.<init>(UnixPrincipal.java:71)
	at jdk.security.auth/com.sun.security.auth.module.UnixLoginModule.login(UnixLoginModule.java:134)
	at java.base/javax.security.auth.login.LoginContext.invoke(LoginContext.java:755)
	at java.base/javax.security.auth.login.LoginContext$4.run(LoginContext.java:679)
	at java.base/javax.security.auth.login.LoginContext$4.run(LoginContext.java:677)
	at java.base/java.security.AccessController.doPrivileged(AccessController.java:712)
	at java.base/javax.security.auth.login.LoginContext.invokePriv(LoginContext.java:677)
	at java.base/javax.security.auth.login.LoginContext.login(LoginContext.java:587)
	at org.apache.hadoop.security.UserGroupInformation$HadoopLoginContext.login(UserGroupInformation.java:2065)
	at org.apache.hadoop.security.UserGroupInformation.doSubjectLogin(UserGroupInformation.java:1975)
	at org.apache.hadoop.security.UserGroupInformation.createLoginUser(UserGroupInformation.java:719)
	at org.apache.hadoop.security.UserGroupInformation.getLoginUser(UserGroupInformation.java:669)
	at org.apache.hadoop.security.UserGroupInformation.getCurrentUser(UserGroupInformation.java:579)
	at org.apache.hadoop.fs.FileSystem$Cache$Key.<init>(FileSystem.java:3746)
	at org.apache.hadoop.fs.FileSystem$Cache$Key.<init>(FileSystem.java:3736)
	at org.apache.hadoop.fs.FileSystem$Cache.get(FileSystem.java:3520)
	at org.apache.hadoop.fs.FileSystem.get(FileSystem.java:540)
	at org.apache.hadoop.fs.FileSystem.get(FileSystem.java:288)
	at org.apache.hadoop.fs.FileSystem.get(FileSystem.java:524)
	at org.apache.hadoop.fs.Path.getFileSystem(Path.java:365)
	at org.apache.spark.sql.execution.datasources.DataSource.sourceSchema(DataSource.scala:246)
	at org.apache.spark.sql.execution.datasources.DataSource.sourceInfo$lzycompute(DataSource.scala:118)
	at org.apache.spark.sql.execution.datasources.DataSource.sourceInfo(DataSource.scala:118)
	at org.apache.spark.sql.execution.streaming.StreamingRelation$.apply(StreamingRelation.scala:36)
	at org.apache.spark.sql.streaming.DataStreamReader.loadInternal(DataStreamReader.scala:198)
	at org.apache.spark.sql.streaming.DataStreamReader.load(DataStreamReader.scala:212)
	at org.apache.spark.sql.streaming.DataStreamReader.csv(DataStreamReader.scala:260)
	at java.base/jdk.internal.reflect.NativeMethodAccessorImpl.invoke0(Native Method)
	at java.base/jdk.internal.reflect.NativeMethodAccessorImpl.invoke(NativeMethodAccessorImpl.java:77)
	at java.base/jdk.internal.reflect.DelegatingMethodAccessorImpl.invoke(DelegatingMethodAccessorImpl.java:43)
	at java.base/java.lang.reflect.Method.invoke(Method.java:568)
	at py4j.reflection.MethodInvoker.invoke(MethodInvoker.java:244)
	at py4j.reflection.ReflectionEngine.invoke(ReflectionEngine.java:374)
	at py4j.Gateway.invoke(Gateway.java:282)
	at py4j.commands.AbstractCommand.invokeMethod(AbstractCommand.java:132)
	at py4j.commands.CallCommand.execute(CallCommand.java:79)
	at py4j.ClientServerConnection.waitForCommands(ClientServerConnection.java:182)
	at py4j.ClientServerConnection.run(ClientServerConnection.java:106)
	at java.base/java.lang.Thread.run(Thread.java:840)

	at java.base/javax.security.auth.login.LoginContext.invoke(LoginContext.java:850)
	at java.base/javax.security.auth.login.LoginContext$4.run(LoginContext.java:679)
	at java.base/javax.security.auth.login.LoginContext$4.run(LoginContext.java:677)
	at java.base/java.security.AccessController.doPrivileged(AccessController.java:712)
	at java.base/javax.security.auth.login.LoginContext.invokePriv(LoginContext.java:677)
	at java.base/javax.security.auth.login.LoginContext.login(LoginContext.java:587)
	at org.apache.hadoop.security.UserGroupInformation$HadoopLoginContext.login(UserGroupInformation.java:2065)
	at org.apache.hadoop.security.UserGroupInformation.doSubjectLogin(UserGroupInformation.java:1975)
	... 29 more

2025-05-23 10:08:02,062 INFO Closing down clientserver connection
2025-05-23 10:08:13,656 INFO SparkSession initialized
2025-05-23 10:08:15,961 ERROR Failed to read streaming data: An error occurred while calling o42.csv.
: org.apache.hadoop.security.KerberosAuthException: failure to login: javax.security.auth.login.LoginException: java.lang.NullPointerException: invalid null input: name
	at jdk.security.auth/com.sun.security.auth.UnixPrincipal.<init>(UnixPrincipal.java:71)
	at jdk.security.auth/com.sun.security.auth.module.UnixLoginModule.login(UnixLoginModule.java:134)
	at java.base/javax.security.auth.login.LoginContext.invoke(LoginContext.java:755)
	at java.base/javax.security.auth.login.LoginContext$4.run(LoginContext.java:679)
	at java.base/javax.security.auth.login.LoginContext$4.run(LoginContext.java:677)
	at java.base/java.security.AccessController.doPrivileged(AccessController.java:712)
	at java.base/javax.security.auth.login.LoginContext.invokePriv(LoginContext.java:677)
	at java.base/javax.security.auth.login.LoginContext.login(LoginContext.java:587)
	at org.apache.hadoop.security.UserGroupInformation$HadoopLoginContext.login(UserGroupInformation.java:2065)
	at org.apache.hadoop.security.UserGroupInformation.doSubjectLogin(UserGroupInformation.java:1975)
	at org.apache.hadoop.security.UserGroupInformation.createLoginUser(UserGroupInformation.java:719)
	at org.apache.hadoop.security.UserGroupInformation.getLoginUser(UserGroupInformation.java:669)
	at org.apache.hadoop.security.UserGroupInformation.getCurrentUser(UserGroupInformation.java:579)
	at org.apache.hadoop.fs.FileSystem$Cache$Key.<init>(FileSystem.java:3746)
	at org.apache.hadoop.fs.FileSystem$Cache$Key.<init>(FileSystem.java:3736)
	at org.apache.hadoop.fs.FileSystem$Cache.get(FileSystem.java:3520)
	at org.apache.hadoop.fs.FileSystem.get(FileSystem.java:540)
	at org.apache.hadoop.fs.FileSystem.get(FileSystem.java:288)
	at org.apache.hadoop.fs.FileSystem.get(FileSystem.java:524)
	at org.apache.hadoop.fs.Path.getFileSystem(Path.java:365)
	at org.apache.spark.sql.execution.datasources.DataSource.sourceSchema(DataSource.scala:246)
	at org.apache.spark.sql.execution.datasources.DataSource.sourceInfo$lzycompute(DataSource.scala:118)
	at org.apache.spark.sql.execution.datasources.DataSource.sourceInfo(DataSource.scala:118)
	at org.apache.spark.sql.execution.streaming.StreamingRelation$.apply(StreamingRelation.scala:36)
	at org.apache.spark.sql.streaming.DataStreamReader.loadInternal(DataStreamReader.scala:198)
	at org.apache.spark.sql.streaming.DataStreamReader.load(DataStreamReader.scala:212)
	at org.apache.spark.sql.streaming.DataStreamReader.csv(DataStreamReader.scala:260)
	at java.base/jdk.internal.reflect.NativeMethodAccessorImpl.invoke0(Native Method)
	at java.base/jdk.internal.reflect.NativeMethodAccessorImpl.invoke(NativeMethodAccessorImpl.java:77)
	at java.base/jdk.internal.reflect.DelegatingMethodAccessorImpl.invoke(DelegatingMethodAccessorImpl.java:43)
	at java.base/java.lang.reflect.Method.invoke(Method.java:568)
	at py4j.reflection.MethodInvoker.invoke(MethodInvoker.java:244)
	at py4j.reflection.ReflectionEngine.invoke(ReflectionEngine.java:374)
	at py4j.Gateway.invoke(Gateway.java:282)
	at py4j.commands.AbstractCommand.invokeMethod(AbstractCommand.java:132)
	at py4j.commands.CallCommand.execute(CallCommand.java:79)
	at py4j.ClientServerConnection.waitForCommands(ClientServerConnection.java:182)
	at py4j.ClientServerConnection.run(ClientServerConnection.java:106)
	at java.base/java.lang.Thread.run(Thread.java:840)

	at org.apache.hadoop.security.UserGroupInformation.doSubjectLogin(UserGroupInformation.java:1986)
	at org.apache.hadoop.security.UserGroupInformation.createLoginUser(UserGroupInformation.java:719)
	at org.apache.hadoop.security.UserGroupInformation.getLoginUser(UserGroupInformation.java:669)
	at org.apache.hadoop.security.UserGroupInformation.getCurrentUser(UserGroupInformation.java:579)
	at org.apache.hadoop.fs.FileSystem$Cache$Key.<init>(FileSystem.java:3746)
	at org.apache.hadoop.fs.FileSystem$Cache$Key.<init>(FileSystem.java:3736)
	at org.apache.hadoop.fs.FileSystem$Cache.get(FileSystem.java:3520)
	at org.apache.hadoop.fs.FileSystem.get(FileSystem.java:540)
	at org.apache.hadoop.fs.FileSystem.get(FileSystem.java:288)
	at org.apache.hadoop.fs.FileSystem.get(FileSystem.java:524)
	at org.apache.hadoop.fs.Path.getFileSystem(Path.java:365)
	at org.apache.spark.sql.execution.datasources.DataSource.sourceSchema(DataSource.scala:246)
	at org.apache.spark.sql.execution.datasources.DataSource.sourceInfo$lzycompute(DataSource.scala:118)
	at org.apache.spark.sql.execution.datasources.DataSource.sourceInfo(DataSource.scala:118)
	at org.apache.spark.sql.execution.streaming.StreamingRelation$.apply(StreamingRelation.scala:36)
	at org.apache.spark.sql.streaming.DataStreamReader.loadInternal(DataStreamReader.scala:198)
	at org.apache.spark.sql.streaming.DataStreamReader.load(DataStreamReader.scala:212)
	at org.apache.spark.sql.streaming.DataStreamReader.csv(DataStreamReader.scala:260)
	at java.base/jdk.internal.reflect.NativeMethodAccessorImpl.invoke0(Native Method)
	at java.base/jdk.internal.reflect.NativeMethodAccessorImpl.invoke(NativeMethodAccessorImpl.java:77)
	at java.base/jdk.internal.reflect.DelegatingMethodAccessorImpl.invoke(DelegatingMethodAccessorImpl.java:43)
	at java.base/java.lang.reflect.Method.invoke(Method.java:568)
	at py4j.reflection.MethodInvoker.invoke(MethodInvoker.java:244)
	at py4j.reflection.ReflectionEngine.invoke(ReflectionEngine.java:374)
	at py4j.Gateway.invoke(Gateway.java:282)
	at py4j.commands.AbstractCommand.invokeMethod(AbstractCommand.java:132)
	at py4j.commands.CallCommand.execute(CallCommand.java:79)
	at py4j.ClientServerConnection.waitForCommands(ClientServerConnection.java:182)
	at py4j.ClientServerConnection.run(ClientServerConnection.java:106)
	at java.base/java.lang.Thread.run(Thread.java:840)
Caused by: javax.security.auth.login.LoginException: java.lang.NullPointerException: invalid null input: name
	at jdk.security.auth/com.sun.security.auth.UnixPrincipal.<init>(UnixPrincipal.java:71)
	at jdk.security.auth/com.sun.security.auth.module.UnixLoginModule.login(UnixLoginModule.java:134)
	at java.base/javax.security.auth.login.LoginContext.invoke(LoginContext.java:755)
	at java.base/javax.security.auth.login.LoginContext$4.run(LoginContext.java:679)
	at java.base/javax.security.auth.login.LoginContext$4.run(LoginContext.java:677)
	at java.base/java.security.AccessController.doPrivileged(AccessController.java:712)
	at java.base/javax.security.auth.login.LoginContext.invokePriv(LoginContext.java:677)
	at java.base/javax.security.auth.login.LoginContext.login(LoginContext.java:587)
	at org.apache.hadoop.security.UserGroupInformation$HadoopLoginContext.login(UserGroupInformation.java:2065)
	at org.apache.hadoop.security.UserGroupInformation.doSubjectLogin(UserGroupInformation.java:1975)
	at org.apache.hadoop.security.UserGroupInformation.createLoginUser(UserGroupInformation.java:719)
	at org.apache.hadoop.security.UserGroupInformation.getLoginUser(UserGroupInformation.java:669)
	at org.apache.hadoop.security.UserGroupInformation.getCurrentUser(UserGroupInformation.java:579)
	at org.apache.hadoop.fs.FileSystem$Cache$Key.<init>(FileSystem.java:3746)
	at org.apache.hadoop.fs.FileSystem$Cache$Key.<init>(FileSystem.java:3736)
	at org.apache.hadoop.fs.FileSystem$Cache.get(FileSystem.java:3520)
	at org.apache.hadoop.fs.FileSystem.get(FileSystem.java:540)
	at org.apache.hadoop.fs.FileSystem.get(FileSystem.java:288)
	at org.apache.hadoop.fs.FileSystem.get(FileSystem.java:524)
	at org.apache.hadoop.fs.Path.getFileSystem(Path.java:365)
	at org.apache.spark.sql.execution.datasources.DataSource.sourceSchema(DataSource.scala:246)
	at org.apache.spark.sql.execution.datasources.DataSource.sourceInfo$lzycompute(DataSource.scala:118)
	at org.apache.spark.sql.execution.datasources.DataSource.sourceInfo(DataSource.scala:118)
	at org.apache.spark.sql.execution.streaming.StreamingRelation$.apply(StreamingRelation.scala:36)
	at org.apache.spark.sql.streaming.DataStreamReader.loadInternal(DataStreamReader.scala:198)
	at org.apache.spark.sql.streaming.DataStreamReader.load(DataStreamReader.scala:212)
	at org.apache.spark.sql.streaming.DataStreamReader.csv(DataStreamReader.scala:260)
	at java.base/jdk.internal.reflect.NativeMethodAccessorImpl.invoke0(Native Method)
	at java.base/jdk.internal.reflect.NativeMethodAccessorImpl.invoke(NativeMethodAccessorImpl.java:77)
	at java.base/jdk.internal.reflect.DelegatingMethodAccessorImpl.invoke(DelegatingMethodAccessorImpl.java:43)
	at java.base/java.lang.reflect.Method.invoke(Method.java:568)
	at py4j.reflection.MethodInvoker.invoke(MethodInvoker.java:244)
	at py4j.reflection.ReflectionEngine.invoke(ReflectionEngine.java:374)
	at py4j.Gateway.invoke(Gateway.java:282)
	at py4j.commands.AbstractCommand.invokeMethod(AbstractCommand.java:132)
	at py4j.commands.CallCommand.execute(CallCommand.java:79)
	at py4j.ClientServerConnection.waitForCommands(ClientServerConnection.java:182)
	at py4j.ClientServerConnection.run(ClientServerConnection.java:106)
	at java.base/java.lang.Thread.run(Thread.java:840)

	at java.base/javax.security.auth.login.LoginContext.invoke(LoginContext.java:850)
	at java.base/javax.security.auth.login.LoginContext$4.run(LoginContext.java:679)
	at java.base/javax.security.auth.login.LoginContext$4.run(LoginContext.java:677)
	at java.base/java.security.AccessController.doPrivileged(AccessController.java:712)
	at java.base/javax.security.auth.login.LoginContext.invokePriv(LoginContext.java:677)
	at java.base/javax.security.auth.login.LoginContext.login(LoginContext.java:587)
	at org.apache.hadoop.security.UserGroupInformation$HadoopLoginContext.login(UserGroupInformation.java:2065)
	at org.apache.hadoop.security.UserGroupInformation.doSubjectLogin(UserGroupInformation.java:1975)
	... 29 more

2025-05-23 10:08:16,375 ERROR Application failed: An error occurred while calling o42.csv.
: org.apache.hadoop.security.KerberosAuthException: failure to login: javax.security.auth.login.LoginException: java.lang.NullPointerException: invalid null input: name
	at jdk.security.auth/com.sun.security.auth.UnixPrincipal.<init>(UnixPrincipal.java:71)
	at jdk.security.auth/com.sun.security.auth.module.UnixLoginModule.login(UnixLoginModule.java:134)
	at java.base/javax.security.auth.login.LoginContext.invoke(LoginContext.java:755)
	at java.base/javax.security.auth.login.LoginContext$4.run(LoginContext.java:679)
	at java.base/javax.security.auth.login.LoginContext$4.run(LoginContext.java:677)
	at java.base/java.security.AccessController.doPrivileged(AccessController.java:712)
	at java.base/javax.security.auth.login.LoginContext.invokePriv(LoginContext.java:677)
	at java.base/javax.security.auth.login.LoginContext.login(LoginContext.java:587)
	at org.apache.hadoop.security.UserGroupInformation$HadoopLoginContext.login(UserGroupInformation.java:2065)
	at org.apache.hadoop.security.UserGroupInformation.doSubjectLogin(UserGroupInformation.java:1975)
	at org.apache.hadoop.security.UserGroupInformation.createLoginUser(UserGroupInformation.java:719)
	at org.apache.hadoop.security.UserGroupInformation.getLoginUser(UserGroupInformation.java:669)
	at org.apache.hadoop.security.UserGroupInformation.getCurrentUser(UserGroupInformation.java:579)
	at org.apache.hadoop.fs.FileSystem$Cache$Key.<init>(FileSystem.java:3746)
	at org.apache.hadoop.fs.FileSystem$Cache$Key.<init>(FileSystem.java:3736)
	at org.apache.hadoop.fs.FileSystem$Cache.get(FileSystem.java:3520)
	at org.apache.hadoop.fs.FileSystem.get(FileSystem.java:540)
	at org.apache.hadoop.fs.FileSystem.get(FileSystem.java:288)
	at org.apache.hadoop.fs.FileSystem.get(FileSystem.java:524)
	at org.apache.hadoop.fs.Path.getFileSystem(Path.java:365)
	at org.apache.spark.sql.execution.datasources.DataSource.sourceSchema(DataSource.scala:246)
	at org.apache.spark.sql.execution.datasources.DataSource.sourceInfo$lzycompute(DataSource.scala:118)
	at org.apache.spark.sql.execution.datasources.DataSource.sourceInfo(DataSource.scala:118)
	at org.apache.spark.sql.execution.streaming.StreamingRelation$.apply(StreamingRelation.scala:36)
	at org.apache.spark.sql.streaming.DataStreamReader.loadInternal(DataStreamReader.scala:198)
	at org.apache.spark.sql.streaming.DataStreamReader.load(DataStreamReader.scala:212)
	at org.apache.spark.sql.streaming.DataStreamReader.csv(DataStreamReader.scala:260)
	at java.base/jdk.internal.reflect.NativeMethodAccessorImpl.invoke0(Native Method)
	at java.base/jdk.internal.reflect.NativeMethodAccessorImpl.invoke(NativeMethodAccessorImpl.java:77)
	at java.base/jdk.internal.reflect.DelegatingMethodAccessorImpl.invoke(DelegatingMethodAccessorImpl.java:43)
	at java.base/java.lang.reflect.Method.invoke(Method.java:568)
	at py4j.reflection.MethodInvoker.invoke(MethodInvoker.java:244)
	at py4j.reflection.ReflectionEngine.invoke(ReflectionEngine.java:374)
	at py4j.Gateway.invoke(Gateway.java:282)
	at py4j.commands.AbstractCommand.invokeMethod(AbstractCommand.java:132)
	at py4j.commands.CallCommand.execute(CallCommand.java:79)
	at py4j.ClientServerConnection.waitForCommands(ClientServerConnection.java:182)
	at py4j.ClientServerConnection.run(ClientServerConnection.java:106)
	at java.base/java.lang.Thread.run(Thread.java:840)

	at org.apache.hadoop.security.UserGroupInformation.doSubjectLogin(UserGroupInformation.java:1986)
	at org.apache.hadoop.security.UserGroupInformation.createLoginUser(UserGroupInformation.java:719)
	at org.apache.hadoop.security.UserGroupInformation.getLoginUser(UserGroupInformation.java:669)
	at org.apache.hadoop.security.UserGroupInformation.getCurrentUser(UserGroupInformation.java:579)
	at org.apache.hadoop.fs.FileSystem$Cache$Key.<init>(FileSystem.java:3746)
	at org.apache.hadoop.fs.FileSystem$Cache$Key.<init>(FileSystem.java:3736)
	at org.apache.hadoop.fs.FileSystem$Cache.get(FileSystem.java:3520)
	at org.apache.hadoop.fs.FileSystem.get(FileSystem.java:540)
	at org.apache.hadoop.fs.FileSystem.get(FileSystem.java:288)
	at org.apache.hadoop.fs.FileSystem.get(FileSystem.java:524)
	at org.apache.hadoop.fs.Path.getFileSystem(Path.java:365)
	at org.apache.spark.sql.execution.datasources.DataSource.sourceSchema(DataSource.scala:246)
	at org.apache.spark.sql.execution.datasources.DataSource.sourceInfo$lzycompute(DataSource.scala:118)
	at org.apache.spark.sql.execution.datasources.DataSource.sourceInfo(DataSource.scala:118)
	at org.apache.spark.sql.execution.streaming.StreamingRelation$.apply(StreamingRelation.scala:36)
	at org.apache.spark.sql.streaming.DataStreamReader.loadInternal(DataStreamReader.scala:198)
	at org.apache.spark.sql.streaming.DataStreamReader.load(DataStreamReader.scala:212)
	at org.apache.spark.sql.streaming.DataStreamReader.csv(DataStreamReader.scala:260)
	at java.base/jdk.internal.reflect.NativeMethodAccessorImpl.invoke0(Native Method)
	at java.base/jdk.internal.reflect.NativeMethodAccessorImpl.invoke(NativeMethodAccessorImpl.java:77)
	at java.base/jdk.internal.reflect.DelegatingMethodAccessorImpl.invoke(DelegatingMethodAccessorImpl.java:43)
	at java.base/java.lang.reflect.Method.invoke(Method.java:568)
	at py4j.reflection.MethodInvoker.invoke(MethodInvoker.java:244)
	at py4j.reflection.ReflectionEngine.invoke(ReflectionEngine.java:374)
	at py4j.Gateway.invoke(Gateway.java:282)
	at py4j.commands.AbstractCommand.invokeMethod(AbstractCommand.java:132)
	at py4j.commands.CallCommand.execute(CallCommand.java:79)
	at py4j.ClientServerConnection.waitForCommands(ClientServerConnection.java:182)
	at py4j.ClientServerConnection.run(ClientServerConnection.java:106)
	at java.base/java.lang.Thread.run(Thread.java:840)
Caused by: javax.security.auth.login.LoginException: java.lang.NullPointerException: invalid null input: name
	at jdk.security.auth/com.sun.security.auth.UnixPrincipal.<init>(UnixPrincipal.java:71)
	at jdk.security.auth/com.sun.security.auth.module.UnixLoginModule.login(UnixLoginModule.java:134)
	at java.base/javax.security.auth.login.LoginContext.invoke(LoginContext.java:755)
	at java.base/javax.security.auth.login.LoginContext$4.run(LoginContext.java:679)
	at java.base/javax.security.auth.login.LoginContext$4.run(LoginContext.java:677)
	at java.base/java.security.AccessController.doPrivileged(AccessController.java:712)
	at java.base/javax.security.auth.login.LoginContext.invokePriv(LoginContext.java:677)
	at java.base/javax.security.auth.login.LoginContext.login(LoginContext.java:587)
	at org.apache.hadoop.security.UserGroupInformation$HadoopLoginContext.login(UserGroupInformation.java:2065)
	at org.apache.hadoop.security.UserGroupInformation.doSubjectLogin(UserGroupInformation.java:1975)
	at org.apache.hadoop.security.UserGroupInformation.createLoginUser(UserGroupInformation.java:719)
	at org.apache.hadoop.security.UserGroupInformation.getLoginUser(UserGroupInformation.java:669)
	at org.apache.hadoop.security.UserGroupInformation.getCurrentUser(UserGroupInformation.java:579)
	at org.apache.hadoop.fs.FileSystem$Cache$Key.<init>(FileSystem.java:3746)
	at org.apache.hadoop.fs.FileSystem$Cache$Key.<init>(FileSystem.java:3736)
	at org.apache.hadoop.fs.FileSystem$Cache.get(FileSystem.java:3520)
	at org.apache.hadoop.fs.FileSystem.get(FileSystem.java:540)
	at org.apache.hadoop.fs.FileSystem.get(FileSystem.java:288)
	at org.apache.hadoop.fs.FileSystem.get(FileSystem.java:524)
	at org.apache.hadoop.fs.Path.getFileSystem(Path.java:365)
	at org.apache.spark.sql.execution.datasources.DataSource.sourceSchema(DataSource.scala:246)
	at org.apache.spark.sql.execution.datasources.DataSource.sourceInfo$lzycompute(DataSource.scala:118)
	at org.apache.spark.sql.execution.datasources.DataSource.sourceInfo(DataSource.scala:118)
	at org.apache.spark.sql.execution.streaming.StreamingRelation$.apply(StreamingRelation.scala:36)
	at org.apache.spark.sql.streaming.DataStreamReader.loadInternal(DataStreamReader.scala:198)
	at org.apache.spark.sql.streaming.DataStreamReader.load(DataStreamReader.scala:212)
	at org.apache.spark.sql.streaming.DataStreamReader.csv(DataStreamReader.scala:260)
	at java.base/jdk.internal.reflect.NativeMethodAccessorImpl.invoke0(Native Method)
	at java.base/jdk.internal.reflect.NativeMethodAccessorImpl.invoke(NativeMethodAccessorImpl.java:77)
	at java.base/jdk.internal.reflect.DelegatingMethodAccessorImpl.invoke(DelegatingMethodAccessorImpl.java:43)
	at java.base/java.lang.reflect.Method.invoke(Method.java:568)
	at py4j.reflection.MethodInvoker.invoke(MethodInvoker.java:244)
	at py4j.reflection.ReflectionEngine.invoke(ReflectionEngine.java:374)
	at py4j.Gateway.invoke(Gateway.java:282)
	at py4j.commands.AbstractCommand.invokeMethod(AbstractCommand.java:132)
	at py4j.commands.CallCommand.execute(CallCommand.java:79)
	at py4j.ClientServerConnection.waitForCommands(ClientServerConnection.java:182)
	at py4j.ClientServerConnection.run(ClientServerConnection.java:106)
	at java.base/java.lang.Thread.run(Thread.java:840)

	at java.base/javax.security.auth.login.LoginContext.invoke(LoginContext.java:850)
	at java.base/javax.security.auth.login.LoginContext$4.run(LoginContext.java:679)
	at java.base/javax.security.auth.login.LoginContext$4.run(LoginContext.java:677)
	at java.base/java.security.AccessController.doPrivileged(AccessController.java:712)
	at java.base/javax.security.auth.login.LoginContext.invokePriv(LoginContext.java:677)
	at java.base/javax.security.auth.login.LoginContext.login(LoginContext.java:587)
	at org.apache.hadoop.security.UserGroupInformation$HadoopLoginContext.login(UserGroupInformation.java:2065)
	at org.apache.hadoop.security.UserGroupInformation.doSubjectLogin(UserGroupInformation.java:1975)
	... 29 more

2025-05-23 10:08:16,438 INFO Closing down clientserver connection
2025-05-23 10:08:25,375 INFO SparkSession initialized
2025-05-23 10:08:27,954 ERROR Failed to read streaming data: An error occurred while calling o42.csv.
: org.apache.hadoop.security.KerberosAuthException: failure to login: javax.security.auth.login.LoginException: java.lang.NullPointerException: invalid null input: name
	at jdk.security.auth/com.sun.security.auth.UnixPrincipal.<init>(UnixPrincipal.java:71)
	at jdk.security.auth/com.sun.security.auth.module.UnixLoginModule.login(UnixLoginModule.java:134)
	at java.base/javax.security.auth.login.LoginContext.invoke(LoginContext.java:755)
	at java.base/javax.security.auth.login.LoginContext$4.run(LoginContext.java:679)
	at java.base/javax.security.auth.login.LoginContext$4.run(LoginContext.java:677)
	at java.base/java.security.AccessController.doPrivileged(AccessController.java:712)
	at java.base/javax.security.auth.login.LoginContext.invokePriv(LoginContext.java:677)
	at java.base/javax.security.auth.login.LoginContext.login(LoginContext.java:587)
	at org.apache.hadoop.security.UserGroupInformation$HadoopLoginContext.login(UserGroupInformation.java:2065)
	at org.apache.hadoop.security.UserGroupInformation.doSubjectLogin(UserGroupInformation.java:1975)
	at org.apache.hadoop.security.UserGroupInformation.createLoginUser(UserGroupInformation.java:719)
	at org.apache.hadoop.security.UserGroupInformation.getLoginUser(UserGroupInformation.java:669)
	at org.apache.hadoop.security.UserGroupInformation.getCurrentUser(UserGroupInformation.java:579)
	at org.apache.hadoop.fs.FileSystem$Cache$Key.<init>(FileSystem.java:3746)
	at org.apache.hadoop.fs.FileSystem$Cache$Key.<init>(FileSystem.java:3736)
	at org.apache.hadoop.fs.FileSystem$Cache.get(FileSystem.java:3520)
	at org.apache.hadoop.fs.FileSystem.get(FileSystem.java:540)
	at org.apache.hadoop.fs.FileSystem.get(FileSystem.java:288)
	at org.apache.hadoop.fs.FileSystem.get(FileSystem.java:524)
	at org.apache.hadoop.fs.Path.getFileSystem(Path.java:365)
	at org.apache.spark.sql.execution.datasources.DataSource.sourceSchema(DataSource.scala:246)
	at org.apache.spark.sql.execution.datasources.DataSource.sourceInfo$lzycompute(DataSource.scala:118)
	at org.apache.spark.sql.execution.datasources.DataSource.sourceInfo(DataSource.scala:118)
	at org.apache.spark.sql.execution.streaming.StreamingRelation$.apply(StreamingRelation.scala:36)
	at org.apache.spark.sql.streaming.DataStreamReader.loadInternal(DataStreamReader.scala:198)
	at org.apache.spark.sql.streaming.DataStreamReader.load(DataStreamReader.scala:212)
	at org.apache.spark.sql.streaming.DataStreamReader.csv(DataStreamReader.scala:260)
	at java.base/jdk.internal.reflect.NativeMethodAccessorImpl.invoke0(Native Method)
	at java.base/jdk.internal.reflect.NativeMethodAccessorImpl.invoke(NativeMethodAccessorImpl.java:77)
	at java.base/jdk.internal.reflect.DelegatingMethodAccessorImpl.invoke(DelegatingMethodAccessorImpl.java:43)
	at java.base/java.lang.reflect.Method.invoke(Method.java:568)
	at py4j.reflection.MethodInvoker.invoke(MethodInvoker.java:244)
	at py4j.reflection.ReflectionEngine.invoke(ReflectionEngine.java:374)
	at py4j.Gateway.invoke(Gateway.java:282)
	at py4j.commands.AbstractCommand.invokeMethod(AbstractCommand.java:132)
	at py4j.commands.CallCommand.execute(CallCommand.java:79)
	at py4j.ClientServerConnection.waitForCommands(ClientServerConnection.java:182)
	at py4j.ClientServerConnection.run(ClientServerConnection.java:106)
	at java.base/java.lang.Thread.run(Thread.java:840)

	at org.apache.hadoop.security.UserGroupInformation.doSubjectLogin(UserGroupInformation.java:1986)
	at org.apache.hadoop.security.UserGroupInformation.createLoginUser(UserGroupInformation.java:719)
	at org.apache.hadoop.security.UserGroupInformation.getLoginUser(UserGroupInformation.java:669)
	at org.apache.hadoop.security.UserGroupInformation.getCurrentUser(UserGroupInformation.java:579)
	at org.apache.hadoop.fs.FileSystem$Cache$Key.<init>(FileSystem.java:3746)
	at org.apache.hadoop.fs.FileSystem$Cache$Key.<init>(FileSystem.java:3736)
	at org.apache.hadoop.fs.FileSystem$Cache.get(FileSystem.java:3520)
	at org.apache.hadoop.fs.FileSystem.get(FileSystem.java:540)
	at org.apache.hadoop.fs.FileSystem.get(FileSystem.java:288)
	at org.apache.hadoop.fs.FileSystem.get(FileSystem.java:524)
	at org.apache.hadoop.fs.Path.getFileSystem(Path.java:365)
	at org.apache.spark.sql.execution.datasources.DataSource.sourceSchema(DataSource.scala:246)
	at org.apache.spark.sql.execution.datasources.DataSource.sourceInfo$lzycompute(DataSource.scala:118)
	at org.apache.spark.sql.execution.datasources.DataSource.sourceInfo(DataSource.scala:118)
	at org.apache.spark.sql.execution.streaming.StreamingRelation$.apply(StreamingRelation.scala:36)
	at org.apache.spark.sql.streaming.DataStreamReader.loadInternal(DataStreamReader.scala:198)
	at org.apache.spark.sql.streaming.DataStreamReader.load(DataStreamReader.scala:212)
	at org.apache.spark.sql.streaming.DataStreamReader.csv(DataStreamReader.scala:260)
	at java.base/jdk.internal.reflect.NativeMethodAccessorImpl.invoke0(Native Method)
	at java.base/jdk.internal.reflect.NativeMethodAccessorImpl.invoke(NativeMethodAccessorImpl.java:77)
	at java.base/jdk.internal.reflect.DelegatingMethodAccessorImpl.invoke(DelegatingMethodAccessorImpl.java:43)
	at java.base/java.lang.reflect.Method.invoke(Method.java:568)
	at py4j.reflection.MethodInvoker.invoke(MethodInvoker.java:244)
	at py4j.reflection.ReflectionEngine.invoke(ReflectionEngine.java:374)
	at py4j.Gateway.invoke(Gateway.java:282)
	at py4j.commands.AbstractCommand.invokeMethod(AbstractCommand.java:132)
	at py4j.commands.CallCommand.execute(CallCommand.java:79)
	at py4j.ClientServerConnection.waitForCommands(ClientServerConnection.java:182)
	at py4j.ClientServerConnection.run(ClientServerConnection.java:106)
	at java.base/java.lang.Thread.run(Thread.java:840)
Caused by: javax.security.auth.login.LoginException: java.lang.NullPointerException: invalid null input: name
	at jdk.security.auth/com.sun.security.auth.UnixPrincipal.<init>(UnixPrincipal.java:71)
	at jdk.security.auth/com.sun.security.auth.module.UnixLoginModule.login(UnixLoginModule.java:134)
	at java.base/javax.security.auth.login.LoginContext.invoke(LoginContext.java:755)
	at java.base/javax.security.auth.login.LoginContext$4.run(LoginContext.java:679)
	at java.base/javax.security.auth.login.LoginContext$4.run(LoginContext.java:677)
	at java.base/java.security.AccessController.doPrivileged(AccessController.java:712)
	at java.base/javax.security.auth.login.LoginContext.invokePriv(LoginContext.java:677)
	at java.base/javax.security.auth.login.LoginContext.login(LoginContext.java:587)
	at org.apache.hadoop.security.UserGroupInformation$HadoopLoginContext.login(UserGroupInformation.java:2065)
	at org.apache.hadoop.security.UserGroupInformation.doSubjectLogin(UserGroupInformation.java:1975)
	at org.apache.hadoop.security.UserGroupInformation.createLoginUser(UserGroupInformation.java:719)
	at org.apache.hadoop.security.UserGroupInformation.getLoginUser(UserGroupInformation.java:669)
	at org.apache.hadoop.security.UserGroupInformation.getCurrentUser(UserGroupInformation.java:579)
	at org.apache.hadoop.fs.FileSystem$Cache$Key.<init>(FileSystem.java:3746)
	at org.apache.hadoop.fs.FileSystem$Cache$Key.<init>(FileSystem.java:3736)
	at org.apache.hadoop.fs.FileSystem$Cache.get(FileSystem.java:3520)
	at org.apache.hadoop.fs.FileSystem.get(FileSystem.java:540)
	at org.apache.hadoop.fs.FileSystem.get(FileSystem.java:288)
	at org.apache.hadoop.fs.FileSystem.get(FileSystem.java:524)
	at org.apache.hadoop.fs.Path.getFileSystem(Path.java:365)
	at org.apache.spark.sql.execution.datasources.DataSource.sourceSchema(DataSource.scala:246)
	at org.apache.spark.sql.execution.datasources.DataSource.sourceInfo$lzycompute(DataSource.scala:118)
	at org.apache.spark.sql.execution.datasources.DataSource.sourceInfo(DataSource.scala:118)
	at org.apache.spark.sql.execution.streaming.StreamingRelation$.apply(StreamingRelation.scala:36)
	at org.apache.spark.sql.streaming.DataStreamReader.loadInternal(DataStreamReader.scala:198)
	at org.apache.spark.sql.streaming.DataStreamReader.load(DataStreamReader.scala:212)
	at org.apache.spark.sql.streaming.DataStreamReader.csv(DataStreamReader.scala:260)
	at java.base/jdk.internal.reflect.NativeMethodAccessorImpl.invoke0(Native Method)
	at java.base/jdk.internal.reflect.NativeMethodAccessorImpl.invoke(NativeMethodAccessorImpl.java:77)
	at java.base/jdk.internal.reflect.DelegatingMethodAccessorImpl.invoke(DelegatingMethodAccessorImpl.java:43)
	at java.base/java.lang.reflect.Method.invoke(Method.java:568)
	at py4j.reflection.MethodInvoker.invoke(MethodInvoker.java:244)
	at py4j.reflection.ReflectionEngine.invoke(ReflectionEngine.java:374)
	at py4j.Gateway.invoke(Gateway.java:282)
	at py4j.commands.AbstractCommand.invokeMethod(AbstractCommand.java:132)
	at py4j.commands.CallCommand.execute(CallCommand.java:79)
	at py4j.ClientServerConnection.waitForCommands(ClientServerConnection.java:182)
	at py4j.ClientServerConnection.run(ClientServerConnection.java:106)
	at java.base/java.lang.Thread.run(Thread.java:840)

	at java.base/javax.security.auth.login.LoginContext.invoke(LoginContext.java:850)
	at java.base/javax.security.auth.login.LoginContext$4.run(LoginContext.java:679)
	at java.base/javax.security.auth.login.LoginContext$4.run(LoginContext.java:677)
	at java.base/java.security.AccessController.doPrivileged(AccessController.java:712)
	at java.base/javax.security.auth.login.LoginContext.invokePriv(LoginContext.java:677)
	at java.base/javax.security.auth.login.LoginContext.login(LoginContext.java:587)
	at org.apache.hadoop.security.UserGroupInformation$HadoopLoginContext.login(UserGroupInformation.java:2065)
	at org.apache.hadoop.security.UserGroupInformation.doSubjectLogin(UserGroupInformation.java:1975)
	... 29 more

2025-05-23 10:08:28,165 ERROR Application failed: An error occurred while calling o42.csv.
: org.apache.hadoop.security.KerberosAuthException: failure to login: javax.security.auth.login.LoginException: java.lang.NullPointerException: invalid null input: name
	at jdk.security.auth/com.sun.security.auth.UnixPrincipal.<init>(UnixPrincipal.java:71)
	at jdk.security.auth/com.sun.security.auth.module.UnixLoginModule.login(UnixLoginModule.java:134)
	at java.base/javax.security.auth.login.LoginContext.invoke(LoginContext.java:755)
	at java.base/javax.security.auth.login.LoginContext$4.run(LoginContext.java:679)
	at java.base/javax.security.auth.login.LoginContext$4.run(LoginContext.java:677)
	at java.base/java.security.AccessController.doPrivileged(AccessController.java:712)
	at java.base/javax.security.auth.login.LoginContext.invokePriv(LoginContext.java:677)
	at java.base/javax.security.auth.login.LoginContext.login(LoginContext.java:587)
	at org.apache.hadoop.security.UserGroupInformation$HadoopLoginContext.login(UserGroupInformation.java:2065)
	at org.apache.hadoop.security.UserGroupInformation.doSubjectLogin(UserGroupInformation.java:1975)
	at org.apache.hadoop.security.UserGroupInformation.createLoginUser(UserGroupInformation.java:719)
	at org.apache.hadoop.security.UserGroupInformation.getLoginUser(UserGroupInformation.java:669)
	at org.apache.hadoop.security.UserGroupInformation.getCurrentUser(UserGroupInformation.java:579)
	at org.apache.hadoop.fs.FileSystem$Cache$Key.<init>(FileSystem.java:3746)
	at org.apache.hadoop.fs.FileSystem$Cache$Key.<init>(FileSystem.java:3736)
	at org.apache.hadoop.fs.FileSystem$Cache.get(FileSystem.java:3520)
	at org.apache.hadoop.fs.FileSystem.get(FileSystem.java:540)
	at org.apache.hadoop.fs.FileSystem.get(FileSystem.java:288)
	at org.apache.hadoop.fs.FileSystem.get(FileSystem.java:524)
	at org.apache.hadoop.fs.Path.getFileSystem(Path.java:365)
	at org.apache.spark.sql.execution.datasources.DataSource.sourceSchema(DataSource.scala:246)
	at org.apache.spark.sql.execution.datasources.DataSource.sourceInfo$lzycompute(DataSource.scala:118)
	at org.apache.spark.sql.execution.datasources.DataSource.sourceInfo(DataSource.scala:118)
	at org.apache.spark.sql.execution.streaming.StreamingRelation$.apply(StreamingRelation.scala:36)
	at org.apache.spark.sql.streaming.DataStreamReader.loadInternal(DataStreamReader.scala:198)
	at org.apache.spark.sql.streaming.DataStreamReader.load(DataStreamReader.scala:212)
	at org.apache.spark.sql.streaming.DataStreamReader.csv(DataStreamReader.scala:260)
	at java.base/jdk.internal.reflect.NativeMethodAccessorImpl.invoke0(Native Method)
	at java.base/jdk.internal.reflect.NativeMethodAccessorImpl.invoke(NativeMethodAccessorImpl.java:77)
	at java.base/jdk.internal.reflect.DelegatingMethodAccessorImpl.invoke(DelegatingMethodAccessorImpl.java:43)
	at java.base/java.lang.reflect.Method.invoke(Method.java:568)
	at py4j.reflection.MethodInvoker.invoke(MethodInvoker.java:244)
	at py4j.reflection.ReflectionEngine.invoke(ReflectionEngine.java:374)
	at py4j.Gateway.invoke(Gateway.java:282)
	at py4j.commands.AbstractCommand.invokeMethod(AbstractCommand.java:132)
	at py4j.commands.CallCommand.execute(CallCommand.java:79)
	at py4j.ClientServerConnection.waitForCommands(ClientServerConnection.java:182)
	at py4j.ClientServerConnection.run(ClientServerConnection.java:106)
	at java.base/java.lang.Thread.run(Thread.java:840)

	at org.apache.hadoop.security.UserGroupInformation.doSubjectLogin(UserGroupInformation.java:1986)
	at org.apache.hadoop.security.UserGroupInformation.createLoginUser(UserGroupInformation.java:719)
	at org.apache.hadoop.security.UserGroupInformation.getLoginUser(UserGroupInformation.java:669)
	at org.apache.hadoop.security.UserGroupInformation.getCurrentUser(UserGroupInformation.java:579)
	at org.apache.hadoop.fs.FileSystem$Cache$Key.<init>(FileSystem.java:3746)
	at org.apache.hadoop.fs.FileSystem$Cache$Key.<init>(FileSystem.java:3736)
	at org.apache.hadoop.fs.FileSystem$Cache.get(FileSystem.java:3520)
	at org.apache.hadoop.fs.FileSystem.get(FileSystem.java:540)
	at org.apache.hadoop.fs.FileSystem.get(FileSystem.java:288)
	at org.apache.hadoop.fs.FileSystem.get(FileSystem.java:524)
	at org.apache.hadoop.fs.Path.getFileSystem(Path.java:365)
	at org.apache.spark.sql.execution.datasources.DataSource.sourceSchema(DataSource.scala:246)
	at org.apache.spark.sql.execution.datasources.DataSource.sourceInfo$lzycompute(DataSource.scala:118)
	at org.apache.spark.sql.execution.datasources.DataSource.sourceInfo(DataSource.scala:118)
	at org.apache.spark.sql.execution.streaming.StreamingRelation$.apply(StreamingRelation.scala:36)
	at org.apache.spark.sql.streaming.DataStreamReader.loadInternal(DataStreamReader.scala:198)
	at org.apache.spark.sql.streaming.DataStreamReader.load(DataStreamReader.scala:212)
	at org.apache.spark.sql.streaming.DataStreamReader.csv(DataStreamReader.scala:260)
	at java.base/jdk.internal.reflect.NativeMethodAccessorImpl.invoke0(Native Method)
	at java.base/jdk.internal.reflect.NativeMethodAccessorImpl.invoke(NativeMethodAccessorImpl.java:77)
	at java.base/jdk.internal.reflect.DelegatingMethodAccessorImpl.invoke(DelegatingMethodAccessorImpl.java:43)
	at java.base/java.lang.reflect.Method.invoke(Method.java:568)
	at py4j.reflection.MethodInvoker.invoke(MethodInvoker.java:244)
	at py4j.reflection.ReflectionEngine.invoke(ReflectionEngine.java:374)
	at py4j.Gateway.invoke(Gateway.java:282)
	at py4j.commands.AbstractCommand.invokeMethod(AbstractCommand.java:132)
	at py4j.commands.CallCommand.execute(CallCommand.java:79)
	at py4j.ClientServerConnection.waitForCommands(ClientServerConnection.java:182)
	at py4j.ClientServerConnection.run(ClientServerConnection.java:106)
	at java.base/java.lang.Thread.run(Thread.java:840)
Caused by: javax.security.auth.login.LoginException: java.lang.NullPointerException: invalid null input: name
	at jdk.security.auth/com.sun.security.auth.UnixPrincipal.<init>(UnixPrincipal.java:71)
	at jdk.security.auth/com.sun.security.auth.module.UnixLoginModule.login(UnixLoginModule.java:134)
	at java.base/javax.security.auth.login.LoginContext.invoke(LoginContext.java:755)
	at java.base/javax.security.auth.login.LoginContext$4.run(LoginContext.java:679)
	at java.base/javax.security.auth.login.LoginContext$4.run(LoginContext.java:677)
	at java.base/java.security.AccessController.doPrivileged(AccessController.java:712)
	at java.base/javax.security.auth.login.LoginContext.invokePriv(LoginContext.java:677)
	at java.base/javax.security.auth.login.LoginContext.login(LoginContext.java:587)
	at org.apache.hadoop.security.UserGroupInformation$HadoopLoginContext.login(UserGroupInformation.java:2065)
	at org.apache.hadoop.security.UserGroupInformation.doSubjectLogin(UserGroupInformation.java:1975)
	at org.apache.hadoop.security.UserGroupInformation.createLoginUser(UserGroupInformation.java:719)
	at org.apache.hadoop.security.UserGroupInformation.getLoginUser(UserGroupInformation.java:669)
	at org.apache.hadoop.security.UserGroupInformation.getCurrentUser(UserGroupInformation.java:579)
	at org.apache.hadoop.fs.FileSystem$Cache$Key.<init>(FileSystem.java:3746)
	at org.apache.hadoop.fs.FileSystem$Cache$Key.<init>(FileSystem.java:3736)
	at org.apache.hadoop.fs.FileSystem$Cache.get(FileSystem.java:3520)
	at org.apache.hadoop.fs.FileSystem.get(FileSystem.java:540)
	at org.apache.hadoop.fs.FileSystem.get(FileSystem.java:288)
	at org.apache.hadoop.fs.FileSystem.get(FileSystem.java:524)
	at org.apache.hadoop.fs.Path.getFileSystem(Path.java:365)
	at org.apache.spark.sql.execution.datasources.DataSource.sourceSchema(DataSource.scala:246)
	at org.apache.spark.sql.execution.datasources.DataSource.sourceInfo$lzycompute(DataSource.scala:118)
	at org.apache.spark.sql.execution.datasources.DataSource.sourceInfo(DataSource.scala:118)
	at org.apache.spark.sql.execution.streaming.StreamingRelation$.apply(StreamingRelation.scala:36)
	at org.apache.spark.sql.streaming.DataStreamReader.loadInternal(DataStreamReader.scala:198)
	at org.apache.spark.sql.streaming.DataStreamReader.load(DataStreamReader.scala:212)
	at org.apache.spark.sql.streaming.DataStreamReader.csv(DataStreamReader.scala:260)
	at java.base/jdk.internal.reflect.NativeMethodAccessorImpl.invoke0(Native Method)
	at java.base/jdk.internal.reflect.NativeMethodAccessorImpl.invoke(NativeMethodAccessorImpl.java:77)
	at java.base/jdk.internal.reflect.DelegatingMethodAccessorImpl.invoke(DelegatingMethodAccessorImpl.java:43)
	at java.base/java.lang.reflect.Method.invoke(Method.java:568)
	at py4j.reflection.MethodInvoker.invoke(MethodInvoker.java:244)
	at py4j.reflection.ReflectionEngine.invoke(ReflectionEngine.java:374)
	at py4j.Gateway.invoke(Gateway.java:282)
	at py4j.commands.AbstractCommand.invokeMethod(AbstractCommand.java:132)
	at py4j.commands.CallCommand.execute(CallCommand.java:79)
	at py4j.ClientServerConnection.waitForCommands(ClientServerConnection.java:182)
	at py4j.ClientServerConnection.run(ClientServerConnection.java:106)
	at java.base/java.lang.Thread.run(Thread.java:840)

	at java.base/javax.security.auth.login.LoginContext.invoke(LoginContext.java:850)
	at java.base/javax.security.auth.login.LoginContext$4.run(LoginContext.java:679)
	at java.base/javax.security.auth.login.LoginContext$4.run(LoginContext.java:677)
	at java.base/java.security.AccessController.doPrivileged(AccessController.java:712)
	at java.base/javax.security.auth.login.LoginContext.invokePriv(LoginContext.java:677)
	at java.base/javax.security.auth.login.LoginContext.login(LoginContext.java:587)
	at org.apache.hadoop.security.UserGroupInformation$HadoopLoginContext.login(UserGroupInformation.java:2065)
	at org.apache.hadoop.security.UserGroupInformation.doSubjectLogin(UserGroupInformation.java:1975)
	... 29 more

2025-05-23 10:08:28,228 INFO Closing down clientserver connection
2025-05-23 10:08:37,467 INFO SparkSession initialized
2025-05-23 10:08:39,644 ERROR Failed to read streaming data: An error occurred while calling o42.csv.
: org.apache.hadoop.security.KerberosAuthException: failure to login: javax.security.auth.login.LoginException: java.lang.NullPointerException: invalid null input: name
	at jdk.security.auth/com.sun.security.auth.UnixPrincipal.<init>(UnixPrincipal.java:71)
	at jdk.security.auth/com.sun.security.auth.module.UnixLoginModule.login(UnixLoginModule.java:134)
	at java.base/javax.security.auth.login.LoginContext.invoke(LoginContext.java:755)
	at java.base/javax.security.auth.login.LoginContext$4.run(LoginContext.java:679)
	at java.base/javax.security.auth.login.LoginContext$4.run(LoginContext.java:677)
	at java.base/java.security.AccessController.doPrivileged(AccessController.java:712)
	at java.base/javax.security.auth.login.LoginContext.invokePriv(LoginContext.java:677)
	at java.base/javax.security.auth.login.LoginContext.login(LoginContext.java:587)
	at org.apache.hadoop.security.UserGroupInformation$HadoopLoginContext.login(UserGroupInformation.java:2065)
	at org.apache.hadoop.security.UserGroupInformation.doSubjectLogin(UserGroupInformation.java:1975)
	at org.apache.hadoop.security.UserGroupInformation.createLoginUser(UserGroupInformation.java:719)
	at org.apache.hadoop.security.UserGroupInformation.getLoginUser(UserGroupInformation.java:669)
	at org.apache.hadoop.security.UserGroupInformation.getCurrentUser(UserGroupInformation.java:579)
	at org.apache.hadoop.fs.FileSystem$Cache$Key.<init>(FileSystem.java:3746)
	at org.apache.hadoop.fs.FileSystem$Cache$Key.<init>(FileSystem.java:3736)
	at org.apache.hadoop.fs.FileSystem$Cache.get(FileSystem.java:3520)
	at org.apache.hadoop.fs.FileSystem.get(FileSystem.java:540)
	at org.apache.hadoop.fs.FileSystem.get(FileSystem.java:288)
	at org.apache.hadoop.fs.FileSystem.get(FileSystem.java:524)
	at org.apache.hadoop.fs.Path.getFileSystem(Path.java:365)
	at org.apache.spark.sql.execution.datasources.DataSource.sourceSchema(DataSource.scala:246)
	at org.apache.spark.sql.execution.datasources.DataSource.sourceInfo$lzycompute(DataSource.scala:118)
	at org.apache.spark.sql.execution.datasources.DataSource.sourceInfo(DataSource.scala:118)
	at org.apache.spark.sql.execution.streaming.StreamingRelation$.apply(StreamingRelation.scala:36)
	at org.apache.spark.sql.streaming.DataStreamReader.loadInternal(DataStreamReader.scala:198)
	at org.apache.spark.sql.streaming.DataStreamReader.load(DataStreamReader.scala:212)
	at org.apache.spark.sql.streaming.DataStreamReader.csv(DataStreamReader.scala:260)
	at java.base/jdk.internal.reflect.NativeMethodAccessorImpl.invoke0(Native Method)
	at java.base/jdk.internal.reflect.NativeMethodAccessorImpl.invoke(NativeMethodAccessorImpl.java:77)
	at java.base/jdk.internal.reflect.DelegatingMethodAccessorImpl.invoke(DelegatingMethodAccessorImpl.java:43)
	at java.base/java.lang.reflect.Method.invoke(Method.java:568)
	at py4j.reflection.MethodInvoker.invoke(MethodInvoker.java:244)
	at py4j.reflection.ReflectionEngine.invoke(ReflectionEngine.java:374)
	at py4j.Gateway.invoke(Gateway.java:282)
	at py4j.commands.AbstractCommand.invokeMethod(AbstractCommand.java:132)
	at py4j.commands.CallCommand.execute(CallCommand.java:79)
	at py4j.ClientServerConnection.waitForCommands(ClientServerConnection.java:182)
	at py4j.ClientServerConnection.run(ClientServerConnection.java:106)
	at java.base/java.lang.Thread.run(Thread.java:840)

	at org.apache.hadoop.security.UserGroupInformation.doSubjectLogin(UserGroupInformation.java:1986)
	at org.apache.hadoop.security.UserGroupInformation.createLoginUser(UserGroupInformation.java:719)
	at org.apache.hadoop.security.UserGroupInformation.getLoginUser(UserGroupInformation.java:669)
	at org.apache.hadoop.security.UserGroupInformation.getCurrentUser(UserGroupInformation.java:579)
	at org.apache.hadoop.fs.FileSystem$Cache$Key.<init>(FileSystem.java:3746)
	at org.apache.hadoop.fs.FileSystem$Cache$Key.<init>(FileSystem.java:3736)
	at org.apache.hadoop.fs.FileSystem$Cache.get(FileSystem.java:3520)
	at org.apache.hadoop.fs.FileSystem.get(FileSystem.java:540)
	at org.apache.hadoop.fs.FileSystem.get(FileSystem.java:288)
	at org.apache.hadoop.fs.FileSystem.get(FileSystem.java:524)
	at org.apache.hadoop.fs.Path.getFileSystem(Path.java:365)
	at org.apache.spark.sql.execution.datasources.DataSource.sourceSchema(DataSource.scala:246)
	at org.apache.spark.sql.execution.datasources.DataSource.sourceInfo$lzycompute(DataSource.scala:118)
	at org.apache.spark.sql.execution.datasources.DataSource.sourceInfo(DataSource.scala:118)
	at org.apache.spark.sql.execution.streaming.StreamingRelation$.apply(StreamingRelation.scala:36)
	at org.apache.spark.sql.streaming.DataStreamReader.loadInternal(DataStreamReader.scala:198)
	at org.apache.spark.sql.streaming.DataStreamReader.load(DataStreamReader.scala:212)
	at org.apache.spark.sql.streaming.DataStreamReader.csv(DataStreamReader.scala:260)
	at java.base/jdk.internal.reflect.NativeMethodAccessorImpl.invoke0(Native Method)
	at java.base/jdk.internal.reflect.NativeMethodAccessorImpl.invoke(NativeMethodAccessorImpl.java:77)
	at java.base/jdk.internal.reflect.DelegatingMethodAccessorImpl.invoke(DelegatingMethodAccessorImpl.java:43)
	at java.base/java.lang.reflect.Method.invoke(Method.java:568)
	at py4j.reflection.MethodInvoker.invoke(MethodInvoker.java:244)
	at py4j.reflection.ReflectionEngine.invoke(ReflectionEngine.java:374)
	at py4j.Gateway.invoke(Gateway.java:282)
	at py4j.commands.AbstractCommand.invokeMethod(AbstractCommand.java:132)
	at py4j.commands.CallCommand.execute(CallCommand.java:79)
	at py4j.ClientServerConnection.waitForCommands(ClientServerConnection.java:182)
	at py4j.ClientServerConnection.run(ClientServerConnection.java:106)
	at java.base/java.lang.Thread.run(Thread.java:840)
Caused by: javax.security.auth.login.LoginException: java.lang.NullPointerException: invalid null input: name
	at jdk.security.auth/com.sun.security.auth.UnixPrincipal.<init>(UnixPrincipal.java:71)
	at jdk.security.auth/com.sun.security.auth.module.UnixLoginModule.login(UnixLoginModule.java:134)
	at java.base/javax.security.auth.login.LoginContext.invoke(LoginContext.java:755)
	at java.base/javax.security.auth.login.LoginContext$4.run(LoginContext.java:679)
	at java.base/javax.security.auth.login.LoginContext$4.run(LoginContext.java:677)
	at java.base/java.security.AccessController.doPrivileged(AccessController.java:712)
	at java.base/javax.security.auth.login.LoginContext.invokePriv(LoginContext.java:677)
	at java.base/javax.security.auth.login.LoginContext.login(LoginContext.java:587)
	at org.apache.hadoop.security.UserGroupInformation$HadoopLoginContext.login(UserGroupInformation.java:2065)
	at org.apache.hadoop.security.UserGroupInformation.doSubjectLogin(UserGroupInformation.java:1975)
	at org.apache.hadoop.security.UserGroupInformation.createLoginUser(UserGroupInformation.java:719)
	at org.apache.hadoop.security.UserGroupInformation.getLoginUser(UserGroupInformation.java:669)
	at org.apache.hadoop.security.UserGroupInformation.getCurrentUser(UserGroupInformation.java:579)
	at org.apache.hadoop.fs.FileSystem$Cache$Key.<init>(FileSystem.java:3746)
	at org.apache.hadoop.fs.FileSystem$Cache$Key.<init>(FileSystem.java:3736)
	at org.apache.hadoop.fs.FileSystem$Cache.get(FileSystem.java:3520)
	at org.apache.hadoop.fs.FileSystem.get(FileSystem.java:540)
	at org.apache.hadoop.fs.FileSystem.get(FileSystem.java:288)
	at org.apache.hadoop.fs.FileSystem.get(FileSystem.java:524)
	at org.apache.hadoop.fs.Path.getFileSystem(Path.java:365)
	at org.apache.spark.sql.execution.datasources.DataSource.sourceSchema(DataSource.scala:246)
	at org.apache.spark.sql.execution.datasources.DataSource.sourceInfo$lzycompute(DataSource.scala:118)
	at org.apache.spark.sql.execution.datasources.DataSource.sourceInfo(DataSource.scala:118)
	at org.apache.spark.sql.execution.streaming.StreamingRelation$.apply(StreamingRelation.scala:36)
	at org.apache.spark.sql.streaming.DataStreamReader.loadInternal(DataStreamReader.scala:198)
	at org.apache.spark.sql.streaming.DataStreamReader.load(DataStreamReader.scala:212)
	at org.apache.spark.sql.streaming.DataStreamReader.csv(DataStreamReader.scala:260)
	at java.base/jdk.internal.reflect.NativeMethodAccessorImpl.invoke0(Native Method)
	at java.base/jdk.internal.reflect.NativeMethodAccessorImpl.invoke(NativeMethodAccessorImpl.java:77)
	at java.base/jdk.internal.reflect.DelegatingMethodAccessorImpl.invoke(DelegatingMethodAccessorImpl.java:43)
	at java.base/java.lang.reflect.Method.invoke(Method.java:568)
	at py4j.reflection.MethodInvoker.invoke(MethodInvoker.java:244)
	at py4j.reflection.ReflectionEngine.invoke(ReflectionEngine.java:374)
	at py4j.Gateway.invoke(Gateway.java:282)
	at py4j.commands.AbstractCommand.invokeMethod(AbstractCommand.java:132)
	at py4j.commands.CallCommand.execute(CallCommand.java:79)
	at py4j.ClientServerConnection.waitForCommands(ClientServerConnection.java:182)
	at py4j.ClientServerConnection.run(ClientServerConnection.java:106)
	at java.base/java.lang.Thread.run(Thread.java:840)

	at java.base/javax.security.auth.login.LoginContext.invoke(LoginContext.java:850)
	at java.base/javax.security.auth.login.LoginContext$4.run(LoginContext.java:679)
	at java.base/javax.security.auth.login.LoginContext$4.run(LoginContext.java:677)
	at java.base/java.security.AccessController.doPrivileged(AccessController.java:712)
	at java.base/javax.security.auth.login.LoginContext.invokePriv(LoginContext.java:677)
	at java.base/javax.security.auth.login.LoginContext.login(LoginContext.java:587)
	at org.apache.hadoop.security.UserGroupInformation$HadoopLoginContext.login(UserGroupInformation.java:2065)
	at org.apache.hadoop.security.UserGroupInformation.doSubjectLogin(UserGroupInformation.java:1975)
	... 29 more

2025-05-23 10:08:40,194 ERROR Application failed: An error occurred while calling o42.csv.
: org.apache.hadoop.security.KerberosAuthException: failure to login: javax.security.auth.login.LoginException: java.lang.NullPointerException: invalid null input: name
	at jdk.security.auth/com.sun.security.auth.UnixPrincipal.<init>(UnixPrincipal.java:71)
	at jdk.security.auth/com.sun.security.auth.module.UnixLoginModule.login(UnixLoginModule.java:134)
	at java.base/javax.security.auth.login.LoginContext.invoke(LoginContext.java:755)
	at java.base/javax.security.auth.login.LoginContext$4.run(LoginContext.java:679)
	at java.base/javax.security.auth.login.LoginContext$4.run(LoginContext.java:677)
	at java.base/java.security.AccessController.doPrivileged(AccessController.java:712)
	at java.base/javax.security.auth.login.LoginContext.invokePriv(LoginContext.java:677)
	at java.base/javax.security.auth.login.LoginContext.login(LoginContext.java:587)
	at org.apache.hadoop.security.UserGroupInformation$HadoopLoginContext.login(UserGroupInformation.java:2065)
	at org.apache.hadoop.security.UserGroupInformation.doSubjectLogin(UserGroupInformation.java:1975)
	at org.apache.hadoop.security.UserGroupInformation.createLoginUser(UserGroupInformation.java:719)
	at org.apache.hadoop.security.UserGroupInformation.getLoginUser(UserGroupInformation.java:669)
	at org.apache.hadoop.security.UserGroupInformation.getCurrentUser(UserGroupInformation.java:579)
	at org.apache.hadoop.fs.FileSystem$Cache$Key.<init>(FileSystem.java:3746)
	at org.apache.hadoop.fs.FileSystem$Cache$Key.<init>(FileSystem.java:3736)
	at org.apache.hadoop.fs.FileSystem$Cache.get(FileSystem.java:3520)
	at org.apache.hadoop.fs.FileSystem.get(FileSystem.java:540)
	at org.apache.hadoop.fs.FileSystem.get(FileSystem.java:288)
	at org.apache.hadoop.fs.FileSystem.get(FileSystem.java:524)
	at org.apache.hadoop.fs.Path.getFileSystem(Path.java:365)
	at org.apache.spark.sql.execution.datasources.DataSource.sourceSchema(DataSource.scala:246)
	at org.apache.spark.sql.execution.datasources.DataSource.sourceInfo$lzycompute(DataSource.scala:118)
	at org.apache.spark.sql.execution.datasources.DataSource.sourceInfo(DataSource.scala:118)
	at org.apache.spark.sql.execution.streaming.StreamingRelation$.apply(StreamingRelation.scala:36)
	at org.apache.spark.sql.streaming.DataStreamReader.loadInternal(DataStreamReader.scala:198)
	at org.apache.spark.sql.streaming.DataStreamReader.load(DataStreamReader.scala:212)
	at org.apache.spark.sql.streaming.DataStreamReader.csv(DataStreamReader.scala:260)
	at java.base/jdk.internal.reflect.NativeMethodAccessorImpl.invoke0(Native Method)
	at java.base/jdk.internal.reflect.NativeMethodAccessorImpl.invoke(NativeMethodAccessorImpl.java:77)
	at java.base/jdk.internal.reflect.DelegatingMethodAccessorImpl.invoke(DelegatingMethodAccessorImpl.java:43)
	at java.base/java.lang.reflect.Method.invoke(Method.java:568)
	at py4j.reflection.MethodInvoker.invoke(MethodInvoker.java:244)
	at py4j.reflection.ReflectionEngine.invoke(ReflectionEngine.java:374)
	at py4j.Gateway.invoke(Gateway.java:282)
	at py4j.commands.AbstractCommand.invokeMethod(AbstractCommand.java:132)
	at py4j.commands.CallCommand.execute(CallCommand.java:79)
	at py4j.ClientServerConnection.waitForCommands(ClientServerConnection.java:182)
	at py4j.ClientServerConnection.run(ClientServerConnection.java:106)
	at java.base/java.lang.Thread.run(Thread.java:840)

	at org.apache.hadoop.security.UserGroupInformation.doSubjectLogin(UserGroupInformation.java:1986)
	at org.apache.hadoop.security.UserGroupInformation.createLoginUser(UserGroupInformation.java:719)
	at org.apache.hadoop.security.UserGroupInformation.getLoginUser(UserGroupInformation.java:669)
	at org.apache.hadoop.security.UserGroupInformation.getCurrentUser(UserGroupInformation.java:579)
	at org.apache.hadoop.fs.FileSystem$Cache$Key.<init>(FileSystem.java:3746)
	at org.apache.hadoop.fs.FileSystem$Cache$Key.<init>(FileSystem.java:3736)
	at org.apache.hadoop.fs.FileSystem$Cache.get(FileSystem.java:3520)
	at org.apache.hadoop.fs.FileSystem.get(FileSystem.java:540)
	at org.apache.hadoop.fs.FileSystem.get(FileSystem.java:288)
	at org.apache.hadoop.fs.FileSystem.get(FileSystem.java:524)
	at org.apache.hadoop.fs.Path.getFileSystem(Path.java:365)
	at org.apache.spark.sql.execution.datasources.DataSource.sourceSchema(DataSource.scala:246)
	at org.apache.spark.sql.execution.datasources.DataSource.sourceInfo$lzycompute(DataSource.scala:118)
	at org.apache.spark.sql.execution.datasources.DataSource.sourceInfo(DataSource.scala:118)
	at org.apache.spark.sql.execution.streaming.StreamingRelation$.apply(StreamingRelation.scala:36)
	at org.apache.spark.sql.streaming.DataStreamReader.loadInternal(DataStreamReader.scala:198)
	at org.apache.spark.sql.streaming.DataStreamReader.load(DataStreamReader.scala:212)
	at org.apache.spark.sql.streaming.DataStreamReader.csv(DataStreamReader.scala:260)
	at java.base/jdk.internal.reflect.NativeMethodAccessorImpl.invoke0(Native Method)
	at java.base/jdk.internal.reflect.NativeMethodAccessorImpl.invoke(NativeMethodAccessorImpl.java:77)
	at java.base/jdk.internal.reflect.DelegatingMethodAccessorImpl.invoke(DelegatingMethodAccessorImpl.java:43)
	at java.base/java.lang.reflect.Method.invoke(Method.java:568)
	at py4j.reflection.MethodInvoker.invoke(MethodInvoker.java:244)
	at py4j.reflection.ReflectionEngine.invoke(ReflectionEngine.java:374)
	at py4j.Gateway.invoke(Gateway.java:282)
	at py4j.commands.AbstractCommand.invokeMethod(AbstractCommand.java:132)
	at py4j.commands.CallCommand.execute(CallCommand.java:79)
	at py4j.ClientServerConnection.waitForCommands(ClientServerConnection.java:182)
	at py4j.ClientServerConnection.run(ClientServerConnection.java:106)
	at java.base/java.lang.Thread.run(Thread.java:840)
Caused by: javax.security.auth.login.LoginException: java.lang.NullPointerException: invalid null input: name
	at jdk.security.auth/com.sun.security.auth.UnixPrincipal.<init>(UnixPrincipal.java:71)
	at jdk.security.auth/com.sun.security.auth.module.UnixLoginModule.login(UnixLoginModule.java:134)
	at java.base/javax.security.auth.login.LoginContext.invoke(LoginContext.java:755)
	at java.base/javax.security.auth.login.LoginContext$4.run(LoginContext.java:679)
	at java.base/javax.security.auth.login.LoginContext$4.run(LoginContext.java:677)
	at java.base/java.security.AccessController.doPrivileged(AccessController.java:712)
	at java.base/javax.security.auth.login.LoginContext.invokePriv(LoginContext.java:677)
	at java.base/javax.security.auth.login.LoginContext.login(LoginContext.java:587)
	at org.apache.hadoop.security.UserGroupInformation$HadoopLoginContext.login(UserGroupInformation.java:2065)
	at org.apache.hadoop.security.UserGroupInformation.doSubjectLogin(UserGroupInformation.java:1975)
	at org.apache.hadoop.security.UserGroupInformation.createLoginUser(UserGroupInformation.java:719)
	at org.apache.hadoop.security.UserGroupInformation.getLoginUser(UserGroupInformation.java:669)
	at org.apache.hadoop.security.UserGroupInformation.getCurrentUser(UserGroupInformation.java:579)
	at org.apache.hadoop.fs.FileSystem$Cache$Key.<init>(FileSystem.java:3746)
	at org.apache.hadoop.fs.FileSystem$Cache$Key.<init>(FileSystem.java:3736)
	at org.apache.hadoop.fs.FileSystem$Cache.get(FileSystem.java:3520)
	at org.apache.hadoop.fs.FileSystem.get(FileSystem.java:540)
	at org.apache.hadoop.fs.FileSystem.get(FileSystem.java:288)
	at org.apache.hadoop.fs.FileSystem.get(FileSystem.java:524)
	at org.apache.hadoop.fs.Path.getFileSystem(Path.java:365)
	at org.apache.spark.sql.execution.datasources.DataSource.sourceSchema(DataSource.scala:246)
	at org.apache.spark.sql.execution.datasources.DataSource.sourceInfo$lzycompute(DataSource.scala:118)
	at org.apache.spark.sql.execution.datasources.DataSource.sourceInfo(DataSource.scala:118)
	at org.apache.spark.sql.execution.streaming.StreamingRelation$.apply(StreamingRelation.scala:36)
	at org.apache.spark.sql.streaming.DataStreamReader.loadInternal(DataStreamReader.scala:198)
	at org.apache.spark.sql.streaming.DataStreamReader.load(DataStreamReader.scala:212)
	at org.apache.spark.sql.streaming.DataStreamReader.csv(DataStreamReader.scala:260)
	at java.base/jdk.internal.reflect.NativeMethodAccessorImpl.invoke0(Native Method)
	at java.base/jdk.internal.reflect.NativeMethodAccessorImpl.invoke(NativeMethodAccessorImpl.java:77)
	at java.base/jdk.internal.reflect.DelegatingMethodAccessorImpl.invoke(DelegatingMethodAccessorImpl.java:43)
	at java.base/java.lang.reflect.Method.invoke(Method.java:568)
	at py4j.reflection.MethodInvoker.invoke(MethodInvoker.java:244)
	at py4j.reflection.ReflectionEngine.invoke(ReflectionEngine.java:374)
	at py4j.Gateway.invoke(Gateway.java:282)
	at py4j.commands.AbstractCommand.invokeMethod(AbstractCommand.java:132)
	at py4j.commands.CallCommand.execute(CallCommand.java:79)
	at py4j.ClientServerConnection.waitForCommands(ClientServerConnection.java:182)
	at py4j.ClientServerConnection.run(ClientServerConnection.java:106)
	at java.base/java.lang.Thread.run(Thread.java:840)

	at java.base/javax.security.auth.login.LoginContext.invoke(LoginContext.java:850)
	at java.base/javax.security.auth.login.LoginContext$4.run(LoginContext.java:679)
	at java.base/javax.security.auth.login.LoginContext$4.run(LoginContext.java:677)
	at java.base/java.security.AccessController.doPrivileged(AccessController.java:712)
	at java.base/javax.security.auth.login.LoginContext.invokePriv(LoginContext.java:677)
	at java.base/javax.security.auth.login.LoginContext.login(LoginContext.java:587)
	at org.apache.hadoop.security.UserGroupInformation$HadoopLoginContext.login(UserGroupInformation.java:2065)
	at org.apache.hadoop.security.UserGroupInformation.doSubjectLogin(UserGroupInformation.java:1975)
	... 29 more

2025-05-23 10:08:40,276 INFO Closing down clientserver connection
2025-05-23 10:12:34,763 INFO SparkSession initialized
2025-05-23 10:12:38,752 INFO Started reading streaming CSV data from /csv-data
2025-05-23 10:12:40,339 INFO Loaded existing event_ids from PostgreSQL
2025-05-23 10:12:40,701 INFO Callback Server Starting
2025-05-23 10:12:40,702 INFO Socket listening on ('127.0.0.1', 40457)
2025-05-23 10:12:41,103 INFO Applied transformations
2025-05-23 10:12:41,239 INFO Started streaming query to PostgreSQL
2025-05-23 10:12:45,441 INFO Python Server ready to receive messages
2025-05-23 10:12:45,442 INFO Python Server ready to receive messages
2025-05-23 10:12:45,442 INFO Received command c on object id p0
2025-05-23 10:12:45,443 INFO Received command c on object id p1
2025-05-23 10:12:45,450 INFO Sample rows for batch 0:
2025-05-23 10:12:50,568 INFO Batch 0 written to PostgreSQL
2025-05-23 10:12:51,281 INFO Received command c on object id p0
2025-05-23 10:12:51,286 INFO Sample rows for batch 1:
2025-05-23 10:12:51,476 INFO Received command c on object id p1
2025-05-23 10:12:52,201 INFO Batch 1 written to PostgreSQL
2025-05-23 10:12:52,713 INFO Received command c on object id p0
2025-05-23 10:12:52,719 INFO Sample rows for batch 2:
2025-05-23 10:12:52,985 INFO Received command c on object id p1
2025-05-23 10:12:53,426 INFO Batch 2 written to PostgreSQL
2025-05-23 10:12:53,538 INFO Received command c on object id p0
2025-05-23 10:12:53,543 INFO Sample rows for batch 3:
2025-05-23 10:12:54,234 INFO Received command c on object id p1
2025-05-23 10:12:54,585 INFO Received command c on object id p0
2025-05-23 10:12:54,592 INFO Sample rows for batch 4:
2025-05-23 10:12:54,702 INFO Batch 3 written to PostgreSQL
2025-05-23 10:12:55,414 INFO Received command c on object id p1
2025-05-23 10:12:55,434 INFO Received command c on object id p0
2025-05-23 10:12:55,448 INFO Sample rows for batch 5:
2025-05-23 10:12:55,853 INFO Batch 4 written to PostgreSQL
2025-05-23 10:12:56,217 INFO Received command c on object id p0
2025-05-23 10:12:56,225 INFO Sample rows for batch 6:
2025-05-23 10:12:56,395 INFO Received command c on object id p1
2025-05-23 10:12:56,990 INFO Batch 5 written to PostgreSQL
2025-05-23 10:12:57,611 INFO Received command c on object id p1
2025-05-23 10:12:57,700 INFO Received command c on object id p0
2025-05-23 10:12:57,707 INFO Sample rows for batch 7:
2025-05-23 10:12:58,057 INFO Batch 6 written to PostgreSQL
2025-05-23 10:12:59,172 INFO Received command c on object id p1
2025-05-23 10:12:59,451 INFO Batch 7 written to PostgreSQL
2025-05-23 10:13:02,208 INFO Received command c on object id p0
2025-05-23 10:13:02,213 INFO Sample rows for batch 8:
2025-05-23 10:13:02,359 INFO Received command c on object id p1
2025-05-23 10:13:02,635 INFO Batch 8 written to PostgreSQL
2025-05-23 10:13:10,889 INFO Received command c on object id p1
2025-05-23 10:13:11,107 INFO Batch 9 written to PostgreSQL
2025-05-23 10:13:11,132 INFO Received command c on object id p0
2025-05-23 10:13:11,139 INFO Sample rows for batch 9:
2025-05-23 10:13:19,345 INFO Received command c on object id p1
2025-05-23 10:13:19,453 INFO Received command c on object id p0
2025-05-23 10:13:19,459 INFO Sample rows for batch 10:
2025-05-23 10:13:19,666 INFO Batch 10 written to PostgreSQL
2025-05-23 10:13:27,665 INFO Received command c on object id p0
2025-05-23 10:13:27,669 INFO Sample rows for batch 11:
2025-05-23 10:13:27,669 INFO Received command c on object id p1
2025-05-23 10:13:27,905 INFO Batch 11 written to PostgreSQL
2025-05-23 10:13:35,474 INFO Received command c on object id p0
2025-05-23 10:13:35,478 INFO Sample rows for batch 12:
2025-05-23 10:13:35,571 INFO Received command c on object id p1
2025-05-23 10:13:35,761 INFO Batch 12 written to PostgreSQL
2025-05-23 10:13:42,878 INFO Received command c on object id p1
2025-05-23 10:13:43,107 INFO Batch 13 written to PostgreSQL
2025-05-23 10:13:43,305 INFO Received command c on object id p0
2025-05-23 10:13:43,311 INFO Sample rows for batch 13:
2025-05-23 10:13:51,096 INFO Received command c on object id p1
2025-05-23 10:13:51,357 INFO Batch 14 written to PostgreSQL
2025-05-23 10:13:51,452 INFO Received command c on object id p0
2025-05-23 10:13:51,457 INFO Sample rows for batch 14:
2025-05-23 10:13:59,509 INFO Received command c on object id p1
2025-05-23 10:13:59,763 INFO Batch 15 written to PostgreSQL
2025-05-23 10:13:59,845 INFO Received command c on object id p0
2025-05-23 10:13:59,850 INFO Sample rows for batch 15:
2025-05-23 10:14:07,383 INFO Received command c on object id p0
2025-05-23 10:14:07,390 INFO Sample rows for batch 16:
2025-05-23 10:14:07,730 INFO Received command c on object id p1
2025-05-23 10:14:07,921 INFO Batch 16 written to PostgreSQL
2025-05-23 10:14:15,999 INFO Received command c on object id p1
2025-05-23 10:14:16,126 INFO Received command c on object id p0
2025-05-23 10:14:16,131 INFO Sample rows for batch 17:
2025-05-23 10:14:16,229 INFO Batch 17 written to PostgreSQL
2025-05-23 10:14:24,363 INFO Received command c on object id p1
2025-05-23 10:14:24,413 INFO Received command c on object id p0
2025-05-23 10:14:24,419 INFO Sample rows for batch 18:
2025-05-23 10:14:24,575 INFO Batch 18 written to PostgreSQL
2025-05-23 10:14:31,953 INFO Received command c on object id p0
2025-05-23 10:14:31,959 INFO Sample rows for batch 19:
2025-05-23 10:14:32,030 INFO Received command c on object id p1
2025-05-23 10:14:32,442 INFO Batch 19 written to PostgreSQL
2025-05-23 10:14:40,838 INFO Received command c on object id p0
2025-05-23 10:14:40,845 INFO Sample rows for batch 20:
2025-05-23 10:14:40,890 INFO Received command c on object id p1
2025-05-23 10:14:41,083 INFO Batch 20 written to PostgreSQL
2025-05-23 10:14:48,902 INFO Received command c on object id p0
2025-05-23 10:14:48,909 INFO Sample rows for batch 21:
2025-05-23 10:14:49,010 INFO Received command c on object id p1
2025-05-23 10:14:49,217 INFO Batch 21 written to PostgreSQL
2025-05-23 10:14:57,248 INFO Received command c on object id p1
2025-05-23 10:14:57,455 INFO Batch 22 written to PostgreSQL
2025-05-23 10:14:57,650 INFO Received command c on object id p0
2025-05-23 10:14:57,657 INFO Sample rows for batch 22:
2025-05-23 10:15:05,284 INFO Received command c on object id p0
2025-05-23 10:15:05,290 INFO Sample rows for batch 23:
2025-05-23 10:15:05,757 INFO Received command c on object id p1
2025-05-23 10:15:05,995 INFO Batch 23 written to PostgreSQL
2025-05-23 10:15:13,117 INFO Received command c on object id p0
2025-05-23 10:15:13,123 INFO Sample rows for batch 24:
2025-05-23 10:15:13,632 INFO Received command c on object id p1
2025-05-23 10:15:13,877 INFO Batch 24 written to PostgreSQL
2025-05-23 10:15:20,956 INFO Received command c on object id p1
2025-05-23 10:15:20,981 INFO Received command c on object id p0
2025-05-23 10:15:20,986 INFO Sample rows for batch 25:
2025-05-23 10:15:21,158 INFO Batch 25 written to PostgreSQL
2025-05-23 10:15:29,799 INFO Received command c on object id p0
2025-05-23 10:15:29,804 INFO Sample rows for batch 26:
2025-05-23 10:15:29,929 INFO Received command c on object id p1
2025-05-23 10:15:30,123 INFO Batch 26 written to PostgreSQL
2025-05-23 10:15:37,521 INFO Received command c on object id p0
2025-05-23 10:15:37,527 INFO Sample rows for batch 27:
2025-05-23 10:15:37,853 INFO Received command c on object id p1
2025-05-23 10:15:38,203 INFO Batch 27 written to PostgreSQL
2025-05-23 10:15:44,788 INFO Received command c on object id p1
2025-05-23 10:15:45,007 INFO Batch 28 written to PostgreSQL
2025-05-23 10:15:45,208 INFO Received command c on object id p0
2025-05-23 10:15:45,212 INFO Sample rows for batch 28:
2025-05-23 10:15:52,666 INFO Received command c on object id p1
2025-05-23 10:15:52,829 INFO Received command c on object id p0
2025-05-23 10:15:52,834 INFO Sample rows for batch 29:
2025-05-23 10:15:52,886 INFO Batch 29 written to PostgreSQL
2025-05-23 10:16:01,282 INFO Received command c on object id p1
2025-05-23 10:16:01,351 INFO Received command c on object id p0
2025-05-23 10:16:01,357 INFO Sample rows for batch 30:
2025-05-23 10:16:01,506 INFO Batch 30 written to PostgreSQL
2025-05-23 10:16:08,636 INFO Received command c on object id p0
2025-05-23 10:16:08,641 INFO Sample rows for batch 31:
2025-05-23 10:16:08,740 INFO Received command c on object id p1
2025-05-23 10:16:08,934 INFO Batch 31 written to PostgreSQL
2025-05-23 10:16:16,778 INFO Received command c on object id p0
2025-05-23 10:16:16,783 INFO Sample rows for batch 32:
2025-05-23 10:16:16,935 INFO Received command c on object id p1
2025-05-23 10:16:17,204 INFO Batch 32 written to PostgreSQL
2025-05-23 10:16:26,519 INFO Received command c on object id p0
2025-05-23 10:16:26,525 INFO Sample rows for batch 33:
2025-05-23 10:16:26,761 INFO Received command c on object id p1
2025-05-23 10:16:26,963 INFO Batch 33 written to PostgreSQL
2025-05-23 10:16:33,468 INFO Received command c on object id p0
2025-05-23 10:16:33,474 INFO Sample rows for batch 34:
2025-05-23 10:16:33,811 INFO Received command c on object id p1
2025-05-23 10:16:33,998 INFO Batch 34 written to PostgreSQL
2025-05-23 10:16:40,893 INFO Received command c on object id p1
2025-05-23 10:16:41,086 INFO Batch 35 written to PostgreSQL
2025-05-23 10:16:41,340 INFO Received command c on object id p0
2025-05-23 10:16:41,345 INFO Sample rows for batch 35:
2025-05-23 10:16:49,571 INFO Received command c on object id p1
2025-05-23 10:16:49,802 INFO Batch 36 written to PostgreSQL
2025-05-23 10:16:49,986 INFO Received command c on object id p0
2025-05-23 10:16:49,992 INFO Sample rows for batch 36:
2025-05-23 10:16:56,587 INFO Received command c on object id p0
2025-05-23 10:16:56,593 INFO Sample rows for batch 37:
2025-05-23 10:16:57,300 INFO Received command c on object id p1
2025-05-23 10:16:57,500 INFO Batch 37 written to PostgreSQL
2025-05-23 10:17:04,166 INFO Received command c on object id p1
2025-05-23 10:17:04,321 INFO Received command c on object id p0
2025-05-23 10:17:04,326 INFO Sample rows for batch 38:
2025-05-23 10:17:04,369 INFO Batch 38 written to PostgreSQL
2025-05-23 10:17:12,013 INFO Received command c on object id p0
2025-05-23 10:17:12,018 INFO Sample rows for batch 39:
2025-05-23 10:17:12,030 INFO Received command c on object id p1
2025-05-23 10:17:12,229 INFO Batch 39 written to PostgreSQL
2025-05-23 10:17:19,308 INFO Received command c on object id p0
2025-05-23 10:17:19,313 INFO Sample rows for batch 40:
2025-05-23 10:17:19,708 INFO Received command c on object id p1
2025-05-23 10:17:19,950 INFO Batch 40 written to PostgreSQL
2025-05-23 10:17:28,327 INFO Received command c on object id p0
2025-05-23 10:17:28,333 INFO Sample rows for batch 41:
2025-05-23 10:17:28,916 INFO Received command c on object id p1
2025-05-23 10:17:29,188 INFO Batch 41 written to PostgreSQL
2025-05-23 10:17:36,958 INFO Received command c on object id p1
2025-05-23 10:17:37,253 INFO Batch 42 written to PostgreSQL
2025-05-23 10:17:37,399 INFO Received command c on object id p0
2025-05-23 10:17:37,403 INFO Sample rows for batch 42:
2025-05-23 10:17:44,504 INFO Received command c on object id p1
2025-05-23 10:17:44,701 INFO Batch 43 written to PostgreSQL
2025-05-23 10:17:44,747 INFO Received command c on object id p0
2025-05-23 10:17:44,754 INFO Sample rows for batch 43:
2025-05-23 10:17:51,352 INFO Received command c on object id p0
2025-05-23 10:17:51,357 INFO Sample rows for batch 44:
2025-05-23 10:17:52,086 INFO Received command c on object id p1
2025-05-23 10:17:52,346 INFO Batch 44 written to PostgreSQL
2025-05-23 10:18:00,350 INFO Received command c on object id p1
2025-05-23 10:18:00,571 INFO Batch 45 written to PostgreSQL
2025-05-23 10:18:00,579 INFO Received command c on object id p0
2025-05-23 10:18:00,584 INFO Sample rows for batch 45:
2025-05-23 10:18:07,698 INFO Received command c on object id p1
2025-05-23 10:18:07,871 INFO Received command c on object id p0
2025-05-23 10:18:07,875 INFO Sample rows for batch 46:
2025-05-23 10:18:07,905 INFO Batch 46 written to PostgreSQL
2025-05-23 10:18:15,635 INFO Received command c on object id p1
2025-05-23 10:18:15,800 INFO Received command c on object id p0
2025-05-23 10:18:15,806 INFO Sample rows for batch 47:
2025-05-23 10:18:15,862 INFO Batch 47 written to PostgreSQL
2025-05-23 10:18:23,343 INFO Received command c on object id p1
2025-05-23 10:18:23,375 INFO Received command c on object id p0
2025-05-23 10:18:23,380 INFO Sample rows for batch 48:
2025-05-23 10:18:23,554 INFO Batch 48 written to PostgreSQL
2025-05-23 10:18:30,454 INFO Received command c on object id p1
2025-05-23 10:18:30,643 INFO Batch 49 written to PostgreSQL
2025-05-23 10:18:31,447 INFO Received command c on object id p0
2025-05-23 10:18:31,453 INFO Sample rows for batch 49:
2025-05-23 10:18:39,446 INFO Received command c on object id p0
2025-05-23 10:18:39,452 INFO Sample rows for batch 50:
2025-05-23 10:18:39,767 INFO Received command c on object id p1
2025-05-23 10:18:39,961 INFO Batch 50 written to PostgreSQL
2025-05-23 10:18:47,049 INFO Received command c on object id p1
2025-05-23 10:18:47,322 INFO Batch 51 written to PostgreSQL
2025-05-23 10:18:47,510 INFO Received command c on object id p0
2025-05-23 10:18:47,514 INFO Sample rows for batch 51:
2025-05-23 10:18:54,799 INFO Received command c on object id p1
2025-05-23 10:18:55,047 INFO Batch 52 written to PostgreSQL
2025-05-23 10:18:55,145 INFO Received command c on object id p0
2025-05-23 10:18:55,149 INFO Sample rows for batch 52:
2025-05-23 10:19:04,188 INFO Received command c on object id p1
2025-05-23 10:19:04,360 INFO Received command c on object id p0
2025-05-23 10:19:04,364 INFO Sample rows for batch 53:
2025-05-23 10:19:04,375 INFO Batch 53 written to PostgreSQL
2025-05-23 10:19:10,277 INFO Received command c on object id p1
2025-05-23 10:19:10,362 INFO Received command c on object id p0
2025-05-23 10:19:10,367 INFO Sample rows for batch 54:
2025-05-23 10:19:10,451 INFO Batch 54 written to PostgreSQL
2025-05-23 10:19:19,312 INFO Received command c on object id p1
2025-05-23 10:19:19,381 INFO Received command c on object id p0
2025-05-23 10:19:19,386 INFO Sample rows for batch 55:
2025-05-23 10:19:19,524 INFO Batch 55 written to PostgreSQL
2025-05-23 10:19:27,743 INFO Received command c on object id p0
2025-05-23 10:19:27,748 INFO Sample rows for batch 56:
2025-05-23 10:19:27,783 INFO Received command c on object id p1
2025-05-23 10:19:28,001 INFO Batch 56 written to PostgreSQL
2025-05-23 10:19:33,733 INFO Received command c on object id p0
2025-05-23 10:19:33,739 INFO Sample rows for batch 57:
2025-05-23 10:19:33,949 INFO Received command c on object id p1
2025-05-23 10:19:34,167 INFO Batch 57 written to PostgreSQL
2025-05-23 10:19:41,488 INFO Received command c on object id p1
2025-05-23 10:19:41,715 INFO Batch 58 written to PostgreSQL
2025-05-23 10:19:42,032 INFO Received command c on object id p0
2025-05-23 10:19:42,038 INFO Sample rows for batch 58:
2025-05-23 10:19:48,642 INFO Received command c on object id p1
2025-05-23 10:19:48,829 INFO Batch 59 written to PostgreSQL
2025-05-23 10:19:49,097 INFO Received command c on object id p0
2025-05-23 10:19:49,101 INFO Sample rows for batch 59:
2025-05-23 10:19:56,499 INFO Received command c on object id p0
2025-05-23 10:19:56,505 INFO Sample rows for batch 60:
2025-05-23 10:19:57,206 INFO Received command c on object id p1
2025-05-23 10:19:57,529 INFO Batch 60 written to PostgreSQL
2025-05-23 10:20:03,946 INFO Received command c on object id p0
2025-05-23 10:20:03,951 INFO Sample rows for batch 61:
2025-05-23 10:20:04,620 INFO Received command c on object id p1
2025-05-23 10:20:04,797 INFO Batch 61 written to PostgreSQL
2025-05-23 10:20:11,833 INFO Received command c on object id p0
2025-05-23 10:20:11,839 INFO Sample rows for batch 62:
2025-05-23 10:20:12,368 INFO Received command c on object id p1
2025-05-23 10:20:12,585 INFO Batch 62 written to PostgreSQL
2025-05-23 10:20:18,958 INFO Received command c on object id p0
2025-05-23 10:20:18,962 INFO Sample rows for batch 63:
2025-05-23 10:20:19,769 INFO Received command c on object id p1
2025-05-23 10:20:19,990 INFO Batch 63 written to PostgreSQL
2025-05-23 10:20:27,374 INFO Received command c on object id p1
2025-05-23 10:20:27,647 INFO Batch 64 written to PostgreSQL
2025-05-23 10:20:27,673 INFO Received command c on object id p0
2025-05-23 10:20:27,679 INFO Sample rows for batch 64:
2025-05-23 10:20:33,978 INFO Received command c on object id p1
2025-05-23 10:20:34,076 INFO Received command c on object id p0
2025-05-23 10:20:34,081 INFO Sample rows for batch 65:
2025-05-23 10:20:34,174 INFO Batch 65 written to PostgreSQL
2025-05-23 10:20:40,900 INFO Received command c on object id p0
2025-05-23 10:20:40,904 INFO Sample rows for batch 66:
2025-05-23 10:20:40,905 INFO Received command c on object id p1
2025-05-23 10:20:41,110 INFO Batch 66 written to PostgreSQL
2025-05-23 10:20:49,754 INFO Received command c on object id p0
2025-05-23 10:20:49,758 INFO Sample rows for batch 67:
2025-05-23 10:20:50,054 INFO Received command c on object id p1
2025-05-23 10:20:50,265 INFO Batch 67 written to PostgreSQL
2025-05-23 10:20:56,179 INFO Received command c on object id p1
2025-05-23 10:20:56,358 INFO Batch 68 written to PostgreSQL
2025-05-23 10:20:56,812 INFO Received command c on object id p0
2025-05-23 10:20:56,818 INFO Sample rows for batch 68:
2025-05-23 10:21:04,149 INFO Received command c on object id p0
2025-05-23 10:21:04,157 INFO Sample rows for batch 69:
2025-05-23 10:21:04,714 INFO Received command c on object id p1
2025-05-23 10:21:04,907 INFO Batch 69 written to PostgreSQL
2025-05-23 10:21:12,544 INFO Received command c on object id p1
2025-05-23 10:21:12,727 INFO Batch 70 written to PostgreSQL
2025-05-23 10:21:12,914 INFO Received command c on object id p0
2025-05-23 10:21:12,919 INFO Sample rows for batch 70:
2025-05-23 10:21:21,023 INFO Received command c on object id p1
2025-05-23 10:21:21,208 INFO Batch 71 written to PostgreSQL
2025-05-23 10:21:21,346 INFO Received command c on object id p0
2025-05-23 10:21:21,351 INFO Sample rows for batch 71:
2025-05-23 10:21:29,799 INFO Received command c on object id p1
2025-05-23 10:21:30,108 INFO Received command c on object id p0
2025-05-23 10:21:30,115 INFO Sample rows for batch 72:
2025-05-23 10:21:30,592 INFO Batch 72 written to PostgreSQL
2025-05-23 10:21:37,185 INFO Received command c on object id p0
2025-05-23 10:21:37,190 INFO Sample rows for batch 73:
2025-05-23 10:21:37,255 INFO Received command c on object id p1
2025-05-23 10:21:37,488 INFO Batch 73 written to PostgreSQL
2025-05-23 10:21:45,647 INFO Received command c on object id p0
2025-05-23 10:21:45,652 INFO Sample rows for batch 74:
2025-05-23 10:21:45,746 INFO Received command c on object id p1
2025-05-23 10:21:45,930 INFO Batch 74 written to PostgreSQL
2025-05-23 10:21:52,447 INFO Received command c on object id p0
2025-05-23 10:21:52,452 INFO Sample rows for batch 75:
2025-05-23 10:21:52,590 INFO Received command c on object id p1
2025-05-23 10:21:52,798 INFO Batch 75 written to PostgreSQL
2025-05-23 10:22:01,319 INFO Received command c on object id p0
2025-05-23 10:22:01,324 INFO Sample rows for batch 76:
2025-05-23 10:22:01,871 INFO Received command c on object id p1
2025-05-23 10:22:02,044 INFO Batch 76 written to PostgreSQL
2025-05-23 10:22:09,720 INFO Received command c on object id p1
2025-05-23 10:22:09,903 INFO Batch 77 written to PostgreSQL
2025-05-23 10:22:10,900 INFO Received command c on object id p0
2025-05-23 10:22:10,904 INFO Sample rows for batch 77:
2025-05-23 10:22:17,808 INFO Received command c on object id p0
2025-05-23 10:22:17,814 INFO Sample rows for batch 78:
2025-05-23 10:22:18,942 INFO Received command c on object id p1
2025-05-23 10:22:19,128 INFO Batch 78 written to PostgreSQL
2025-05-23 10:22:26,111 INFO Received command c on object id p0
2025-05-23 10:22:26,119 INFO Sample rows for batch 79:
2025-05-23 10:22:27,176 INFO Received command c on object id p1
2025-05-23 10:22:27,365 INFO Batch 79 written to PostgreSQL
2025-05-23 10:22:34,792 INFO Received command c on object id p1
2025-05-23 10:22:35,059 INFO Batch 80 written to PostgreSQL
2025-05-23 10:22:35,663 INFO Received command c on object id p0
2025-05-23 10:22:35,672 INFO Sample rows for batch 80:
2025-05-23 10:22:43,077 INFO Received command c on object id p1
2025-05-23 10:22:43,263 INFO Batch 81 written to PostgreSQL
2025-05-23 10:22:43,574 INFO Received command c on object id p0
2025-05-23 10:22:43,580 INFO Sample rows for batch 81:
2025-05-23 10:22:51,927 INFO Received command c on object id p1
2025-05-23 10:22:52,163 INFO Batch 82 written to PostgreSQL
2025-05-23 10:22:52,519 INFO Received command c on object id p0
2025-05-23 10:22:52,524 INFO Sample rows for batch 82:
2025-05-23 10:22:58,127 INFO Received command c on object id p0
2025-05-23 10:22:58,134 INFO Sample rows for batch 83:
2025-05-23 10:22:58,869 INFO Received command c on object id p1
2025-05-23 10:22:59,105 INFO Batch 83 written to PostgreSQL
2025-05-23 10:23:06,551 INFO Received command c on object id p1
2025-05-23 10:23:06,719 INFO Batch 84 written to PostgreSQL
2025-05-23 10:23:06,789 INFO Received command c on object id p0
2025-05-23 10:23:06,793 INFO Sample rows for batch 84:
2025-05-23 10:23:15,001 INFO Received command c on object id p1
2025-05-23 10:23:15,210 INFO Received command c on object id p0
2025-05-23 10:23:15,216 INFO Sample rows for batch 85:
2025-05-23 10:23:15,248 INFO Batch 85 written to PostgreSQL
2025-05-23 10:23:24,082 INFO Received command c on object id p1
2025-05-23 10:23:24,166 INFO Received command c on object id p0
2025-05-23 10:23:24,170 INFO Sample rows for batch 86:
2025-05-23 10:23:24,266 INFO Batch 86 written to PostgreSQL
2025-05-23 10:23:31,897 INFO Received command c on object id p0
2025-05-23 10:23:31,901 INFO Sample rows for batch 87:
2025-05-23 10:23:31,912 INFO Received command c on object id p1
2025-05-23 10:23:32,087 INFO Batch 87 written to PostgreSQL
2025-05-23 10:23:41,805 INFO Received command c on object id p0
2025-05-23 10:23:41,811 INFO Sample rows for batch 88:
2025-05-23 10:23:42,010 INFO Received command c on object id p1
2025-05-23 10:23:42,260 INFO Batch 88 written to PostgreSQL
2025-05-23 10:23:48,021 INFO Received command c on object id p1
2025-05-23 10:23:48,212 INFO Batch 89 written to PostgreSQL
2025-05-23 10:23:49,274 INFO Received command c on object id p0
2025-05-23 10:23:49,283 INFO Sample rows for batch 89:
2025-05-23 10:23:56,224 INFO Received command c on object id p0
2025-05-23 10:23:56,228 INFO Sample rows for batch 90:
2025-05-23 10:23:56,546 INFO Received command c on object id p1
2025-05-23 10:23:56,710 INFO Batch 90 written to PostgreSQL
2025-05-23 10:24:05,681 INFO Received command c on object id p0
2025-05-23 10:24:05,687 INFO Sample rows for batch 91:
2025-05-23 10:24:06,136 INFO Received command c on object id p1
2025-05-23 10:24:06,320 INFO Batch 91 written to PostgreSQL
2025-05-23 10:24:13,215 INFO Received command c on object id p0
2025-05-23 10:24:13,219 INFO Sample rows for batch 92:
2025-05-23 10:24:14,172 INFO Received command c on object id p1
2025-05-23 10:24:14,356 INFO Batch 92 written to PostgreSQL
2025-05-23 10:24:21,561 INFO Received command c on object id p0
2025-05-23 10:24:21,578 INFO Sample rows for batch 93:
2025-05-23 10:24:22,261 INFO Received command c on object id p1
2025-05-23 10:24:22,450 INFO Batch 93 written to PostgreSQL
2025-05-23 10:24:30,065 INFO Received command c on object id p0
2025-05-23 10:24:30,072 INFO Sample rows for batch 94:
2025-05-23 10:24:30,893 INFO Received command c on object id p1
2025-05-23 10:24:31,068 INFO Batch 94 written to PostgreSQL
2025-05-23 10:24:38,467 INFO Received command c on object id p0
2025-05-23 10:24:38,472 INFO Sample rows for batch 95:
2025-05-23 10:24:39,724 INFO Received command c on object id p1
2025-05-23 10:24:39,925 INFO Batch 95 written to PostgreSQL
2025-05-23 10:24:46,520 INFO Received command c on object id p1
2025-05-23 10:24:46,755 INFO Batch 96 written to PostgreSQL
2025-05-23 10:24:47,045 INFO Received command c on object id p0
2025-05-23 10:24:47,050 INFO Sample rows for batch 96:
2025-05-23 10:24:53,997 INFO Received command c on object id p1
2025-05-23 10:24:54,220 INFO Batch 97 written to PostgreSQL
2025-05-23 10:24:54,432 INFO Received command c on object id p0
2025-05-23 10:24:54,437 INFO Sample rows for batch 97:
2025-05-23 10:25:01,587 INFO Received command c on object id p0
2025-05-23 10:25:01,593 INFO Sample rows for batch 98:
2025-05-23 10:25:03,298 INFO Received command c on object id p1
2025-05-23 10:25:03,562 INFO Batch 98 written to PostgreSQL
2025-05-23 10:25:08,832 INFO Received command c on object id p1
2025-05-23 10:25:09,074 INFO Batch 99 written to PostgreSQL
2025-05-23 10:25:09,131 INFO Received command c on object id p0
2025-05-23 10:25:09,138 INFO Sample rows for batch 99:
2025-05-23 10:25:17,717 INFO Received command c on object id p1
2025-05-23 10:25:17,848 INFO Received command c on object id p0
2025-05-23 10:25:17,852 INFO Sample rows for batch 100:
2025-05-23 10:25:17,916 INFO Batch 100 written to PostgreSQL
2025-05-23 10:25:24,252 INFO Received command c on object id p1
2025-05-23 10:25:24,338 INFO Received command c on object id p0
2025-05-23 10:25:24,343 INFO Sample rows for batch 101:
2025-05-23 10:25:24,451 INFO Batch 101 written to PostgreSQL
2025-05-23 10:25:33,095 INFO Received command c on object id p0
2025-05-23 10:25:33,100 INFO Sample rows for batch 102:
2025-05-23 10:25:33,150 INFO Received command c on object id p1
2025-05-23 10:25:33,379 INFO Batch 102 written to PostgreSQL
2025-05-23 10:25:39,416 INFO Received command c on object id p0
2025-05-23 10:25:39,422 INFO Sample rows for batch 103:
2025-05-23 10:25:39,610 INFO Received command c on object id p1
2025-05-23 10:25:39,788 INFO Batch 103 written to PostgreSQL
2025-05-23 10:25:47,407 INFO Received command c on object id p0
2025-05-23 10:25:47,413 INFO Sample rows for batch 104:
2025-05-23 10:25:47,817 INFO Received command c on object id p1
2025-05-23 10:25:47,991 INFO Batch 104 written to PostgreSQL
2025-05-23 10:25:55,419 INFO Received command c on object id p0
2025-05-23 10:25:55,427 INFO Sample rows for batch 105:
2025-05-23 10:25:55,986 INFO Received command c on object id p1
2025-05-23 10:25:56,162 INFO Batch 105 written to PostgreSQL
2025-05-23 10:26:02,280 INFO Received command c on object id p1
2025-05-23 10:26:02,508 INFO Batch 106 written to PostgreSQL
2025-05-23 10:26:03,012 INFO Received command c on object id p0
2025-05-23 10:26:03,017 INFO Sample rows for batch 106:
2025-05-23 10:26:09,654 INFO Received command c on object id p0
2025-05-23 10:26:09,659 INFO Sample rows for batch 107:
2025-05-23 10:26:10,468 INFO Received command c on object id p1
2025-05-23 10:26:10,695 INFO Batch 107 written to PostgreSQL
2025-05-23 10:26:17,238 INFO Received command c on object id p1
2025-05-23 10:26:17,420 INFO Batch 108 written to PostgreSQL
2025-05-23 10:26:17,808 INFO Received command c on object id p0
2025-05-23 10:26:17,814 INFO Sample rows for batch 108:
2025-05-23 10:26:24,659 INFO Received command c on object id p0
2025-05-23 10:26:24,665 INFO Sample rows for batch 109:
2025-05-23 10:26:25,799 INFO Received command c on object id p1
2025-05-23 10:26:25,997 INFO Batch 109 written to PostgreSQL
2025-05-23 10:26:32,433 INFO Received command c on object id p1
2025-05-23 10:26:32,610 INFO Received command c on object id p0
2025-05-23 10:26:32,616 INFO Sample rows for batch 110:
2025-05-23 10:26:32,726 INFO Batch 110 written to PostgreSQL
2025-05-23 10:26:41,890 INFO Received command c on object id p1
2025-05-23 10:26:41,955 INFO Received command c on object id p0
2025-05-23 10:26:41,960 INFO Sample rows for batch 111:
2025-05-23 10:26:42,075 INFO Batch 111 written to PostgreSQL
2025-05-23 10:26:48,720 INFO Received command c on object id p0
2025-05-23 10:26:48,725 INFO Sample rows for batch 112:
2025-05-23 10:26:48,873 INFO Received command c on object id p1
2025-05-23 10:26:49,043 INFO Batch 112 written to PostgreSQL
2025-05-23 10:26:57,061 INFO Received command c on object id p0
2025-05-23 10:26:57,066 INFO Sample rows for batch 113:
2025-05-23 10:26:57,302 INFO Received command c on object id p1
2025-05-23 10:26:57,478 INFO Batch 113 written to PostgreSQL
2025-05-23 10:27:03,227 INFO Received command c on object id p0
2025-05-23 10:27:03,232 INFO Sample rows for batch 114:
2025-05-23 10:27:03,540 INFO Received command c on object id p1
2025-05-23 10:27:03,720 INFO Batch 114 written to PostgreSQL
2025-05-23 10:27:11,420 INFO Received command c on object id p0
2025-05-23 10:27:11,426 INFO Sample rows for batch 115:
2025-05-23 10:27:11,849 INFO Received command c on object id p1
2025-05-23 10:27:12,052 INFO Batch 115 written to PostgreSQL
2025-05-23 10:27:18,873 INFO Received command c on object id p1
2025-05-23 10:27:19,055 INFO Batch 116 written to PostgreSQL
2025-05-23 10:27:20,005 INFO Received command c on object id p0
2025-05-23 10:27:20,010 INFO Sample rows for batch 116:
2025-05-23 10:27:27,235 INFO Received command c on object id p0
2025-05-23 10:27:27,241 INFO Sample rows for batch 117:
2025-05-23 10:27:27,896 INFO Received command c on object id p1
2025-05-23 10:27:28,098 INFO Batch 117 written to PostgreSQL
2025-05-23 23:52:06,724 INFO SparkSession initialized
2025-05-23 23:52:09,912 INFO Started reading streaming CSV data from /csv-data
2025-05-23 23:52:10,283 ERROR Transformation failed: An error occurred while calling o50.load.
: org.postgresql.util.PSQLException: ERROR: relation "user_events" does not exist
  Position: 15
	at org.postgresql.core.v3.QueryExecutorImpl.receiveErrorResponse(QueryExecutorImpl.java:2725)
	at org.postgresql.core.v3.QueryExecutorImpl.processResults(QueryExecutorImpl.java:2412)
	at org.postgresql.core.v3.QueryExecutorImpl.execute(QueryExecutorImpl.java:371)
	at org.postgresql.jdbc.PgStatement.executeInternal(PgStatement.java:502)
	at org.postgresql.jdbc.PgStatement.execute(PgStatement.java:419)
	at org.postgresql.jdbc.PgPreparedStatement.executeWithFlags(PgPreparedStatement.java:194)
	at org.postgresql.jdbc.PgPreparedStatement.executeQuery(PgPreparedStatement.java:137)
	at org.apache.spark.sql.execution.datasources.jdbc.JDBCRDD$.getQueryOutputSchema(JDBCRDD.scala:68)
	at org.apache.spark.sql.execution.datasources.jdbc.JDBCRDD$.resolveTable(JDBCRDD.scala:58)
	at org.apache.spark.sql.execution.datasources.jdbc.JDBCRelation$.getSchema(JDBCRelation.scala:241)
	at org.apache.spark.sql.execution.datasources.jdbc.JdbcRelationProvider.createRelation(JdbcRelationProvider.scala:37)
	at org.apache.spark.sql.execution.datasources.DataSource.resolveRelation(DataSource.scala:346)
	at org.apache.spark.sql.DataFrameReader.loadV1Source(DataFrameReader.scala:229)
	at org.apache.spark.sql.DataFrameReader.$anonfun$load$2(DataFrameReader.scala:211)
	at scala.Option.getOrElse(Option.scala:189)
	at org.apache.spark.sql.DataFrameReader.load(DataFrameReader.scala:211)
	at org.apache.spark.sql.DataFrameReader.load(DataFrameReader.scala:172)
	at java.base/jdk.internal.reflect.NativeMethodAccessorImpl.invoke0(Native Method)
	at java.base/jdk.internal.reflect.NativeMethodAccessorImpl.invoke(NativeMethodAccessorImpl.java:77)
	at java.base/jdk.internal.reflect.DelegatingMethodAccessorImpl.invoke(DelegatingMethodAccessorImpl.java:43)
	at java.base/java.lang.reflect.Method.invoke(Method.java:568)
	at py4j.reflection.MethodInvoker.invoke(MethodInvoker.java:244)
	at py4j.reflection.ReflectionEngine.invoke(ReflectionEngine.java:374)
	at py4j.Gateway.invoke(Gateway.java:282)
	at py4j.commands.AbstractCommand.invokeMethod(AbstractCommand.java:132)
	at py4j.commands.CallCommand.execute(CallCommand.java:79)
	at py4j.ClientServerConnection.waitForCommands(ClientServerConnection.java:182)
	at py4j.ClientServerConnection.run(ClientServerConnection.java:106)
	at java.base/java.lang.Thread.run(Thread.java:840)

2025-05-23 23:52:10,502 ERROR Application failed: An error occurred while calling o50.load.
: org.postgresql.util.PSQLException: ERROR: relation "user_events" does not exist
  Position: 15
	at org.postgresql.core.v3.QueryExecutorImpl.receiveErrorResponse(QueryExecutorImpl.java:2725)
	at org.postgresql.core.v3.QueryExecutorImpl.processResults(QueryExecutorImpl.java:2412)
	at org.postgresql.core.v3.QueryExecutorImpl.execute(QueryExecutorImpl.java:371)
	at org.postgresql.jdbc.PgStatement.executeInternal(PgStatement.java:502)
	at org.postgresql.jdbc.PgStatement.execute(PgStatement.java:419)
	at org.postgresql.jdbc.PgPreparedStatement.executeWithFlags(PgPreparedStatement.java:194)
	at org.postgresql.jdbc.PgPreparedStatement.executeQuery(PgPreparedStatement.java:137)
	at org.apache.spark.sql.execution.datasources.jdbc.JDBCRDD$.getQueryOutputSchema(JDBCRDD.scala:68)
	at org.apache.spark.sql.execution.datasources.jdbc.JDBCRDD$.resolveTable(JDBCRDD.scala:58)
	at org.apache.spark.sql.execution.datasources.jdbc.JDBCRelation$.getSchema(JDBCRelation.scala:241)
	at org.apache.spark.sql.execution.datasources.jdbc.JdbcRelationProvider.createRelation(JdbcRelationProvider.scala:37)
	at org.apache.spark.sql.execution.datasources.DataSource.resolveRelation(DataSource.scala:346)
	at org.apache.spark.sql.DataFrameReader.loadV1Source(DataFrameReader.scala:229)
	at org.apache.spark.sql.DataFrameReader.$anonfun$load$2(DataFrameReader.scala:211)
	at scala.Option.getOrElse(Option.scala:189)
	at org.apache.spark.sql.DataFrameReader.load(DataFrameReader.scala:211)
	at org.apache.spark.sql.DataFrameReader.load(DataFrameReader.scala:172)
	at java.base/jdk.internal.reflect.NativeMethodAccessorImpl.invoke0(Native Method)
	at java.base/jdk.internal.reflect.NativeMethodAccessorImpl.invoke(NativeMethodAccessorImpl.java:77)
	at java.base/jdk.internal.reflect.DelegatingMethodAccessorImpl.invoke(DelegatingMethodAccessorImpl.java:43)
	at java.base/java.lang.reflect.Method.invoke(Method.java:568)
	at py4j.reflection.MethodInvoker.invoke(MethodInvoker.java:244)
	at py4j.reflection.ReflectionEngine.invoke(ReflectionEngine.java:374)
	at py4j.Gateway.invoke(Gateway.java:282)
	at py4j.commands.AbstractCommand.invokeMethod(AbstractCommand.java:132)
	at py4j.commands.CallCommand.execute(CallCommand.java:79)
	at py4j.ClientServerConnection.waitForCommands(ClientServerConnection.java:182)
	at py4j.ClientServerConnection.run(ClientServerConnection.java:106)
	at java.base/java.lang.Thread.run(Thread.java:840)

2025-05-23 23:52:10,505 INFO Closing down clientserver connection
2025-05-23 23:58:00,159 INFO SparkSession initialized
2025-05-23 23:58:02,449 INFO Started reading streaming CSV data from /csv-data
2025-05-23 23:58:02,783 ERROR Transformation failed: An error occurred while calling o50.load.
: org.postgresql.util.PSQLException: ERROR: relation "user_events" does not exist
  Position: 15
	at org.postgresql.core.v3.QueryExecutorImpl.receiveErrorResponse(QueryExecutorImpl.java:2725)
	at org.postgresql.core.v3.QueryExecutorImpl.processResults(QueryExecutorImpl.java:2412)
	at org.postgresql.core.v3.QueryExecutorImpl.execute(QueryExecutorImpl.java:371)
	at org.postgresql.jdbc.PgStatement.executeInternal(PgStatement.java:502)
	at org.postgresql.jdbc.PgStatement.execute(PgStatement.java:419)
	at org.postgresql.jdbc.PgPreparedStatement.executeWithFlags(PgPreparedStatement.java:194)
	at org.postgresql.jdbc.PgPreparedStatement.executeQuery(PgPreparedStatement.java:137)
	at org.apache.spark.sql.execution.datasources.jdbc.JDBCRDD$.getQueryOutputSchema(JDBCRDD.scala:68)
	at org.apache.spark.sql.execution.datasources.jdbc.JDBCRDD$.resolveTable(JDBCRDD.scala:58)
	at org.apache.spark.sql.execution.datasources.jdbc.JDBCRelation$.getSchema(JDBCRelation.scala:241)
	at org.apache.spark.sql.execution.datasources.jdbc.JdbcRelationProvider.createRelation(JdbcRelationProvider.scala:37)
	at org.apache.spark.sql.execution.datasources.DataSource.resolveRelation(DataSource.scala:346)
	at org.apache.spark.sql.DataFrameReader.loadV1Source(DataFrameReader.scala:229)
	at org.apache.spark.sql.DataFrameReader.$anonfun$load$2(DataFrameReader.scala:211)
	at scala.Option.getOrElse(Option.scala:189)
	at org.apache.spark.sql.DataFrameReader.load(DataFrameReader.scala:211)
	at org.apache.spark.sql.DataFrameReader.load(DataFrameReader.scala:172)
	at java.base/jdk.internal.reflect.NativeMethodAccessorImpl.invoke0(Native Method)
	at java.base/jdk.internal.reflect.NativeMethodAccessorImpl.invoke(NativeMethodAccessorImpl.java:77)
	at java.base/jdk.internal.reflect.DelegatingMethodAccessorImpl.invoke(DelegatingMethodAccessorImpl.java:43)
	at java.base/java.lang.reflect.Method.invoke(Method.java:568)
	at py4j.reflection.MethodInvoker.invoke(MethodInvoker.java:244)
	at py4j.reflection.ReflectionEngine.invoke(ReflectionEngine.java:374)
	at py4j.Gateway.invoke(Gateway.java:282)
	at py4j.commands.AbstractCommand.invokeMethod(AbstractCommand.java:132)
	at py4j.commands.CallCommand.execute(CallCommand.java:79)
	at py4j.ClientServerConnection.waitForCommands(ClientServerConnection.java:182)
	at py4j.ClientServerConnection.run(ClientServerConnection.java:106)
	at java.base/java.lang.Thread.run(Thread.java:840)

2025-05-23 23:58:03,031 ERROR Application failed: An error occurred while calling o50.load.
: org.postgresql.util.PSQLException: ERROR: relation "user_events" does not exist
  Position: 15
	at org.postgresql.core.v3.QueryExecutorImpl.receiveErrorResponse(QueryExecutorImpl.java:2725)
	at org.postgresql.core.v3.QueryExecutorImpl.processResults(QueryExecutorImpl.java:2412)
	at org.postgresql.core.v3.QueryExecutorImpl.execute(QueryExecutorImpl.java:371)
	at org.postgresql.jdbc.PgStatement.executeInternal(PgStatement.java:502)
	at org.postgresql.jdbc.PgStatement.execute(PgStatement.java:419)
	at org.postgresql.jdbc.PgPreparedStatement.executeWithFlags(PgPreparedStatement.java:194)
	at org.postgresql.jdbc.PgPreparedStatement.executeQuery(PgPreparedStatement.java:137)
	at org.apache.spark.sql.execution.datasources.jdbc.JDBCRDD$.getQueryOutputSchema(JDBCRDD.scala:68)
	at org.apache.spark.sql.execution.datasources.jdbc.JDBCRDD$.resolveTable(JDBCRDD.scala:58)
	at org.apache.spark.sql.execution.datasources.jdbc.JDBCRelation$.getSchema(JDBCRelation.scala:241)
	at org.apache.spark.sql.execution.datasources.jdbc.JdbcRelationProvider.createRelation(JdbcRelationProvider.scala:37)
	at org.apache.spark.sql.execution.datasources.DataSource.resolveRelation(DataSource.scala:346)
	at org.apache.spark.sql.DataFrameReader.loadV1Source(DataFrameReader.scala:229)
	at org.apache.spark.sql.DataFrameReader.$anonfun$load$2(DataFrameReader.scala:211)
	at scala.Option.getOrElse(Option.scala:189)
	at org.apache.spark.sql.DataFrameReader.load(DataFrameReader.scala:211)
	at org.apache.spark.sql.DataFrameReader.load(DataFrameReader.scala:172)
	at java.base/jdk.internal.reflect.NativeMethodAccessorImpl.invoke0(Native Method)
	at java.base/jdk.internal.reflect.NativeMethodAccessorImpl.invoke(NativeMethodAccessorImpl.java:77)
	at java.base/jdk.internal.reflect.DelegatingMethodAccessorImpl.invoke(DelegatingMethodAccessorImpl.java:43)
	at java.base/java.lang.reflect.Method.invoke(Method.java:568)
	at py4j.reflection.MethodInvoker.invoke(MethodInvoker.java:244)
	at py4j.reflection.ReflectionEngine.invoke(ReflectionEngine.java:374)
	at py4j.Gateway.invoke(Gateway.java:282)
	at py4j.commands.AbstractCommand.invokeMethod(AbstractCommand.java:132)
	at py4j.commands.CallCommand.execute(CallCommand.java:79)
	at py4j.ClientServerConnection.waitForCommands(ClientServerConnection.java:182)
	at py4j.ClientServerConnection.run(ClientServerConnection.java:106)
	at java.base/java.lang.Thread.run(Thread.java:840)

2025-05-23 23:58:03,035 INFO Closing down clientserver connection
2025-05-24 00:06:47,824 INFO SparkSession initialized
2025-05-24 00:06:50,267 INFO Started reading streaming CSV data from /csv-data
2025-05-24 00:06:51,217 INFO Loaded existing event_ids from PostgreSQL
2025-05-24 00:06:51,470 INFO Callback Server Starting
2025-05-24 00:06:51,471 INFO Socket listening on ('127.0.0.1', 44829)
2025-05-24 00:06:51,828 INFO Applied transformations
2025-05-24 00:06:51,915 INFO Started streaming query to PostgreSQL
2025-05-24 00:06:55,242 INFO Python Server ready to receive messages
2025-05-24 00:06:55,243 INFO Received command c on object id p1
2025-05-24 00:06:55,243 INFO Python Server ready to receive messages
2025-05-24 00:06:55,244 INFO Received command c on object id p0
2025-05-24 00:06:55,248 INFO Sample rows for batch 0:
2025-05-24 00:06:59,056 INFO Batch 0 written to PostgreSQL
2025-05-24 00:06:59,561 INFO Received command c on object id p0
2025-05-24 00:06:59,569 INFO Sample rows for batch 1:
2025-05-24 00:06:59,670 INFO Received command c on object id p1
2025-05-24 00:07:00,167 INFO Batch 1 written to PostgreSQL
2025-05-24 00:07:00,679 INFO Received command c on object id p0
2025-05-24 00:07:00,694 INFO Sample rows for batch 2:
2025-05-24 00:07:00,897 INFO Received command c on object id p1
2025-05-24 00:07:01,408 INFO Batch 2 written to PostgreSQL
2025-05-24 00:07:01,574 INFO Received command c on object id p0
2025-05-24 00:07:01,580 INFO Sample rows for batch 3:
2025-05-24 00:07:01,936 INFO Received command c on object id p1
2025-05-24 00:07:02,420 INFO Received command c on object id p0
2025-05-24 00:07:02,424 INFO Batch 3 written to PostgreSQL
2025-05-24 00:07:02,426 INFO Sample rows for batch 4:
2025-05-24 00:07:02,932 INFO Received command c on object id p1
2025-05-24 00:07:03,227 INFO Received command c on object id p0
2025-05-24 00:07:03,244 INFO Sample rows for batch 5:
2025-05-24 00:07:03,472 INFO Batch 4 written to PostgreSQL
2025-05-24 00:07:03,988 INFO Received command c on object id p0
2025-05-24 00:07:03,996 INFO Sample rows for batch 6:
2025-05-24 00:07:04,010 INFO Received command c on object id p1
2025-05-24 00:07:04,618 INFO Batch 5 written to PostgreSQL
2025-05-24 00:07:05,089 INFO Received command c on object id p0
2025-05-24 00:07:05,095 INFO Sample rows for batch 7:
2025-05-24 00:07:05,360 INFO Received command c on object id p1
2025-05-24 00:07:05,999 INFO Batch 6 written to PostgreSQL
2025-05-24 00:07:06,177 INFO Received command c on object id p0
2025-05-24 00:07:06,185 INFO Sample rows for batch 8:
2025-05-24 00:07:06,554 INFO Received command c on object id p1
2025-05-24 00:07:07,031 INFO Received command c on object id p0
2025-05-24 00:07:07,036 INFO Sample rows for batch 9:
2025-05-24 00:07:07,050 INFO Batch 7 written to PostgreSQL
2025-05-24 00:07:07,506 INFO Received command c on object id p1
2025-05-24 00:07:07,613 INFO Received command c on object id p0
2025-05-24 00:07:07,618 INFO Sample rows for batch 10:
2025-05-24 00:07:07,882 INFO Batch 8 written to PostgreSQL
2025-05-24 00:07:08,286 INFO Received command c on object id p0
2025-05-24 00:07:08,292 INFO Sample rows for batch 11:
2025-05-24 00:07:08,412 INFO Received command c on object id p1
2025-05-24 00:07:08,831 INFO Batch 9 written to PostgreSQL
2025-05-24 00:07:08,988 INFO Received command c on object id p0
2025-05-24 00:07:08,993 INFO Sample rows for batch 12:
2025-05-24 00:07:09,235 INFO Received command c on object id p1
2025-05-24 00:07:09,549 INFO Received command c on object id p0
2025-05-24 00:07:09,551 INFO Batch 10 written to PostgreSQL
2025-05-24 00:07:09,554 INFO Sample rows for batch 13:
2025-05-24 00:07:09,938 INFO Received command c on object id p1
2025-05-24 00:07:10,055 INFO Received command c on object id p0
2025-05-24 00:07:10,062 INFO Sample rows for batch 14:
2025-05-24 00:07:10,250 INFO Batch 11 written to PostgreSQL
2025-05-24 00:07:10,534 INFO Received command c on object id p0
2025-05-24 00:07:10,537 INFO Sample rows for batch 15:
2025-05-24 00:07:10,559 INFO Received command c on object id p1
2025-05-24 00:07:10,877 INFO Batch 12 written to PostgreSQL
2025-05-24 00:07:11,053 INFO Received command c on object id p0
2025-05-24 00:07:11,056 INFO Sample rows for batch 16:
2025-05-24 00:07:11,186 INFO Received command c on object id p1
2025-05-24 00:07:11,501 INFO Batch 13 written to PostgreSQL
2025-05-24 00:07:11,566 INFO Received command c on object id p0
2025-05-24 00:07:11,572 INFO Sample rows for batch 17:
2025-05-24 00:07:11,874 INFO Received command c on object id p1
2025-05-24 00:07:12,021 INFO Received command c on object id p0
2025-05-24 00:07:12,025 INFO Sample rows for batch 18:
2025-05-24 00:07:12,172 INFO Batch 14 written to PostgreSQL
2025-05-24 00:07:12,571 INFO Received command c on object id p1
2025-05-24 00:07:12,608 INFO Received command c on object id p0
2025-05-24 00:07:12,616 INFO Sample rows for batch 19:
2025-05-24 00:07:13,071 INFO Batch 15 written to PostgreSQL
2025-05-24 00:07:13,498 INFO Received command c on object id p0
2025-05-24 00:07:13,503 INFO Sample rows for batch 20:
2025-05-24 00:07:13,631 INFO Received command c on object id p1
2025-05-24 00:07:14,034 INFO Batch 16 written to PostgreSQL
2025-05-24 00:07:14,150 INFO Received command c on object id p0
2025-05-24 00:07:14,155 INFO Sample rows for batch 21:
2025-05-24 00:07:14,457 INFO Received command c on object id p1
2025-05-24 00:07:14,745 INFO Received command c on object id p0
2025-05-24 00:07:14,755 INFO Sample rows for batch 22:
2025-05-24 00:07:14,832 INFO Batch 17 written to PostgreSQL
2025-05-24 00:07:15,120 INFO Received command c on object id p1
2025-05-24 00:07:15,155 INFO Received command c on object id p0
2025-05-24 00:07:15,159 INFO Sample rows for batch 23:
2025-05-24 00:07:15,418 INFO Batch 18 written to PostgreSQL
2025-05-24 00:07:15,654 INFO Received command c on object id p0
2025-05-24 00:07:15,658 INFO Sample rows for batch 24:
2025-05-24 00:07:15,815 INFO Received command c on object id p1
2025-05-24 00:07:16,226 INFO Batch 19 written to PostgreSQL
2025-05-24 00:07:16,297 INFO Received command c on object id p0
2025-05-24 00:07:16,301 INFO Sample rows for batch 25:
2025-05-24 00:07:16,546 INFO Received command c on object id p1
2025-05-24 00:07:16,848 INFO Received command c on object id p0
2025-05-24 00:07:16,869 INFO Sample rows for batch 26:
2025-05-24 00:07:17,015 INFO Batch 20 written to PostgreSQL
2025-05-24 00:07:17,367 INFO Received command c on object id p0
2025-05-24 00:07:17,371 INFO Sample rows for batch 27:
2025-05-24 00:07:17,377 INFO Received command c on object id p1
2025-05-24 00:07:17,670 INFO Batch 21 written to PostgreSQL
2025-05-24 00:07:17,875 INFO Received command c on object id p0
2025-05-24 00:07:17,880 INFO Sample rows for batch 28:
2025-05-24 00:07:18,043 INFO Received command c on object id p1
2025-05-24 00:07:18,319 INFO Batch 22 written to PostgreSQL
2025-05-24 00:07:18,387 INFO Received command c on object id p0
2025-05-24 00:07:18,391 INFO Sample rows for batch 29:
2025-05-24 00:07:18,877 INFO Received command c on object id p1
2025-05-24 00:07:19,150 INFO Received command c on object id p0
2025-05-24 00:07:19,161 INFO Sample rows for batch 30:
2025-05-24 00:07:19,403 INFO Batch 23 written to PostgreSQL
2025-05-24 00:07:19,736 INFO Received command c on object id p1
2025-05-24 00:07:20,117 INFO Batch 24 written to PostgreSQL
2025-05-24 00:07:20,503 INFO Received command c on object id p1
2025-05-24 00:07:20,838 INFO Batch 25 written to PostgreSQL
2025-05-24 00:07:21,206 INFO Received command c on object id p1
2025-05-24 00:07:21,509 INFO Batch 26 written to PostgreSQL
2025-05-24 00:07:21,871 INFO Received command c on object id p1
2025-05-24 00:07:22,133 INFO Received command c on object id p0
2025-05-24 00:07:22,143 INFO Sample rows for batch 31:
2025-05-24 00:07:22,248 INFO Batch 27 written to PostgreSQL
2025-05-24 00:07:22,616 INFO Received command c on object id p1
2025-05-24 00:07:22,840 INFO Batch 28 written to PostgreSQL
2025-05-24 00:07:23,287 INFO Received command c on object id p1
2025-05-24 00:07:23,515 INFO Batch 29 written to PostgreSQL
2025-05-24 00:07:23,781 INFO Received command c on object id p1
2025-05-24 00:07:23,969 INFO Batch 30 written to PostgreSQL
2025-05-24 00:07:25,689 INFO Received command c on object id p1
2025-05-24 00:07:25,936 INFO Batch 31 written to PostgreSQL
2025-05-24 00:07:26,037 INFO Received command c on object id p0
2025-05-24 00:07:26,040 INFO Sample rows for batch 32:
2025-05-24 00:07:32,384 INFO Received command c on object id p1
2025-05-24 00:07:32,517 INFO Batch 32 written to PostgreSQL
2025-05-24 00:07:32,547 INFO Received command c on object id p0
2025-05-24 00:07:32,551 INFO Sample rows for batch 33:
2025-05-24 00:07:38,742 INFO Received command c on object id p1
2025-05-24 00:07:38,868 INFO Received command c on object id p0
2025-05-24 00:07:38,871 INFO Sample rows for batch 34:
2025-05-24 00:07:38,905 INFO Batch 33 written to PostgreSQL
2025-05-24 00:07:45,414 INFO Received command c on object id p1
2025-05-24 00:07:45,492 INFO Received command c on object id p0
2025-05-24 00:07:45,496 INFO Sample rows for batch 35:
2025-05-24 00:07:45,562 INFO Batch 34 written to PostgreSQL
2025-05-24 00:07:52,344 INFO Received command c on object id p1
2025-05-24 00:07:52,349 INFO Received command c on object id p0
2025-05-24 00:07:52,352 INFO Sample rows for batch 36:
2025-05-24 00:07:52,482 INFO Batch 35 written to PostgreSQL
2025-05-24 00:08:00,917 INFO Received command c on object id p0
2025-05-24 00:08:00,925 INFO Sample rows for batch 37:
2025-05-24 00:08:00,971 INFO Received command c on object id p1
2025-05-24 00:08:01,202 INFO Batch 36 written to PostgreSQL
2025-05-24 00:08:08,999 INFO Received command c on object id p1
2025-05-24 00:08:09,202 INFO Batch 37 written to PostgreSQL
2025-05-24 00:08:10,773 INFO Received command c on object id p0
2025-05-24 00:08:10,780 INFO Sample rows for batch 38:
2025-05-24 00:08:14,476 INFO Received command c on object id p0
2025-05-24 00:08:14,480 INFO Sample rows for batch 39:
2025-05-24 00:08:14,749 INFO Received command c on object id p1
2025-05-24 00:08:14,917 INFO Batch 38 written to PostgreSQL
2025-05-24 00:08:21,934 INFO Received command c on object id p0
2025-05-24 00:08:21,943 INFO Sample rows for batch 40:
2025-05-24 00:08:22,368 INFO Received command c on object id p1
2025-05-24 00:08:22,516 INFO Batch 39 written to PostgreSQL
2025-05-24 00:08:28,447 INFO Received command c on object id p0
2025-05-24 00:08:28,451 INFO Sample rows for batch 41:
2025-05-24 00:08:29,028 INFO Received command c on object id p1
2025-05-24 00:08:29,179 INFO Batch 40 written to PostgreSQL
2025-05-24 00:08:35,913 INFO Received command c on object id p1
2025-05-24 00:08:36,097 INFO Batch 41 written to PostgreSQL
2025-05-24 00:08:36,871 INFO Received command c on object id p0
2025-05-24 00:08:36,875 INFO Sample rows for batch 42:
2025-05-24 00:08:42,767 INFO Received command c on object id p1
2025-05-24 00:08:42,944 INFO Batch 42 written to PostgreSQL
2025-05-24 00:08:43,785 INFO Received command c on object id p0
2025-05-24 00:08:43,789 INFO Sample rows for batch 43:
2025-05-24 00:08:49,358 INFO Received command c on object id p0
2025-05-24 00:08:49,361 INFO Sample rows for batch 44:
2025-05-24 00:08:50,334 INFO Received command c on object id p1
2025-05-24 00:08:50,497 INFO Batch 43 written to PostgreSQL
2025-05-24 00:08:56,617 INFO Received command c on object id p0
2025-05-24 00:08:56,620 INFO Sample rows for batch 45:
2025-05-24 00:08:57,436 INFO Received command c on object id p1
2025-05-24 00:08:57,570 INFO Batch 44 written to PostgreSQL
2025-05-24 00:09:04,075 INFO Received command c on object id p0
2025-05-24 00:09:04,079 INFO Sample rows for batch 46:
2025-05-24 00:09:04,987 INFO Received command c on object id p1
2025-05-24 00:09:05,119 INFO Batch 45 written to PostgreSQL
2025-05-24 00:09:12,028 INFO Received command c on object id p1
2025-05-24 00:09:12,172 INFO Batch 46 written to PostgreSQL
2025-05-24 00:09:12,500 INFO Received command c on object id p0
2025-05-24 00:09:12,503 INFO Sample rows for batch 47:
2025-05-24 00:09:18,043 INFO Received command c on object id p0
2025-05-24 00:09:18,047 INFO Sample rows for batch 48:
2025-05-24 00:09:19,299 INFO Received command c on object id p1
2025-05-24 00:09:19,483 INFO Batch 47 written to PostgreSQL
2025-05-24 00:09:26,028 INFO Received command c on object id p1
2025-05-24 00:09:26,225 INFO Batch 48 written to PostgreSQL
2025-05-24 00:09:26,402 INFO Received command c on object id p0
2025-05-24 00:09:26,406 INFO Sample rows for batch 49:
2025-05-24 00:09:31,972 INFO Received command c on object id p0
2025-05-24 00:09:31,975 INFO Sample rows for batch 50:
2025-05-24 00:09:33,432 INFO Received command c on object id p1
2025-05-24 00:09:33,601 INFO Batch 49 written to PostgreSQL
2025-05-24 00:09:39,290 INFO Received command c on object id p1
2025-05-24 00:09:39,382 INFO Received command c on object id p0
2025-05-24 00:09:39,386 INFO Sample rows for batch 51:
2025-05-24 00:09:39,464 INFO Batch 50 written to PostgreSQL
2025-05-24 00:09:45,774 INFO Received command c on object id p1
2025-05-24 00:09:45,774 INFO Received command c on object id p0
2025-05-24 00:09:45,778 INFO Sample rows for batch 52:
2025-05-24 00:09:45,985 INFO Batch 51 written to PostgreSQL
2025-05-24 00:09:54,400 INFO Received command c on object id p0
2025-05-24 00:09:54,407 INFO Sample rows for batch 53:
2025-05-24 00:09:54,500 INFO Received command c on object id p1
2025-05-24 00:09:54,680 INFO Batch 52 written to PostgreSQL
2025-05-24 00:10:02,679 INFO Received command c on object id p0
2025-05-24 00:10:02,684 INFO Sample rows for batch 54:
2025-05-24 00:10:02,853 INFO Received command c on object id p1
2025-05-24 00:10:03,031 INFO Batch 53 written to PostgreSQL
2025-05-24 00:10:10,649 INFO Received command c on object id p1
2025-05-24 00:10:10,927 INFO Batch 54 written to PostgreSQL
2025-05-24 00:10:12,367 INFO Received command c on object id p0
2025-05-24 00:10:12,371 INFO Sample rows for batch 55:
2025-05-24 00:10:16,751 INFO Received command c on object id p0
2025-05-24 00:10:16,756 INFO Sample rows for batch 56:
2025-05-24 00:10:17,062 INFO Received command c on object id p1
2025-05-24 00:10:17,287 INFO Batch 55 written to PostgreSQL
2025-05-24 00:10:23,586 INFO Received command c on object id p1
2025-05-24 00:10:23,719 INFO Batch 56 written to PostgreSQL
2025-05-24 00:10:24,815 INFO Received command c on object id p0
2025-05-24 00:10:24,818 INFO Sample rows for batch 57:
2025-05-24 00:10:30,528 INFO Received command c on object id p1
2025-05-24 00:10:30,661 INFO Batch 57 written to PostgreSQL
2025-05-24 00:10:31,523 INFO Received command c on object id p0
2025-05-24 00:10:31,526 INFO Sample rows for batch 58:
2025-05-24 00:10:37,394 INFO Received command c on object id p1
2025-05-24 00:10:37,527 INFO Batch 58 written to PostgreSQL
2025-05-24 00:10:38,607 INFO Received command c on object id p0
2025-05-24 00:10:38,610 INFO Sample rows for batch 59:
2025-05-24 00:10:44,458 INFO Received command c on object id p1
2025-05-24 00:10:44,596 INFO Batch 59 written to PostgreSQL
2025-05-24 00:10:45,752 INFO Received command c on object id p0
2025-05-24 00:10:45,756 INFO Sample rows for batch 60:
2025-05-24 00:10:50,886 INFO Received command c on object id p0
2025-05-24 00:10:50,889 INFO Sample rows for batch 61:
2025-05-24 00:10:51,553 INFO Received command c on object id p1
2025-05-24 00:10:51,691 INFO Batch 60 written to PostgreSQL
2025-05-24 00:10:58,823 INFO Received command c on object id p0
2025-05-24 00:10:58,826 INFO Sample rows for batch 62:
2025-05-24 00:10:59,558 INFO Received command c on object id p1
2025-05-24 00:10:59,682 INFO Batch 61 written to PostgreSQL
2025-05-24 00:11:06,527 INFO Received command c on object id p0
2025-05-24 00:11:06,531 INFO Sample rows for batch 63:
2025-05-24 00:11:07,272 INFO Received command c on object id p1
2025-05-24 00:11:07,413 INFO Batch 62 written to PostgreSQL
2025-05-24 00:11:13,571 INFO Received command c on object id p0
2025-05-24 00:11:13,574 INFO Sample rows for batch 64:
2025-05-24 00:11:14,485 INFO Received command c on object id p1
2025-05-24 00:11:14,644 INFO Batch 63 written to PostgreSQL
2025-05-24 00:11:20,168 INFO Received command c on object id p1
2025-05-24 00:11:20,305 INFO Batch 64 written to PostgreSQL
2025-05-24 00:11:20,922 INFO Received command c on object id p0
2025-05-24 00:11:20,925 INFO Sample rows for batch 65:
2025-05-24 00:11:27,390 INFO Received command c on object id p1
2025-05-24 00:11:27,508 INFO Batch 65 written to PostgreSQL
2025-05-24 00:11:28,053 INFO Received command c on object id p0
2025-05-24 00:11:28,056 INFO Sample rows for batch 66:
2025-05-24 00:11:34,143 INFO Received command c on object id p1
2025-05-24 00:11:34,297 INFO Batch 66 written to PostgreSQL
2025-05-24 00:11:34,895 INFO Received command c on object id p0
2025-05-24 00:11:34,898 INFO Sample rows for batch 67:
2025-05-24 00:11:41,252 INFO Received command c on object id p1
2025-05-24 00:11:41,376 INFO Batch 67 written to PostgreSQL
2025-05-24 00:11:41,865 INFO Received command c on object id p0
2025-05-24 00:11:41,868 INFO Sample rows for batch 68:
2025-05-24 00:11:48,343 INFO Received command c on object id p1
2025-05-24 00:11:48,533 INFO Batch 68 written to PostgreSQL
2025-05-24 00:11:48,898 INFO Received command c on object id p0
2025-05-24 00:11:48,901 INFO Sample rows for batch 69:
2025-05-24 00:11:55,780 INFO Received command c on object id p1
2025-05-24 00:11:55,933 INFO Batch 69 written to PostgreSQL
2025-05-24 00:11:56,271 INFO Received command c on object id p0
2025-05-24 00:11:56,275 INFO Sample rows for batch 70:
2025-05-24 00:12:01,454 INFO Received command c on object id p0
2025-05-24 00:12:01,457 INFO Sample rows for batch 71:
2025-05-24 00:12:03,125 INFO Received command c on object id p1
2025-05-24 00:12:03,325 INFO Batch 70 written to PostgreSQL
2025-05-24 00:12:09,376 INFO Received command c on object id p1
2025-05-24 00:12:09,512 INFO Batch 71 written to PostgreSQL
2025-05-24 00:12:09,691 INFO Received command c on object id p0
2025-05-24 00:12:09,695 INFO Sample rows for batch 72:
2025-05-24 00:12:18,088 INFO Received command c on object id p1
2025-05-24 00:12:18,219 INFO Batch 72 written to PostgreSQL
2025-05-24 00:12:18,236 INFO Received command c on object id p0
2025-05-24 00:12:18,239 INFO Sample rows for batch 73:
2025-05-24 00:12:24,034 INFO Received command c on object id p1
2025-05-24 00:12:24,133 INFO Received command c on object id p0
2025-05-24 00:12:24,137 INFO Sample rows for batch 74:
2025-05-24 00:12:24,245 INFO Batch 73 written to PostgreSQL
2025-05-24 00:12:31,080 INFO Received command c on object id p1
2025-05-24 00:12:31,102 INFO Received command c on object id p0
2025-05-24 00:12:31,106 INFO Sample rows for batch 75:
2025-05-24 00:12:31,197 INFO Batch 74 written to PostgreSQL
2025-05-24 00:12:38,174 INFO Received command c on object id p0
2025-05-24 00:12:38,177 INFO Sample rows for batch 76:
2025-05-24 00:12:38,240 INFO Received command c on object id p1
2025-05-24 00:12:38,370 INFO Batch 75 written to PostgreSQL
2025-05-24 00:12:45,038 INFO Received command c on object id p0
2025-05-24 00:12:45,041 INFO Sample rows for batch 77:
2025-05-24 00:12:45,241 INFO Received command c on object id p1
2025-05-24 00:12:45,376 INFO Batch 76 written to PostgreSQL
2025-05-24 00:12:50,909 INFO Received command c on object id p1
2025-05-24 00:12:51,025 INFO Batch 77 written to PostgreSQL
2025-05-24 00:12:52,617 INFO Received command c on object id p0
2025-05-24 00:12:52,621 INFO Sample rows for batch 78:
2025-05-24 00:12:58,550 INFO Received command c on object id p0
2025-05-24 00:12:58,554 INFO Sample rows for batch 79:
2025-05-24 00:12:58,787 INFO Received command c on object id p1
2025-05-24 00:12:58,943 INFO Batch 78 written to PostgreSQL
2025-05-24 00:13:06,255 INFO Received command c on object id p0
2025-05-24 00:13:06,258 INFO Sample rows for batch 80:
2025-05-24 00:13:06,442 INFO Received command c on object id p1
2025-05-24 00:13:06,584 INFO Batch 79 written to PostgreSQL
2025-05-24 00:13:12,015 INFO Received command c on object id p0
2025-05-24 00:13:12,019 INFO Sample rows for batch 81:
2025-05-24 00:13:12,297 INFO Received command c on object id p1
2025-05-24 00:13:12,427 INFO Batch 80 written to PostgreSQL
2025-05-24 00:13:19,243 INFO Received command c on object id p0
2025-05-24 00:13:19,247 INFO Sample rows for batch 82:
2025-05-24 00:13:19,512 INFO Received command c on object id p1
2025-05-24 00:13:19,668 INFO Batch 81 written to PostgreSQL
2025-05-24 00:13:27,020 INFO Received command c on object id p0
2025-05-24 00:13:27,025 INFO Sample rows for batch 83:
2025-05-24 00:13:27,349 INFO Received command c on object id p1
2025-05-24 00:13:27,468 INFO Batch 82 written to PostgreSQL
2025-05-24 00:13:33,488 INFO Received command c on object id p1
2025-05-24 00:13:33,646 INFO Batch 83 written to PostgreSQL
2025-05-24 00:13:34,834 INFO Received command c on object id p0
2025-05-24 00:13:34,837 INFO Sample rows for batch 84:
2025-05-24 00:13:40,419 INFO Received command c on object id p0
2025-05-24 00:13:40,422 INFO Sample rows for batch 85:
2025-05-24 00:13:40,948 INFO Received command c on object id p1
2025-05-24 00:13:41,083 INFO Batch 84 written to PostgreSQL
2025-05-24 00:13:47,613 INFO Received command c on object id p1
2025-05-24 00:13:47,766 INFO Batch 85 written to PostgreSQL
2025-05-24 00:13:48,882 INFO Received command c on object id p0
2025-05-24 00:13:48,886 INFO Sample rows for batch 86:
2025-05-24 00:13:54,537 INFO Received command c on object id p1
2025-05-24 00:13:54,710 INFO Batch 86 written to PostgreSQL
2025-05-24 00:13:55,654 INFO Received command c on object id p0
2025-05-24 00:13:55,659 INFO Sample rows for batch 87:
2025-05-24 00:14:02,181 INFO Received command c on object id p0
2025-05-24 00:14:02,184 INFO Sample rows for batch 88:
2025-05-24 00:14:03,092 INFO Received command c on object id p1
2025-05-24 00:14:03,239 INFO Batch 87 written to PostgreSQL
2025-05-24 00:14:08,756 INFO Received command c on object id p0
2025-05-24 00:14:08,760 INFO Sample rows for batch 89:
2025-05-24 00:14:09,771 INFO Received command c on object id p1
2025-05-24 00:14:09,921 INFO Batch 88 written to PostgreSQL
2025-05-24 00:14:16,506 INFO Received command c on object id p1
2025-05-24 00:14:16,657 INFO Batch 89 written to PostgreSQL
2025-05-24 00:14:17,499 INFO Received command c on object id p0
2025-05-24 00:14:17,504 INFO Sample rows for batch 90:
2025-05-24 00:14:24,022 INFO Received command c on object id p0
2025-05-24 00:14:24,026 INFO Sample rows for batch 91:
2025-05-24 00:14:24,976 INFO Received command c on object id p1
2025-05-24 00:14:25,129 INFO Batch 90 written to PostgreSQL
2025-05-24 00:14:31,051 INFO Received command c on object id p0
2025-05-24 00:14:31,055 INFO Sample rows for batch 92:
2025-05-24 00:14:32,053 INFO Received command c on object id p1
2025-05-24 00:14:32,188 INFO Batch 91 written to PostgreSQL
2025-05-24 00:14:38,891 INFO Received command c on object id p1
2025-05-24 00:14:39,048 INFO Batch 92 written to PostgreSQL
2025-05-24 00:14:39,776 INFO Received command c on object id p0
2025-05-24 00:14:39,779 INFO Sample rows for batch 93:
2025-05-24 00:14:45,363 INFO Received command c on object id p1
2025-05-24 00:14:45,488 INFO Batch 93 written to PostgreSQL
2025-05-24 00:14:46,037 INFO Received command c on object id p0
2025-05-24 00:14:46,040 INFO Sample rows for batch 94:
2025-05-24 00:14:52,046 INFO Received command c on object id p0
2025-05-24 00:14:52,050 INFO Sample rows for batch 95:
2025-05-24 00:14:53,087 INFO Received command c on object id p1
2025-05-24 00:14:53,211 INFO Batch 94 written to PostgreSQL
2025-05-24 00:14:58,859 INFO Received command c on object id p1
2025-05-24 00:14:58,988 INFO Batch 95 written to PostgreSQL
2025-05-24 00:14:59,394 INFO Received command c on object id p0
2025-05-24 00:14:59,398 INFO Sample rows for batch 96:
2025-05-24 00:15:06,423 INFO Received command c on object id p1
2025-05-24 00:15:06,561 INFO Batch 96 written to PostgreSQL
2025-05-24 00:15:06,894 INFO Received command c on object id p0
2025-05-24 00:15:06,897 INFO Sample rows for batch 97:
2025-05-24 00:15:12,476 INFO Received command c on object id p1
2025-05-24 00:15:12,588 INFO Batch 97 written to PostgreSQL
2025-05-24 00:15:12,843 INFO Received command c on object id p0
2025-05-24 00:15:12,846 INFO Sample rows for batch 98:
2025-05-24 00:15:20,214 INFO Received command c on object id p1
2025-05-24 00:15:20,331 INFO Batch 98 written to PostgreSQL
2025-05-24 00:15:20,540 INFO Received command c on object id p0
2025-05-24 00:15:20,543 INFO Sample rows for batch 99:
2025-05-24 00:15:28,028 INFO Received command c on object id p1
2025-05-24 00:15:28,158 INFO Batch 99 written to PostgreSQL
2025-05-24 00:15:28,186 INFO Received command c on object id p0
2025-05-24 00:15:28,190 INFO Sample rows for batch 100:
2025-05-24 00:15:35,329 INFO Received command c on object id p1
2025-05-24 00:15:35,433 INFO Received command c on object id p0
2025-05-24 00:15:35,436 INFO Sample rows for batch 101:
2025-05-24 00:15:35,464 INFO Batch 100 written to PostgreSQL
2025-05-24 00:15:41,326 INFO Received command c on object id p1
2025-05-24 00:15:41,329 INFO Received command c on object id p0
2025-05-24 00:15:41,332 INFO Sample rows for batch 102:
2025-05-24 00:15:41,456 INFO Batch 101 written to PostgreSQL
2025-05-24 00:15:48,791 INFO Received command c on object id p0
2025-05-24 00:15:48,795 INFO Sample rows for batch 103:
2025-05-24 00:15:48,896 INFO Received command c on object id p1
2025-05-24 00:15:49,010 INFO Batch 102 written to PostgreSQL
2025-05-24 00:15:54,407 INFO Received command c on object id p1
2025-05-24 00:15:54,548 INFO Batch 103 written to PostgreSQL
2025-05-24 00:15:55,983 INFO Received command c on object id p0
2025-05-24 00:15:55,986 INFO Sample rows for batch 104:
2025-05-24 00:16:01,433 INFO Received command c on object id p0
2025-05-24 00:16:01,436 INFO Sample rows for batch 105:
2025-05-24 00:16:01,768 INFO Received command c on object id p1
2025-05-24 00:16:01,913 INFO Batch 104 written to PostgreSQL
2025-05-24 00:16:09,863 INFO Received command c on object id p0
2025-05-24 00:16:09,868 INFO Sample rows for batch 106:
2025-05-24 00:16:10,341 INFO Received command c on object id p1
2025-05-24 00:16:10,523 INFO Batch 105 written to PostgreSQL
2025-05-24 00:16:16,939 INFO Received command c on object id p0
2025-05-24 00:16:16,946 INFO Sample rows for batch 107:
2025-05-24 00:16:17,434 INFO Received command c on object id p1
2025-05-24 00:16:17,575 INFO Batch 106 written to PostgreSQL
2025-05-24 00:16:23,866 INFO Received command c on object id p0
2025-05-24 00:16:23,870 INFO Sample rows for batch 108:
2025-05-24 00:16:24,416 INFO Received command c on object id p1
2025-05-24 00:16:24,562 INFO Batch 107 written to PostgreSQL
2025-05-24 00:16:29,871 INFO Received command c on object id p0
2025-05-24 00:16:29,874 INFO Sample rows for batch 109:
2025-05-24 00:16:30,475 INFO Received command c on object id p1
2025-05-24 00:16:30,587 INFO Batch 108 written to PostgreSQL
2025-05-24 00:16:36,976 INFO Received command c on object id p1
2025-05-24 00:16:37,096 INFO Batch 109 written to PostgreSQL
2025-05-24 00:16:38,083 INFO Received command c on object id p0
2025-05-24 00:16:38,087 INFO Sample rows for batch 110:
2025-05-24 00:16:44,507 INFO Received command c on object id p0
2025-05-24 00:16:44,511 INFO Sample rows for batch 111:
2025-05-24 00:16:45,133 INFO Received command c on object id p1
2025-05-24 00:16:45,253 INFO Batch 110 written to PostgreSQL
2025-05-24 00:16:51,132 INFO Received command c on object id p1
2025-05-24 00:16:51,281 INFO Batch 111 written to PostgreSQL
2025-05-24 00:16:52,256 INFO Received command c on object id p0
2025-05-24 00:16:52,260 INFO Sample rows for batch 112:
2025-05-24 00:16:57,778 INFO Received command c on object id p0
2025-05-24 00:16:57,781 INFO Sample rows for batch 113:
2025-05-24 00:16:58,553 INFO Received command c on object id p1
2025-05-24 00:16:58,695 INFO Batch 112 written to PostgreSQL
2025-05-24 00:17:04,551 INFO Received command c on object id p1
2025-05-24 00:17:04,659 INFO Batch 113 written to PostgreSQL
2025-05-24 00:17:05,328 INFO Received command c on object id p0
2025-05-24 00:17:05,330 INFO Sample rows for batch 114:
2025-05-24 00:17:11,027 INFO Received command c on object id p0
2025-05-24 00:17:11,032 INFO Sample rows for batch 115:
2025-05-24 00:17:12,021 INFO Received command c on object id p1
2025-05-24 00:17:12,136 INFO Batch 114 written to PostgreSQL
2025-05-24 00:17:18,303 INFO Received command c on object id p1
2025-05-24 00:17:18,447 INFO Batch 115 written to PostgreSQL
2025-05-24 00:17:19,217 INFO Received command c on object id p0
2025-05-24 00:17:19,220 INFO Sample rows for batch 116:
2025-05-24 00:17:26,720 INFO Received command c on object id p0
2025-05-24 00:17:26,724 INFO Sample rows for batch 117:
2025-05-24 00:17:28,221 INFO Received command c on object id p1
2025-05-24 00:17:28,404 INFO Batch 116 written to PostgreSQL
2025-05-24 00:17:33,354 INFO Received command c on object id p1
2025-05-24 00:17:33,531 INFO Batch 117 written to PostgreSQL
2025-05-24 00:17:34,089 INFO Received command c on object id p0
2025-05-24 00:17:34,093 INFO Sample rows for batch 118:
2025-05-24 00:17:40,254 INFO Received command c on object id p1
2025-05-24 00:17:40,436 INFO Batch 118 written to PostgreSQL
2025-05-24 00:17:40,915 INFO Received command c on object id p0
2025-05-24 00:17:40,919 INFO Sample rows for batch 119:
2025-05-24 00:17:46,506 INFO Received command c on object id p1
2025-05-24 00:17:46,631 INFO Batch 119 written to PostgreSQL
2025-05-24 00:17:46,865 INFO Received command c on object id p0
2025-05-24 00:17:46,868 INFO Sample rows for batch 120:
2025-05-24 00:17:55,063 INFO Received command c on object id p1
2025-05-24 00:17:55,194 INFO Batch 120 written to PostgreSQL
2025-05-24 00:17:55,333 INFO Received command c on object id p0
2025-05-24 00:17:55,338 INFO Sample rows for batch 121:
2025-05-24 00:18:01,289 INFO Received command c on object id p1
2025-05-24 00:18:01,404 INFO Batch 121 written to PostgreSQL
2025-05-24 00:18:01,493 INFO Received command c on object id p0
2025-05-24 00:18:01,496 INFO Sample rows for batch 122:
2025-05-24 00:18:08,006 INFO Received command c on object id p1
2025-05-24 00:18:08,137 INFO Batch 122 written to PostgreSQL
2025-05-24 00:18:08,140 INFO Received command c on object id p0
2025-05-24 00:18:08,144 INFO Sample rows for batch 123:
2025-05-24 00:18:15,994 INFO Received command c on object id p1
2025-05-24 00:18:16,013 INFO Received command c on object id p0
2025-05-24 00:18:16,017 INFO Sample rows for batch 124:
2025-05-24 00:18:16,139 INFO Batch 123 written to PostgreSQL
2025-05-24 00:18:22,035 INFO Received command c on object id p0
2025-05-24 00:18:22,039 INFO Sample rows for batch 125:
2025-05-24 00:18:22,116 INFO Received command c on object id p1
2025-05-24 00:18:22,233 INFO Batch 124 written to PostgreSQL
2025-05-24 00:18:30,250 INFO Received command c on object id p0
2025-05-24 00:18:30,255 INFO Sample rows for batch 126:
2025-05-24 00:18:30,357 INFO Received command c on object id p1
2025-05-24 00:18:30,488 INFO Batch 125 written to PostgreSQL
2025-05-24 00:18:36,434 INFO Received command c on object id p0
2025-05-24 00:18:36,439 INFO Sample rows for batch 127:
2025-05-24 00:18:37,019 INFO Received command c on object id p1
2025-05-24 00:18:37,247 INFO Batch 126 written to PostgreSQL
2025-05-24 00:18:43,183 INFO Received command c on object id p0
2025-05-24 00:18:43,187 INFO Sample rows for batch 128:
2025-05-24 00:18:43,497 INFO Received command c on object id p1
2025-05-24 00:18:43,635 INFO Batch 127 written to PostgreSQL
2025-05-24 00:18:51,355 INFO Received command c on object id p0
2025-05-24 00:18:51,358 INFO Sample rows for batch 129:
2025-05-24 00:18:51,683 INFO Received command c on object id p1
2025-05-24 00:18:51,808 INFO Batch 128 written to PostgreSQL
2025-05-24 00:18:58,505 INFO Received command c on object id p0
2025-05-24 00:18:58,511 INFO Sample rows for batch 130:
2025-05-24 00:18:58,984 INFO Received command c on object id p1
2025-05-24 00:18:59,136 INFO Batch 129 written to PostgreSQL
2025-05-24 00:19:05,449 INFO Received command c on object id p0
2025-05-24 00:19:05,452 INFO Sample rows for batch 131:
2025-05-24 00:19:05,953 INFO Received command c on object id p1
2025-05-24 00:19:06,081 INFO Batch 130 written to PostgreSQL
2025-05-24 00:19:11,317 INFO Received command c on object id p0
2025-05-24 00:19:11,319 INFO Sample rows for batch 132:
2025-05-24 00:19:11,779 INFO Received command c on object id p1
2025-05-24 00:19:11,907 INFO Batch 131 written to PostgreSQL
2025-05-24 00:19:18,135 INFO Received command c on object id p1
2025-05-24 00:19:18,255 INFO Batch 132 written to PostgreSQL
2025-05-24 00:19:19,301 INFO Received command c on object id p0
2025-05-24 00:19:19,303 INFO Sample rows for batch 133:
2025-05-24 00:19:25,232 INFO Received command c on object id p0
2025-05-24 00:19:25,236 INFO Sample rows for batch 134:
2025-05-24 00:19:25,969 INFO Received command c on object id p1
2025-05-24 00:19:26,082 INFO Batch 133 written to PostgreSQL
2025-05-24 00:19:31,996 INFO Received command c on object id p1
2025-05-24 00:19:32,114 INFO Batch 134 written to PostgreSQL
2025-05-24 00:19:33,009 INFO Received command c on object id p0
2025-05-24 00:19:33,014 INFO Sample rows for batch 135:
2025-05-24 00:19:39,090 INFO Received command c on object id p0
2025-05-24 00:19:39,093 INFO Sample rows for batch 136:
2025-05-24 00:19:39,876 INFO Received command c on object id p1
2025-05-24 00:19:40,007 INFO Batch 135 written to PostgreSQL
2025-05-24 00:19:46,319 INFO Received command c on object id p0
2025-05-24 00:19:46,323 INFO Sample rows for batch 137:
2025-05-24 00:19:47,353 INFO Received command c on object id p1
2025-05-24 00:19:47,451 INFO Batch 136 written to PostgreSQL
2025-05-24 00:19:52,426 INFO Received command c on object id p0
2025-05-24 00:19:52,428 INFO Sample rows for batch 138:
2025-05-24 00:19:53,779 INFO Received command c on object id p1
2025-05-24 00:19:53,945 INFO Batch 137 written to PostgreSQL
2025-05-24 00:19:59,420 INFO Received command c on object id p0
2025-05-24 00:19:59,423 INFO Sample rows for batch 139:
2025-05-24 00:20:00,377 INFO Received command c on object id p1
2025-05-24 00:20:00,493 INFO Batch 138 written to PostgreSQL
2025-05-24 00:20:07,250 INFO Received command c on object id p1
2025-05-24 00:20:07,365 INFO Batch 139 written to PostgreSQL
2025-05-24 00:20:07,813 INFO Received command c on object id p0
2025-05-24 00:20:07,816 INFO Sample rows for batch 140:
2025-05-24 00:20:13,526 INFO Received command c on object id p1
2025-05-24 00:20:13,657 INFO Batch 140 written to PostgreSQL
2025-05-24 00:20:14,219 INFO Received command c on object id p0
2025-05-24 00:20:14,222 INFO Sample rows for batch 141:
2025-05-24 00:20:20,677 INFO Received command c on object id p0
2025-05-24 00:20:20,682 INFO Sample rows for batch 142:
2025-05-24 00:20:22,292 INFO Received command c on object id p1
2025-05-24 00:20:22,411 INFO Batch 141 written to PostgreSQL
2025-05-24 00:20:27,117 INFO Received command c on object id p0
2025-05-24 00:20:27,121 INFO Sample rows for batch 143:
2025-05-24 00:20:28,559 INFO Received command c on object id p1
2025-05-24 00:20:28,671 INFO Batch 142 written to PostgreSQL
2025-05-24 00:20:34,824 INFO Received command c on object id p1
2025-05-24 00:20:34,937 INFO Batch 143 written to PostgreSQL
2025-05-24 00:20:35,320 INFO Received command c on object id p0
2025-05-24 00:20:35,323 INFO Sample rows for batch 144:
2025-05-24 00:20:40,788 INFO Received command c on object id p1
2025-05-24 00:20:40,907 INFO Batch 144 written to PostgreSQL
2025-05-24 00:20:41,206 INFO Received command c on object id p0
2025-05-24 00:20:41,209 INFO Sample rows for batch 145:
2025-05-24 00:20:49,154 INFO Received command c on object id p1
2025-05-24 00:20:49,282 INFO Batch 145 written to PostgreSQL
2025-05-24 00:20:49,514 INFO Received command c on object id p0
2025-05-24 00:20:49,517 INFO Sample rows for batch 146:
2025-05-24 00:20:55,952 INFO Received command c on object id p1
2025-05-24 00:20:56,079 INFO Batch 146 written to PostgreSQL
2025-05-24 00:20:56,200 INFO Received command c on object id p0
2025-05-24 00:20:56,204 INFO Sample rows for batch 147:
2025-05-24 00:21:03,209 INFO Received command c on object id p1
2025-05-24 00:21:03,355 INFO Batch 147 written to PostgreSQL
2025-05-24 00:21:03,398 INFO Received command c on object id p0
2025-05-24 00:21:03,403 INFO Sample rows for batch 148:
2025-05-24 00:21:10,300 INFO Received command c on object id p1
2025-05-24 00:21:10,456 INFO Batch 148 written to PostgreSQL
2025-05-24 00:21:10,461 INFO Received command c on object id p0
2025-05-24 00:21:10,465 INFO Sample rows for batch 149:
2025-05-24 00:21:17,049 INFO Received command c on object id p1
2025-05-24 00:21:17,120 INFO Received command c on object id p0
2025-05-24 00:21:17,124 INFO Sample rows for batch 150:
2025-05-24 00:21:17,180 INFO Batch 149 written to PostgreSQL
2025-05-24 00:21:23,500 INFO Received command c on object id p1
2025-05-24 00:21:23,503 INFO Received command c on object id p0
2025-05-24 00:21:23,506 INFO Sample rows for batch 151:
2025-05-24 00:21:23,628 INFO Batch 150 written to PostgreSQL
2025-05-24 00:21:29,709 INFO Received command c on object id p0
2025-05-24 00:21:29,712 INFO Sample rows for batch 152:
2025-05-24 00:21:29,806 INFO Received command c on object id p1
2025-05-24 00:21:29,950 INFO Batch 151 written to PostgreSQL
2025-05-24 00:21:37,739 INFO Received command c on object id p0
2025-05-24 00:21:37,742 INFO Sample rows for batch 153:
2025-05-24 00:21:37,882 INFO Received command c on object id p1
2025-05-24 00:21:38,035 INFO Batch 152 written to PostgreSQL
2025-05-24 00:21:44,518 INFO Received command c on object id p0
2025-05-24 00:21:44,521 INFO Sample rows for batch 154:
2025-05-24 00:21:44,722 INFO Received command c on object id p1
2025-05-24 00:21:44,850 INFO Batch 153 written to PostgreSQL
2025-05-24 00:21:51,267 INFO Received command c on object id p0
2025-05-24 00:21:51,271 INFO Sample rows for batch 155:
2025-05-24 00:21:51,617 INFO Received command c on object id p1
2025-05-24 00:21:51,748 INFO Batch 154 written to PostgreSQL
2025-05-24 00:21:57,886 INFO Received command c on object id p0
2025-05-24 00:21:57,888 INFO Sample rows for batch 156:
2025-05-24 00:21:58,281 INFO Received command c on object id p1
2025-05-24 00:21:58,416 INFO Batch 155 written to PostgreSQL
2025-05-24 00:22:04,571 INFO Received command c on object id p1
2025-05-24 00:22:04,739 INFO Batch 156 written to PostgreSQL
2025-05-24 00:22:07,179 INFO Received command c on object id p0
2025-05-24 00:22:07,184 INFO Sample rows for batch 157:
2025-05-24 00:22:12,479 INFO Received command c on object id p0
2025-05-24 00:22:12,483 INFO Sample rows for batch 158:
2025-05-24 00:22:13,003 INFO Received command c on object id p1
2025-05-24 00:22:13,130 INFO Batch 157 written to PostgreSQL
2025-05-24 00:22:19,318 INFO Received command c on object id p0
2025-05-24 00:22:19,322 INFO Sample rows for batch 159:
2025-05-24 00:22:20,012 INFO Received command c on object id p1
2025-05-24 00:22:20,125 INFO Batch 158 written to PostgreSQL
2025-05-24 00:22:25,709 INFO Received command c on object id p0
2025-05-24 00:22:25,713 INFO Sample rows for batch 160:
2025-05-24 00:22:26,574 INFO Received command c on object id p1
2025-05-24 00:22:26,752 INFO Batch 159 written to PostgreSQL
2025-05-24 00:22:32,441 INFO Received command c on object id p0
2025-05-24 00:22:32,444 INFO Sample rows for batch 161:
2025-05-24 00:22:33,161 INFO Received command c on object id p1
2025-05-24 00:22:33,270 INFO Batch 160 written to PostgreSQL
2025-05-24 00:22:39,508 INFO Received command c on object id p0
2025-05-24 00:22:39,511 INFO Sample rows for batch 162:
2025-05-24 00:22:40,270 INFO Received command c on object id p1
2025-05-24 00:22:40,374 INFO Batch 161 written to PostgreSQL
2025-05-24 00:22:46,601 INFO Received command c on object id p1
2025-05-24 00:22:46,760 INFO Batch 162 written to PostgreSQL
2025-05-24 00:22:47,750 INFO Received command c on object id p0
2025-05-24 00:22:47,753 INFO Sample rows for batch 163:
2025-05-24 00:22:53,136 INFO Received command c on object id p1
2025-05-24 00:22:53,255 INFO Batch 163 written to PostgreSQL
2025-05-24 00:22:54,320 INFO Received command c on object id p0
2025-05-24 00:22:54,323 INFO Sample rows for batch 164:
2025-05-24 00:22:59,958 INFO Received command c on object id p1
2025-05-24 00:23:00,075 INFO Batch 164 written to PostgreSQL
2025-05-24 00:23:00,740 INFO Received command c on object id p0
2025-05-24 00:23:00,743 INFO Sample rows for batch 165:
2025-05-24 00:23:07,932 INFO Received command c on object id p0
2025-05-24 00:23:07,936 INFO Sample rows for batch 166:
2025-05-24 00:23:08,951 INFO Received command c on object id p1
2025-05-24 00:23:09,075 INFO Batch 165 written to PostgreSQL
2025-05-24 00:23:14,748 INFO Received command c on object id p1
2025-05-24 00:23:14,896 INFO Batch 166 written to PostgreSQL
2025-05-24 00:23:15,726 INFO Received command c on object id p0
2025-05-24 00:23:15,730 INFO Sample rows for batch 167:
2025-05-24 00:23:21,698 INFO Received command c on object id p1
2025-05-24 00:23:21,833 INFO Batch 167 written to PostgreSQL
2025-05-24 00:23:22,774 INFO Received command c on object id p0
2025-05-24 00:23:22,778 INFO Sample rows for batch 168:
2025-05-24 00:23:28,818 INFO Received command c on object id p1
2025-05-24 00:23:28,953 INFO Batch 168 written to PostgreSQL
2025-05-24 00:23:29,518 INFO Received command c on object id p0
2025-05-24 00:23:29,521 INFO Sample rows for batch 169:
2025-05-24 00:23:35,424 INFO Received command c on object id p1
2025-05-24 00:23:35,557 INFO Batch 169 written to PostgreSQL
2025-05-24 00:23:36,065 INFO Received command c on object id p0
2025-05-24 00:23:36,068 INFO Sample rows for batch 170:
2025-05-24 00:23:41,822 INFO Received command c on object id p1
2025-05-24 00:23:41,943 INFO Batch 170 written to PostgreSQL
2025-05-24 00:23:42,420 INFO Received command c on object id p0
2025-05-24 00:23:42,424 INFO Sample rows for batch 171:
2025-05-24 00:23:49,223 INFO Received command c on object id p1
2025-05-24 00:23:49,362 INFO Batch 171 written to PostgreSQL
2025-05-24 00:23:49,678 INFO Received command c on object id p0
2025-05-24 00:23:49,681 INFO Sample rows for batch 172:
2025-05-24 00:23:57,131 INFO Received command c on object id p1
2025-05-24 00:23:57,296 INFO Batch 172 written to PostgreSQL
2025-05-24 00:23:57,507 INFO Received command c on object id p0
2025-05-24 00:23:57,510 INFO Sample rows for batch 173:
2025-05-24 00:24:04,307 INFO Received command c on object id p1
2025-05-24 00:24:04,420 INFO Batch 173 written to PostgreSQL
2025-05-24 00:24:04,529 INFO Received command c on object id p0
2025-05-24 00:24:04,532 INFO Sample rows for batch 174:
2025-05-24 00:24:11,496 INFO Received command c on object id p1
2025-05-24 00:24:11,655 INFO Batch 174 written to PostgreSQL
2025-05-24 00:24:11,667 INFO Received command c on object id p0
2025-05-24 00:24:11,672 INFO Sample rows for batch 175:
2025-05-24 00:24:18,374 INFO Received command c on object id p1
2025-05-24 00:24:18,416 INFO Received command c on object id p0
2025-05-24 00:24:18,419 INFO Sample rows for batch 176:
2025-05-24 00:24:18,497 INFO Batch 175 written to PostgreSQL
2025-05-24 00:24:25,588 INFO Received command c on object id p0
2025-05-24 00:24:25,592 INFO Sample rows for batch 177:
2025-05-24 00:24:25,606 INFO Received command c on object id p1
2025-05-24 00:24:25,745 INFO Batch 176 written to PostgreSQL
2025-05-24 00:24:32,477 INFO Received command c on object id p0
2025-05-24 00:24:32,480 INFO Sample rows for batch 178:
2025-05-24 00:24:32,635 INFO Received command c on object id p1
2025-05-24 00:24:32,761 INFO Batch 177 written to PostgreSQL
2025-05-24 00:24:40,038 INFO Received command c on object id p0
2025-05-24 00:24:40,043 INFO Sample rows for batch 179:
2025-05-24 00:24:40,319 INFO Received command c on object id p1
2025-05-24 00:24:40,479 INFO Batch 178 written to PostgreSQL
2025-05-24 00:24:45,185 INFO Received command c on object id p0
2025-05-24 00:24:45,189 INFO Sample rows for batch 180:
2025-05-24 00:24:45,508 INFO Received command c on object id p1
2025-05-24 00:24:45,839 INFO Batch 179 written to PostgreSQL
2025-05-24 00:24:53,373 INFO Received command c on object id p0
2025-05-24 00:24:53,378 INFO Sample rows for batch 181:
2025-05-24 00:24:53,713 INFO Received command c on object id p1
2025-05-24 00:24:53,843 INFO Batch 180 written to PostgreSQL
2025-05-24 00:24:59,435 INFO Received command c on object id p1
2025-05-24 00:24:59,609 INFO Batch 181 written to PostgreSQL
2025-05-24 00:25:01,714 INFO Received command c on object id p0
2025-05-24 00:25:01,718 INFO Sample rows for batch 182:
2025-05-24 00:25:07,191 INFO Received command c on object id p0
2025-05-24 00:25:07,194 INFO Sample rows for batch 183:
2025-05-24 00:25:07,752 INFO Received command c on object id p1
2025-05-24 00:25:07,890 INFO Batch 182 written to PostgreSQL
2025-05-24 00:25:13,704 INFO Received command c on object id p1
2025-05-24 00:25:13,837 INFO Batch 183 written to PostgreSQL
2025-05-24 00:25:15,543 INFO Received command c on object id p0
2025-05-24 00:25:15,547 INFO Sample rows for batch 184:
2025-05-24 00:25:21,158 INFO Received command c on object id p0
2025-05-24 00:25:21,162 INFO Sample rows for batch 185:
2025-05-24 00:25:21,917 INFO Received command c on object id p1
2025-05-24 00:25:22,056 INFO Batch 184 written to PostgreSQL
2025-05-24 00:25:28,749 INFO Received command c on object id p0
2025-05-24 00:25:28,752 INFO Sample rows for batch 186:
2025-05-24 00:25:29,651 INFO Received command c on object id p1
2025-05-24 00:25:29,783 INFO Batch 185 written to PostgreSQL
2025-05-24 00:25:35,234 INFO Received command c on object id p1
2025-05-24 00:25:35,349 INFO Batch 186 written to PostgreSQL
2025-05-24 00:25:36,666 INFO Received command c on object id p0
2025-05-24 00:25:36,670 INFO Sample rows for batch 187:
2025-05-24 00:25:42,443 INFO Received command c on object id p1
2025-05-24 00:25:42,568 INFO Batch 187 written to PostgreSQL
2025-05-24 00:25:43,860 INFO Received command c on object id p0
2025-05-24 00:25:43,863 INFO Sample rows for batch 188:
2025-05-24 00:25:49,140 INFO Received command c on object id p0
2025-05-24 00:25:49,143 INFO Sample rows for batch 189:
2025-05-24 00:25:50,168 INFO Received command c on object id p1
2025-05-24 00:25:50,270 INFO Batch 188 written to PostgreSQL
2025-05-24 00:25:55,886 INFO Received command c on object id p0
2025-05-24 00:25:55,889 INFO Sample rows for batch 190:
2025-05-24 00:25:57,194 INFO Received command c on object id p1
2025-05-24 00:25:57,318 INFO Batch 189 written to PostgreSQL
2025-05-24 00:26:03,259 INFO Received command c on object id p0
2025-05-24 00:26:03,263 INFO Sample rows for batch 191:
2025-05-24 00:26:04,734 INFO Received command c on object id p1
2025-05-24 00:26:04,857 INFO Batch 190 written to PostgreSQL
2025-05-24 00:26:09,995 INFO Received command c on object id p1
2025-05-24 00:26:10,111 INFO Batch 191 written to PostgreSQL
2025-05-24 00:26:10,859 INFO Received command c on object id p0
2025-05-24 00:26:10,862 INFO Sample rows for batch 192:
2025-05-24 00:26:17,277 INFO Received command c on object id p1
2025-05-24 00:26:17,398 INFO Batch 192 written to PostgreSQL
2025-05-24 00:26:18,246 INFO Received command c on object id p0
2025-05-24 00:26:18,250 INFO Sample rows for batch 193:
2025-05-24 00:26:23,566 INFO Received command c on object id p0
2025-05-24 00:26:23,569 INFO Sample rows for batch 194:
2025-05-24 00:26:25,179 INFO Received command c on object id p1
2025-05-24 00:26:25,324 INFO Batch 193 written to PostgreSQL
2025-05-24 00:26:31,705 INFO Received command c on object id p0
2025-05-24 00:26:31,711 INFO Sample rows for batch 195:
2025-05-24 00:26:33,139 INFO Received command c on object id p1
2025-05-24 00:26:33,257 INFO Batch 194 written to PostgreSQL
2025-05-24 00:26:38,078 INFO Received command c on object id p1
2025-05-24 00:26:38,194 INFO Batch 195 written to PostgreSQL
2025-05-24 00:26:38,920 INFO Received command c on object id p0
2025-05-24 00:26:38,923 INFO Sample rows for batch 196:
2025-05-24 00:26:46,383 INFO Received command c on object id p1
2025-05-24 00:26:46,493 INFO Batch 196 written to PostgreSQL
2025-05-24 00:26:47,170 INFO Received command c on object id p0
2025-05-24 00:26:47,173 INFO Sample rows for batch 197:
2025-05-24 00:26:52,676 INFO Received command c on object id p0
2025-05-24 00:26:52,681 INFO Sample rows for batch 198:
2025-05-24 00:26:54,574 INFO Received command c on object id p1
2025-05-24 00:26:54,714 INFO Batch 197 written to PostgreSQL
2025-05-24 00:27:00,293 INFO Received command c on object id p1
2025-05-24 00:27:00,434 INFO Batch 198 written to PostgreSQL
2025-05-24 00:27:01,023 INFO Received command c on object id p0
2025-05-24 00:27:01,026 INFO Sample rows for batch 199:
2025-05-24 00:27:06,895 INFO Received command c on object id p0
2025-05-24 00:27:06,908 INFO Sample rows for batch 200:
2025-05-24 00:27:09,152 INFO Received command c on object id p1
2025-05-24 00:27:09,327 INFO Batch 199 written to PostgreSQL
2025-05-24 00:27:14,274 INFO Received command c on object id p1
2025-05-24 00:27:14,403 INFO Batch 200 written to PostgreSQL
2025-05-24 00:27:14,643 INFO Received command c on object id p0
2025-05-24 00:27:14,646 INFO Sample rows for batch 201:
2025-05-24 00:27:21,910 INFO Received command c on object id p1
2025-05-24 00:27:22,024 INFO Batch 201 written to PostgreSQL
2025-05-24 00:27:22,205 INFO Received command c on object id p0
2025-05-24 00:27:22,208 INFO Sample rows for batch 202:
2025-05-24 00:27:27,052 INFO Received command c on object id p0
2025-05-24 00:27:27,055 INFO Sample rows for batch 203:
2025-05-24 00:27:29,966 INFO Received command c on object id p1
2025-05-24 00:27:30,104 INFO Batch 202 written to PostgreSQL
2025-05-24 00:27:34,781 INFO Received command c on object id p1
2025-05-24 00:27:34,910 INFO Batch 203 written to PostgreSQL
2025-05-24 00:27:35,118 INFO Received command c on object id p0
2025-05-24 00:27:35,125 INFO Sample rows for batch 204:
2025-05-24 00:27:42,639 INFO Received command c on object id p1
2025-05-24 00:27:42,734 INFO Batch 204 written to PostgreSQL
2025-05-24 00:27:42,892 INFO Received command c on object id p0
2025-05-24 00:27:42,894 INFO Sample rows for batch 205:
2025-05-24 00:27:51,263 INFO Received command c on object id p1
2025-05-24 00:27:51,389 INFO Batch 205 written to PostgreSQL
2025-05-24 00:27:51,451 INFO Received command c on object id p0
2025-05-24 00:27:51,455 INFO Sample rows for batch 206:
2025-05-24 00:27:56,317 INFO Received command c on object id p1
2025-05-24 00:27:56,433 INFO Batch 206 written to PostgreSQL
2025-05-24 00:27:56,525 INFO Received command c on object id p0
2025-05-24 00:27:56,528 INFO Sample rows for batch 207:
2025-05-24 00:28:04,021 INFO Received command c on object id p1
2025-05-24 00:28:04,179 INFO Batch 207 written to PostgreSQL
2025-05-24 00:28:04,207 INFO Received command c on object id p0
2025-05-24 00:28:04,214 INFO Sample rows for batch 208:
2025-05-24 00:28:11,849 INFO Received command c on object id p1
2025-05-24 00:28:11,926 INFO Received command c on object id p0
2025-05-24 00:28:11,929 INFO Sample rows for batch 209:
2025-05-24 00:28:11,968 INFO Batch 208 written to PostgreSQL
2025-05-24 00:28:19,094 INFO Received command c on object id p0
2025-05-24 00:28:19,098 INFO Sample rows for batch 210:
2025-05-24 00:28:19,128 INFO Received command c on object id p1
2025-05-24 00:28:19,255 INFO Batch 209 written to PostgreSQL
2025-05-24 00:28:24,029 INFO Received command c on object id p0
2025-05-24 00:28:24,032 INFO Sample rows for batch 211:
2025-05-24 00:28:24,294 INFO Received command c on object id p1
2025-05-24 00:28:24,434 INFO Batch 210 written to PostgreSQL
2025-05-24 00:28:31,297 INFO Received command c on object id p0
2025-05-24 00:28:31,300 INFO Sample rows for batch 212:
2025-05-24 00:28:31,537 INFO Received command c on object id p1
2025-05-24 00:28:31,693 INFO Batch 211 written to PostgreSQL
2025-05-24 00:28:38,483 INFO Received command c on object id p0
2025-05-24 00:28:38,486 INFO Sample rows for batch 213:
2025-05-24 00:28:38,780 INFO Received command c on object id p1
2025-05-24 00:28:38,896 INFO Batch 212 written to PostgreSQL
2025-05-24 00:28:45,435 INFO Received command c on object id p0
2025-05-24 00:28:45,438 INFO Sample rows for batch 214:
2025-05-24 00:28:45,830 INFO Received command c on object id p1
2025-05-24 00:28:45,943 INFO Batch 213 written to PostgreSQL
2025-05-24 00:28:52,474 INFO Received command c on object id p0
2025-05-24 00:28:52,477 INFO Sample rows for batch 215:
2025-05-24 00:28:52,892 INFO Received command c on object id p1
2025-05-24 00:28:53,002 INFO Batch 214 written to PostgreSQL
2025-05-24 00:28:59,657 INFO Received command c on object id p0
2025-05-24 00:28:59,660 INFO Sample rows for batch 216:
2025-05-24 00:29:00,144 INFO Received command c on object id p1
2025-05-24 00:29:00,251 INFO Batch 215 written to PostgreSQL
2025-05-24 00:29:05,169 INFO Received command c on object id p1
2025-05-24 00:29:05,277 INFO Batch 216 written to PostgreSQL
2025-05-24 00:29:06,919 INFO Received command c on object id p0
2025-05-24 00:29:06,923 INFO Sample rows for batch 217:
2025-05-24 00:29:13,040 INFO Received command c on object id p0
2025-05-24 00:29:13,043 INFO Sample rows for batch 218:
2025-05-24 00:29:13,590 INFO Received command c on object id p1
2025-05-24 00:29:13,696 INFO Batch 217 written to PostgreSQL
2025-05-24 00:29:20,783 INFO Received command c on object id p0
2025-05-24 00:29:20,786 INFO Sample rows for batch 219:
2025-05-24 00:29:21,380 INFO Received command c on object id p1
2025-05-24 00:29:21,511 INFO Batch 218 written to PostgreSQL
2025-05-24 00:29:26,182 INFO Received command c on object id p1
2025-05-24 00:29:26,292 INFO Batch 219 written to PostgreSQL
2025-05-24 00:29:28,057 INFO Received command c on object id p0
2025-05-24 00:29:28,061 INFO Sample rows for batch 220:
2025-05-24 00:29:33,985 INFO Received command c on object id p0
2025-05-24 00:29:33,988 INFO Sample rows for batch 221:
2025-05-24 00:29:34,836 INFO Received command c on object id p1
2025-05-24 00:29:34,950 INFO Batch 220 written to PostgreSQL
2025-05-24 00:29:41,413 INFO Received command c on object id p0
2025-05-24 00:29:41,416 INFO Sample rows for batch 222:
2025-05-24 00:29:42,347 INFO Received command c on object id p1
2025-05-24 00:29:42,463 INFO Batch 221 written to PostgreSQL
2025-05-24 00:29:47,670 INFO Received command c on object id p1
2025-05-24 00:29:47,780 INFO Batch 222 written to PostgreSQL
2025-05-24 00:29:48,938 INFO Received command c on object id p0
2025-05-24 00:29:48,941 INFO Sample rows for batch 223:
2025-05-24 00:29:55,190 INFO Received command c on object id p1
2025-05-24 00:29:55,313 INFO Batch 223 written to PostgreSQL
2025-05-24 00:29:56,410 INFO Received command c on object id p0
2025-05-24 00:29:56,413 INFO Sample rows for batch 224:
2025-05-24 00:30:01,743 INFO Received command c on object id p0
2025-05-24 00:30:01,746 INFO Sample rows for batch 225:
2025-05-24 00:30:02,973 INFO Received command c on object id p1
2025-05-24 00:30:03,084 INFO Batch 224 written to PostgreSQL
2025-05-24 00:30:08,147 INFO Received command c on object id p1
2025-05-24 00:30:08,251 INFO Batch 225 written to PostgreSQL
2025-05-24 00:30:09,242 INFO Received command c on object id p0
2025-05-24 00:30:09,245 INFO Sample rows for batch 226:
2025-05-24 00:30:16,610 INFO Received command c on object id p1
2025-05-24 00:30:16,734 INFO Batch 226 written to PostgreSQL
2025-05-24 00:30:17,771 INFO Received command c on object id p0
2025-05-24 00:30:17,774 INFO Sample rows for batch 227:
2025-05-24 00:30:22,336 INFO Received command c on object id p1
2025-05-24 00:30:22,485 INFO Batch 227 written to PostgreSQL
2025-05-24 00:30:23,602 INFO Received command c on object id p0
2025-05-24 00:30:23,606 INFO Sample rows for batch 228:
2025-05-24 00:30:29,919 INFO Received command c on object id p0
2025-05-24 00:30:29,924 INFO Sample rows for batch 229:
2025-05-24 00:30:31,573 INFO Received command c on object id p1
2025-05-24 00:30:31,724 INFO Batch 228 written to PostgreSQL
2025-05-24 00:30:37,621 INFO Received command c on object id p1
2025-05-24 00:30:37,743 INFO Batch 229 written to PostgreSQL
2025-05-24 00:30:38,662 INFO Received command c on object id p0
2025-05-24 00:30:38,666 INFO Sample rows for batch 230:
2025-05-24 00:30:44,921 INFO Received command c on object id p0
2025-05-24 00:30:44,928 INFO Sample rows for batch 231:
2025-05-24 00:30:46,713 INFO Received command c on object id p1
2025-05-24 00:30:46,889 INFO Batch 230 written to PostgreSQL
2025-05-24 00:30:52,743 INFO Received command c on object id p1
2025-05-24 00:30:52,862 INFO Batch 231 written to PostgreSQL
2025-05-24 00:30:53,605 INFO Received command c on object id p0
2025-05-24 00:30:53,609 INFO Sample rows for batch 232:
2025-05-24 00:30:58,869 INFO Received command c on object id p1
2025-05-24 00:30:59,028 INFO Batch 232 written to PostgreSQL
2025-05-24 00:30:59,787 INFO Received command c on object id p0
2025-05-24 00:30:59,791 INFO Sample rows for batch 233:
2025-05-24 00:31:05,627 INFO Received command c on object id p0
2025-05-24 00:31:05,630 INFO Sample rows for batch 234:
2025-05-24 00:31:07,597 INFO Received command c on object id p1
2025-05-24 00:31:07,754 INFO Batch 233 written to PostgreSQL
2025-05-24 00:31:13,148 INFO Received command c on object id p1
2025-05-24 00:31:13,276 INFO Batch 234 written to PostgreSQL
2025-05-24 00:31:13,972 INFO Received command c on object id p0
2025-05-24 00:31:13,975 INFO Sample rows for batch 235:
2025-05-24 00:31:19,229 INFO Received command c on object id p1
2025-05-24 00:31:19,363 INFO Batch 235 written to PostgreSQL
2025-05-24 00:31:19,717 INFO Received command c on object id p0
2025-05-24 00:31:19,720 INFO Sample rows for batch 236:
2025-05-24 00:31:27,342 INFO Received command c on object id p1
2025-05-24 00:31:27,504 INFO Batch 236 written to PostgreSQL
2025-05-24 00:31:27,819 INFO Received command c on object id p0
2025-05-24 00:31:27,823 INFO Sample rows for batch 237:
2025-05-24 00:31:33,948 INFO Received command c on object id p0
2025-05-24 00:31:33,951 INFO Sample rows for batch 238:
2025-05-24 00:31:36,698 INFO Received command c on object id p1
2025-05-24 00:31:36,840 INFO Batch 237 written to PostgreSQL
2025-05-24 00:31:42,126 INFO Received command c on object id p1
2025-05-24 00:31:42,239 INFO Batch 238 written to PostgreSQL
2025-05-24 00:31:42,376 INFO Received command c on object id p0
2025-05-24 00:31:42,379 INFO Sample rows for batch 239:
2025-05-24 00:31:47,874 INFO Received command c on object id p0
2025-05-24 00:31:47,877 INFO Sample rows for batch 240:
2025-05-24 00:31:50,103 INFO Received command c on object id p1
2025-05-24 00:31:50,205 INFO Batch 239 written to PostgreSQL
2025-05-24 00:31:55,958 INFO Received command c on object id p1
2025-05-24 00:31:56,112 INFO Received command c on object id p0
2025-05-24 00:31:56,115 INFO Sample rows for batch 241:
2025-05-24 00:31:56,117 INFO Batch 240 written to PostgreSQL
2025-05-24 00:32:02,187 INFO Received command c on object id p1
2025-05-24 00:32:02,226 INFO Received command c on object id p0
2025-05-24 00:32:02,230 INFO Sample rows for batch 242:
2025-05-24 00:32:02,311 INFO Batch 241 written to PostgreSQL
2025-05-24 00:32:10,320 INFO Received command c on object id p0
2025-05-24 00:32:10,323 INFO Sample rows for batch 243:
2025-05-24 00:32:10,378 INFO Received command c on object id p1
2025-05-24 00:32:10,517 INFO Batch 242 written to PostgreSQL
2025-05-24 00:32:15,941 INFO Received command c on object id p0
2025-05-24 00:32:15,945 INFO Sample rows for batch 244:
2025-05-24 00:32:16,073 INFO Received command c on object id p1
2025-05-24 00:32:16,234 INFO Batch 243 written to PostgreSQL
2025-05-24 00:32:25,713 INFO Received command c on object id p0
2025-05-24 00:32:25,716 INFO Sample rows for batch 245:
2025-05-24 00:32:25,905 INFO Received command c on object id p1
2025-05-24 00:32:26,008 INFO Batch 244 written to PostgreSQL
2025-05-24 00:32:32,407 INFO Received command c on object id p0
2025-05-24 00:32:32,410 INFO Sample rows for batch 246:
2025-05-24 00:32:32,702 INFO Received command c on object id p1
2025-05-24 00:32:32,822 INFO Batch 245 written to PostgreSQL
2025-05-24 00:32:37,832 INFO Received command c on object id p0
2025-05-24 00:32:37,835 INFO Sample rows for batch 247:
2025-05-24 00:32:38,187 INFO Received command c on object id p1
2025-05-24 00:32:38,294 INFO Batch 246 written to PostgreSQL
2025-05-24 00:32:45,659 INFO Received command c on object id p0
2025-05-24 00:32:45,662 INFO Sample rows for batch 248:
2025-05-24 00:32:46,083 INFO Received command c on object id p1
2025-05-24 00:32:46,198 INFO Batch 247 written to PostgreSQL
2025-05-24 00:32:53,186 INFO Received command c on object id p1
2025-05-24 00:32:53,298 INFO Batch 248 written to PostgreSQL
2025-05-24 00:32:55,089 INFO Received command c on object id p0
2025-05-24 00:32:55,092 INFO Sample rows for batch 249:
2025-05-24 00:33:01,315 INFO Received command c on object id p0
2025-05-24 00:33:01,320 INFO Sample rows for batch 250:
2025-05-24 00:33:02,053 INFO Received command c on object id p1
2025-05-24 00:33:02,213 INFO Batch 249 written to PostgreSQL
2025-05-24 00:33:06,957 INFO Received command c on object id p0
2025-05-24 00:33:06,962 INFO Sample rows for batch 251:
2025-05-24 00:33:07,684 INFO Received command c on object id p1
2025-05-24 00:33:07,834 INFO Batch 250 written to PostgreSQL
2025-05-24 00:33:13,330 INFO Received command c on object id p1
2025-05-24 00:33:13,455 INFO Batch 251 written to PostgreSQL
2025-05-24 00:33:15,101 INFO Received command c on object id p0
2025-05-24 00:33:15,104 INFO Sample rows for batch 252:
2025-05-24 00:33:20,508 INFO Received command c on object id p0
2025-05-24 00:33:20,513 INFO Sample rows for batch 253:
2025-05-24 00:33:21,265 INFO Received command c on object id p1
2025-05-24 00:33:21,363 INFO Batch 252 written to PostgreSQL
2025-05-24 00:33:28,415 INFO Received command c on object id p0
2025-05-24 00:33:28,419 INFO Sample rows for batch 254:
2025-05-24 00:33:29,313 INFO Received command c on object id p1
2025-05-24 00:33:29,422 INFO Batch 253 written to PostgreSQL
2025-05-24 00:33:34,404 INFO Received command c on object id p1
2025-05-24 00:33:34,534 INFO Batch 254 written to PostgreSQL
2025-05-24 00:33:35,873 INFO Received command c on object id p0
2025-05-24 00:33:35,876 INFO Sample rows for batch 255:
2025-05-24 00:33:41,506 INFO Received command c on object id p0
2025-05-24 00:33:41,509 INFO Sample rows for batch 256:
2025-05-24 00:33:42,661 INFO Received command c on object id p1
2025-05-24 00:33:42,827 INFO Batch 255 written to PostgreSQL
2025-05-24 00:33:49,381 INFO Received command c on object id p1
2025-05-24 00:33:49,502 INFO Batch 256 written to PostgreSQL
2025-05-24 00:33:50,908 INFO Received command c on object id p0
2025-05-24 00:33:50,911 INFO Sample rows for batch 257:
2025-05-24 00:33:57,044 INFO Received command c on object id p0
2025-05-24 00:33:57,050 INFO Sample rows for batch 258:
2025-05-24 00:33:58,237 INFO Received command c on object id p1
2025-05-24 00:33:58,361 INFO Batch 257 written to PostgreSQL
2025-05-24 00:34:02,422 INFO Received command c on object id p0
2025-05-24 00:34:02,425 INFO Sample rows for batch 259:
2025-05-24 00:34:03,306 INFO Received command c on object id p1
2025-05-24 00:34:03,411 INFO Batch 258 written to PostgreSQL
2025-05-24 00:34:10,128 INFO Received command c on object id p0
2025-05-24 00:34:10,131 INFO Sample rows for batch 260:
2025-05-24 00:34:11,098 INFO Received command c on object id p1
2025-05-24 00:34:11,201 INFO Batch 259 written to PostgreSQL
2025-05-24 00:34:16,466 INFO Received command c on object id p1
2025-05-24 00:34:16,614 INFO Batch 260 written to PostgreSQL
2025-05-24 00:34:17,932 INFO Received command c on object id p0
2025-05-24 00:34:17,934 INFO Sample rows for batch 261:
2025-05-24 00:34:23,191 INFO Received command c on object id p0
2025-05-24 00:34:23,194 INFO Sample rows for batch 262:
2025-05-24 00:34:24,385 INFO Received command c on object id p1
2025-05-24 00:34:24,553 INFO Batch 261 written to PostgreSQL
2025-05-24 00:34:30,836 INFO Received command c on object id p1
2025-05-24 00:34:30,964 INFO Batch 262 written to PostgreSQL
2025-05-24 00:34:31,781 INFO Received command c on object id p0
2025-05-24 00:34:31,785 INFO Sample rows for batch 263:
2025-05-24 00:34:37,809 INFO Received command c on object id p0
2025-05-24 00:34:37,813 INFO Sample rows for batch 264:
2025-05-24 00:34:39,119 INFO Received command c on object id p1
2025-05-24 00:34:39,215 INFO Batch 263 written to PostgreSQL
2025-05-24 00:34:44,311 INFO Received command c on object id p1
2025-05-24 00:34:44,457 INFO Batch 264 written to PostgreSQL
2025-05-24 00:34:45,616 INFO Received command c on object id p0
2025-05-24 00:34:45,619 INFO Sample rows for batch 265:
2025-05-24 00:34:50,957 INFO Received command c on object id p0
2025-05-24 00:34:50,960 INFO Sample rows for batch 266:
2025-05-24 00:34:52,417 INFO Received command c on object id p1
2025-05-24 00:34:52,522 INFO Batch 265 written to PostgreSQL
2025-05-24 00:34:58,000 INFO Received command c on object id p1
2025-05-24 00:34:58,123 INFO Batch 266 written to PostgreSQL
2025-05-24 00:34:58,762 INFO Received command c on object id p0
2025-05-24 00:34:58,764 INFO Sample rows for batch 267:
2025-05-24 00:35:05,611 INFO Received command c on object id p1
2025-05-24 00:35:05,719 INFO Batch 267 written to PostgreSQL
2025-05-24 00:35:06,351 INFO Received command c on object id p0
2025-05-24 00:35:06,353 INFO Sample rows for batch 268:
2025-05-24 00:35:11,524 INFO Received command c on object id p0
2025-05-24 00:35:11,527 INFO Sample rows for batch 269:
2025-05-24 00:35:13,357 INFO Received command c on object id p1
2025-05-24 00:35:13,467 INFO Batch 268 written to PostgreSQL
2025-05-24 00:35:20,226 INFO Received command c on object id p1
2025-05-24 00:35:20,332 INFO Batch 269 written to PostgreSQL
2025-05-24 00:35:20,833 INFO Received command c on object id p0
2025-05-24 00:35:20,836 INFO Sample rows for batch 270:
2025-05-24 00:35:25,742 INFO Received command c on object id p1
2025-05-24 00:35:25,853 INFO Batch 270 written to PostgreSQL
2025-05-24 00:35:26,405 INFO Received command c on object id p0
2025-05-24 00:35:26,408 INFO Sample rows for batch 271:
2025-05-24 00:35:32,997 INFO Received command c on object id p0
2025-05-24 00:35:33,000 INFO Sample rows for batch 272:
2025-05-24 00:35:34,964 INFO Received command c on object id p1
2025-05-24 00:35:35,108 INFO Batch 271 written to PostgreSQL
2025-05-24 00:35:40,636 INFO Received command c on object id p1
2025-05-24 00:35:40,738 INFO Batch 272 written to PostgreSQL
2025-05-24 00:35:41,103 INFO Received command c on object id p0
2025-05-24 00:35:41,106 INFO Sample rows for batch 273:
2025-05-24 00:35:46,835 INFO Received command c on object id p1
2025-05-24 00:35:46,979 INFO Batch 273 written to PostgreSQL
2025-05-24 00:35:47,431 INFO Received command c on object id p0
2025-05-24 00:35:47,434 INFO Sample rows for batch 274:
2025-05-24 00:35:55,346 INFO Received command c on object id p1
2025-05-24 00:35:55,469 INFO Batch 274 written to PostgreSQL
2025-05-24 00:35:55,782 INFO Received command c on object id p0
2025-05-24 00:35:55,785 INFO Sample rows for batch 275:
2025-05-24 00:36:01,749 INFO Received command c on object id p1
2025-05-24 00:36:01,857 INFO Batch 275 written to PostgreSQL
2025-05-24 00:36:02,020 INFO Received command c on object id p0
2025-05-24 00:36:02,023 INFO Sample rows for batch 276:
2025-05-24 00:36:07,609 INFO Received command c on object id p1
2025-05-24 00:36:07,726 INFO Batch 276 written to PostgreSQL
2025-05-24 00:36:07,776 INFO Received command c on object id p0
2025-05-24 00:36:07,779 INFO Sample rows for batch 277:
2025-05-24 00:36:16,055 INFO Received command c on object id p1
2025-05-24 00:36:16,174 INFO Batch 277 written to PostgreSQL
2025-05-24 00:36:16,233 INFO Received command c on object id p0
2025-05-24 00:36:16,235 INFO Sample rows for batch 278:
2025-05-24 00:36:22,043 INFO Received command c on object id p1
2025-05-24 00:36:22,154 INFO Batch 278 written to PostgreSQL
2025-05-24 00:36:22,157 INFO Received command c on object id p0
2025-05-24 00:36:22,160 INFO Sample rows for batch 279:
2025-05-24 00:36:30,178 INFO Received command c on object id p1
2025-05-24 00:36:30,262 INFO Received command c on object id p0
2025-05-24 00:36:30,265 INFO Sample rows for batch 280:
2025-05-24 00:36:30,283 INFO Batch 279 written to PostgreSQL
2025-05-24 00:36:36,362 INFO Received command c on object id p0
2025-05-24 00:36:36,364 INFO Received command c on object id p1
2025-05-24 00:36:36,366 INFO Sample rows for batch 281:
2025-05-24 00:36:36,498 INFO Batch 280 written to PostgreSQL
2025-05-24 00:36:45,074 INFO Received command c on object id p0
2025-05-24 00:36:45,078 INFO Sample rows for batch 282:
2025-05-24 00:36:45,206 INFO Received command c on object id p1
2025-05-24 00:36:45,346 INFO Batch 281 written to PostgreSQL
2025-05-24 00:36:51,163 INFO Received command c on object id p0
2025-05-24 00:36:51,165 INFO Sample rows for batch 283:
2025-05-24 00:36:51,345 INFO Received command c on object id p1
2025-05-24 00:36:51,487 INFO Batch 282 written to PostgreSQL
2025-05-24 00:36:57,544 INFO Received command c on object id p0
2025-05-24 00:36:57,547 INFO Sample rows for batch 284:
2025-05-24 00:36:57,822 INFO Received command c on object id p1
2025-05-24 00:36:57,936 INFO Batch 283 written to PostgreSQL
2025-05-24 00:37:07,175 INFO Received command c on object id p0
2025-05-24 00:37:07,180 INFO Sample rows for batch 285:
2025-05-24 00:37:07,679 INFO Received command c on object id p1
2025-05-24 00:37:07,839 INFO Batch 284 written to PostgreSQL
2025-05-24 00:37:13,902 INFO Received command c on object id p0
2025-05-24 00:37:13,906 INFO Sample rows for batch 286:
2025-05-24 00:37:14,406 INFO Received command c on object id p1
2025-05-24 00:37:14,671 INFO Batch 285 written to PostgreSQL
2025-05-24 00:37:21,349 INFO Received command c on object id p0
2025-05-24 00:37:21,352 INFO Sample rows for batch 287:
2025-05-24 00:37:21,840 INFO Received command c on object id p1
2025-05-24 00:37:22,005 INFO Batch 286 written to PostgreSQL
2025-05-24 00:37:27,258 INFO Received command c on object id p0
2025-05-24 00:37:27,260 INFO Sample rows for batch 288:
2025-05-24 00:37:27,774 INFO Received command c on object id p1
2025-05-24 00:37:27,923 INFO Batch 287 written to PostgreSQL
2025-05-24 00:37:33,341 INFO Received command c on object id p1
2025-05-24 00:37:33,450 INFO Batch 288 written to PostgreSQL
2025-05-24 00:37:35,806 INFO Received command c on object id p0
2025-05-24 00:37:35,811 INFO Sample rows for batch 289:
2025-05-24 00:37:42,396 INFO Received command c on object id p0
2025-05-24 00:37:42,399 INFO Sample rows for batch 290:
2025-05-24 00:37:43,073 INFO Received command c on object id p1
2025-05-24 00:37:43,267 INFO Batch 289 written to PostgreSQL
2025-05-24 00:37:49,211 INFO Received command c on object id p0
2025-05-24 00:37:49,214 INFO Sample rows for batch 291:
2025-05-24 00:37:49,905 INFO Received command c on object id p1
2025-05-24 00:37:50,006 INFO Batch 290 written to PostgreSQL
2025-05-24 00:37:57,351 INFO Received command c on object id p1
2025-05-24 00:37:57,505 INFO Batch 291 written to PostgreSQL
2025-05-24 00:37:59,450 INFO Received command c on object id p0
2025-05-24 00:37:59,453 INFO Sample rows for batch 292:
2025-05-24 00:38:03,259 INFO Received command c on object id p1
2025-05-24 00:38:03,379 INFO Batch 292 written to PostgreSQL
2025-05-24 00:38:05,360 INFO Received command c on object id p0
2025-05-24 00:38:05,363 INFO Sample rows for batch 293:
2025-05-24 00:38:11,067 INFO Received command c on object id p0
2025-05-24 00:38:11,070 INFO Sample rows for batch 294:
2025-05-24 00:38:12,073 INFO Received command c on object id p1
2025-05-24 00:38:12,200 INFO Batch 293 written to PostgreSQL
2025-05-24 00:38:16,953 INFO Received command c on object id p0
2025-05-24 00:38:16,956 INFO Sample rows for batch 295:
2025-05-24 00:38:18,063 INFO Received command c on object id p1
2025-05-24 00:38:18,193 INFO Batch 294 written to PostgreSQL
2025-05-24 00:38:24,001 INFO Received command c on object id p1
2025-05-24 00:38:24,119 INFO Batch 295 written to PostgreSQL
2025-05-24 00:38:25,647 INFO Received command c on object id p0
2025-05-24 00:38:25,650 INFO Sample rows for batch 296:
2025-05-24 00:38:31,208 INFO Received command c on object id p0
2025-05-24 00:38:31,210 INFO Sample rows for batch 297:
2025-05-24 00:38:32,366 INFO Received command c on object id p1
2025-05-24 00:38:32,493 INFO Batch 296 written to PostgreSQL
2025-05-24 00:38:38,059 INFO Received command c on object id p1
2025-05-24 00:38:38,162 INFO Batch 297 written to PostgreSQL
2025-05-24 00:38:39,483 INFO Received command c on object id p0
2025-05-24 00:38:39,487 INFO Sample rows for batch 298:
2025-05-24 00:38:45,318 INFO Received command c on object id p0
2025-05-24 00:38:45,321 INFO Sample rows for batch 299:
2025-05-24 00:38:46,470 INFO Received command c on object id p1
2025-05-24 00:38:46,580 INFO Batch 298 written to PostgreSQL
2025-05-24 00:38:53,645 INFO Received command c on object id p1
2025-05-24 00:38:53,856 INFO Batch 299 written to PostgreSQL
2025-05-24 00:38:55,309 INFO Received command c on object id p0
2025-05-24 00:38:55,314 INFO Sample rows for batch 300:
2025-05-24 00:38:59,878 INFO Received command c on object id p1
2025-05-24 00:39:00,021 INFO Batch 300 written to PostgreSQL
2025-05-24 00:39:01,363 INFO Received command c on object id p0
2025-05-24 00:39:01,366 INFO Sample rows for batch 301:
2025-05-24 00:39:05,850 INFO Received command c on object id p1
2025-05-24 00:39:05,974 INFO Batch 301 written to PostgreSQL
2025-05-24 00:39:06,955 INFO Received command c on object id p0
2025-05-24 00:39:06,958 INFO Sample rows for batch 302:
2025-05-24 00:39:12,670 INFO Received command c on object id p0
2025-05-24 00:39:12,674 INFO Sample rows for batch 303:
2025-05-24 00:39:14,164 INFO Received command c on object id p1
2025-05-24 00:39:14,282 INFO Batch 302 written to PostgreSQL
2025-05-24 00:39:20,470 INFO Received command c on object id p1
2025-05-24 00:39:20,621 INFO Batch 303 written to PostgreSQL
2025-05-24 00:39:21,872 INFO Received command c on object id p0
2025-05-24 00:39:21,875 INFO Sample rows for batch 304:
2025-05-24 00:39:26,735 INFO Received command c on object id p1
2025-05-24 00:39:26,849 INFO Batch 304 written to PostgreSQL
2025-05-24 00:39:27,778 INFO Received command c on object id p0
2025-05-24 00:39:27,781 INFO Sample rows for batch 305:
2025-05-24 00:39:34,168 INFO Received command c on object id p0
2025-05-24 00:39:34,171 INFO Sample rows for batch 306:
2025-05-24 00:39:35,852 INFO Received command c on object id p1
2025-05-24 00:39:35,970 INFO Batch 305 written to PostgreSQL
2025-05-24 00:39:41,807 INFO Received command c on object id p1
2025-05-24 00:39:41,946 INFO Batch 306 written to PostgreSQL
2025-05-24 00:39:42,815 INFO Received command c on object id p0
2025-05-24 00:39:42,819 INFO Sample rows for batch 307:
2025-05-24 00:39:48,159 INFO Received command c on object id p1
2025-05-24 00:39:48,284 INFO Batch 307 written to PostgreSQL
2025-05-24 00:39:49,017 INFO Received command c on object id p0
2025-05-24 00:39:49,021 INFO Sample rows for batch 308:
2025-05-24 00:39:55,557 INFO Received command c on object id p0
2025-05-24 00:39:55,560 INFO Sample rows for batch 309:
2025-05-24 00:39:57,849 INFO Received command c on object id p1
2025-05-24 00:39:57,972 INFO Batch 308 written to PostgreSQL
2025-05-24 00:40:01,340 INFO Received command c on object id p0
2025-05-24 00:40:01,343 INFO Sample rows for batch 310:
2025-05-24 00:40:03,272 INFO Received command c on object id p1
2025-05-24 00:40:03,396 INFO Batch 309 written to PostgreSQL
2025-05-24 00:40:09,030 INFO Received command c on object id p1
2025-05-24 00:40:09,142 INFO Batch 310 written to PostgreSQL
2025-05-24 00:40:09,708 INFO Received command c on object id p0
2025-05-24 00:40:09,711 INFO Sample rows for batch 311:
2025-05-24 00:40:15,199 INFO Received command c on object id p0
2025-05-24 00:40:15,201 INFO Sample rows for batch 312:
2025-05-24 00:40:17,264 INFO Received command c on object id p1
2025-05-24 00:40:17,445 INFO Batch 311 written to PostgreSQL
2025-05-24 00:40:22,921 INFO Received command c on object id p1
2025-05-24 00:40:23,022 INFO Batch 312 written to PostgreSQL
2025-05-24 00:40:23,303 INFO Received command c on object id p0
2025-05-24 00:40:23,306 INFO Sample rows for batch 313:
2025-05-24 00:40:29,228 INFO Received command c on object id p0
2025-05-24 00:40:29,234 INFO Sample rows for batch 314:
2025-05-24 00:40:31,632 INFO Received command c on object id p1
2025-05-24 00:40:31,750 INFO Batch 313 written to PostgreSQL
2025-05-24 00:40:37,238 INFO Received command c on object id p1
2025-05-24 00:40:37,383 INFO Batch 314 written to PostgreSQL
2025-05-24 00:40:37,721 INFO Received command c on object id p0
2025-05-24 00:40:37,725 INFO Sample rows for batch 315:
2025-05-24 00:40:43,309 INFO Received command c on object id p1
2025-05-24 00:40:43,418 INFO Batch 315 written to PostgreSQL
2025-05-24 00:40:43,593 INFO Received command c on object id p0
2025-05-24 00:40:43,597 INFO Sample rows for batch 316:
2025-05-24 00:40:50,916 INFO Received command c on object id p0
2025-05-24 00:40:50,919 INFO Sample rows for batch 317:
2025-05-24 00:40:53,345 INFO Received command c on object id p1
2025-05-24 00:40:53,487 INFO Batch 316 written to PostgreSQL
2025-05-24 00:40:59,422 INFO Received command c on object id p1
2025-05-24 00:40:59,552 INFO Batch 317 written to PostgreSQL
2025-05-24 00:40:59,600 INFO Received command c on object id p0
2025-05-24 00:40:59,602 INFO Sample rows for batch 318:
2025-05-24 00:41:05,011 INFO Received command c on object id p1
2025-05-24 00:41:05,120 INFO Received command c on object id p0
2025-05-24 00:41:05,123 INFO Sample rows for batch 319:
2025-05-24 00:41:05,128 INFO Batch 318 written to PostgreSQL
2025-05-24 00:41:10,944 INFO Received command c on object id p1
2025-05-24 00:41:10,950 INFO Received command c on object id p0
2025-05-24 00:41:10,954 INFO Sample rows for batch 320:
2025-05-24 00:41:11,059 INFO Batch 319 written to PostgreSQL
2025-05-24 00:41:19,460 INFO Received command c on object id p0
2025-05-24 00:41:19,463 INFO Sample rows for batch 321:
2025-05-24 00:41:19,547 INFO Received command c on object id p1
2025-05-24 00:41:19,674 INFO Batch 320 written to PostgreSQL
2025-05-24 00:41:25,164 INFO Received command c on object id p0
2025-05-24 00:41:25,167 INFO Sample rows for batch 322:
2025-05-24 00:41:25,339 INFO Received command c on object id p1
2025-05-24 00:41:25,449 INFO Batch 321 written to PostgreSQL
2025-05-24 00:41:31,139 INFO Received command c on object id p1
2025-05-24 00:41:31,242 INFO Batch 322 written to PostgreSQL
2025-05-24 00:41:33,411 INFO Received command c on object id p0
2025-05-24 00:41:33,415 INFO Sample rows for batch 323:
2025-05-24 00:41:39,253 INFO Received command c on object id p0
2025-05-24 00:41:39,256 INFO Sample rows for batch 324:
2025-05-24 00:41:39,572 INFO Received command c on object id p1
2025-05-24 00:41:39,677 INFO Batch 323 written to PostgreSQL
2025-05-24 00:41:45,611 INFO Received command c on object id p0
2025-05-24 00:41:45,615 INFO Sample rows for batch 325:
2025-05-24 00:41:46,156 INFO Received command c on object id p1
2025-05-24 00:41:46,282 INFO Batch 324 written to PostgreSQL
2025-05-24 00:41:52,889 INFO Received command c on object id p1
2025-05-24 00:41:53,000 INFO Batch 325 written to PostgreSQL
2025-05-24 00:41:55,476 INFO Received command c on object id p0
2025-05-24 00:41:55,479 INFO Sample rows for batch 326:
2025-05-24 00:42:01,231 INFO Received command c on object id p0
2025-05-24 00:42:01,234 INFO Sample rows for batch 327:
2025-05-24 00:42:01,844 INFO Received command c on object id p1
2025-05-24 00:42:01,979 INFO Batch 326 written to PostgreSQL
2025-05-24 00:42:07,415 INFO Received command c on object id p0
2025-05-24 00:42:07,419 INFO Sample rows for batch 328:
2025-05-24 00:42:08,004 INFO Received command c on object id p1
2025-05-24 00:42:08,162 INFO Batch 327 written to PostgreSQL
2025-05-24 00:42:14,253 INFO Received command c on object id p0
2025-05-24 00:42:14,256 INFO Sample rows for batch 329:
2025-05-24 00:42:14,984 INFO Received command c on object id p1
2025-05-24 00:42:15,093 INFO Batch 328 written to PostgreSQL
2025-05-24 00:42:21,645 INFO Received command c on object id p1
2025-05-24 00:42:21,769 INFO Batch 329 written to PostgreSQL
2025-05-24 00:42:23,708 INFO Received command c on object id p0
2025-05-24 00:42:23,711 INFO Sample rows for batch 330:
2025-05-24 00:42:29,471 INFO Received command c on object id p0
2025-05-24 00:42:29,475 INFO Sample rows for batch 331:
2025-05-24 00:42:30,365 INFO Received command c on object id p1
2025-05-24 00:42:30,495 INFO Batch 330 written to PostgreSQL
2025-05-24 00:42:35,287 INFO Received command c on object id p0
2025-05-24 00:42:35,290 INFO Sample rows for batch 332:
2025-05-24 00:42:36,105 INFO Received command c on object id p1
2025-05-24 00:42:36,195 INFO Batch 331 written to PostgreSQL
2025-05-24 00:42:41,815 INFO Received command c on object id p1
2025-05-24 00:42:41,928 INFO Batch 332 written to PostgreSQL
2025-05-24 00:42:43,760 INFO Received command c on object id p0
2025-05-24 00:42:43,762 INFO Sample rows for batch 333:
2025-05-24 00:42:49,738 INFO Received command c on object id p0
2025-05-24 00:42:49,741 INFO Sample rows for batch 334:
2025-05-24 00:42:50,857 INFO Received command c on object id p1
2025-05-24 00:42:50,988 INFO Batch 333 written to PostgreSQL
2025-05-24 00:42:56,271 INFO Received command c on object id p0
2025-05-24 00:42:56,274 INFO Sample rows for batch 335:
2025-05-24 00:42:57,241 INFO Received command c on object id p1
2025-05-24 00:42:57,366 INFO Batch 334 written to PostgreSQL
2025-05-24 00:43:03,325 INFO Received command c on object id p1
2025-05-24 00:43:03,429 INFO Batch 335 written to PostgreSQL
2025-05-24 00:43:05,065 INFO Received command c on object id p0
2025-05-24 00:43:05,069 INFO Sample rows for batch 336:
2025-05-24 00:43:13,192 INFO Received command c on object id p0
2025-05-24 00:43:13,198 INFO Sample rows for batch 337:
2025-05-24 00:43:15,983 INFO Received command c on object id p1
2025-05-24 00:43:16,289 INFO Batch 336 written to PostgreSQL
2025-05-24 00:43:25,579 INFO Received command c on object id p1
2025-05-24 00:43:25,760 INFO Batch 337 written to PostgreSQL
2025-05-24 00:43:30,820 INFO Received command c on object id p0
2025-05-24 00:43:30,825 INFO Sample rows for batch 338:
2025-05-24 00:43:34,529 INFO Received command c on object id p1
2025-05-24 00:43:34,697 INFO Batch 338 written to PostgreSQL
2025-05-24 00:43:39,085 INFO Received command c on object id p0
2025-05-24 00:43:39,090 INFO Sample rows for batch 339:
2025-05-24 00:43:43,234 INFO Received command c on object id p1
2025-05-24 00:43:43,469 INFO Batch 339 written to PostgreSQL
2025-05-24 00:43:47,715 INFO Received command c on object id p0
2025-05-24 00:43:47,721 INFO Sample rows for batch 340:
2025-05-24 00:43:51,313 INFO Received command c on object id p1
2025-05-24 00:43:51,655 INFO Batch 340 written to PostgreSQL
2025-05-24 00:43:55,819 INFO Received command c on object id p0
2025-05-24 00:43:55,823 INFO Sample rows for batch 341:
2025-05-24 00:43:58,942 INFO Received command c on object id p1
2025-05-24 00:43:59,084 INFO Batch 341 written to PostgreSQL
2025-05-24 00:44:03,291 INFO Received command c on object id p0
2025-05-24 00:44:03,296 INFO Sample rows for batch 342:
2025-05-24 00:44:07,207 INFO Received command c on object id p1
2025-05-24 00:44:07,399 INFO Batch 342 written to PostgreSQL
2025-05-24 00:44:11,581 INFO Received command c on object id p0
2025-05-24 00:44:11,586 INFO Sample rows for batch 343:
2025-05-24 00:44:15,895 INFO Received command c on object id p1
2025-05-24 00:44:16,072 INFO Batch 343 written to PostgreSQL
2025-05-24 00:44:19,884 INFO Received command c on object id p0
2025-05-24 00:44:19,890 INFO Sample rows for batch 344:
2025-05-24 00:44:24,627 INFO Received command c on object id p1
2025-05-24 00:44:24,950 INFO Batch 344 written to PostgreSQL
2025-05-24 00:44:28,963 INFO Received command c on object id p0
2025-05-24 00:44:28,967 INFO Sample rows for batch 345:
2025-05-24 00:44:32,940 INFO Received command c on object id p1
2025-05-24 00:44:33,287 INFO Batch 345 written to PostgreSQL
2025-05-24 00:44:37,249 INFO Received command c on object id p0
2025-05-24 00:44:37,254 INFO Sample rows for batch 346:
2025-05-24 00:44:42,233 INFO Received command c on object id p1
2025-05-24 00:44:42,587 INFO Batch 346 written to PostgreSQL
2025-05-24 00:44:46,240 INFO Received command c on object id p0
2025-05-24 00:44:46,244 INFO Sample rows for batch 347:
2025-05-24 00:44:51,771 INFO Received command c on object id p1
2025-05-24 00:44:52,132 INFO Batch 347 written to PostgreSQL
2025-05-24 00:44:55,124 INFO Received command c on object id p0
2025-05-24 00:44:55,127 INFO Sample rows for batch 348:
2025-05-24 00:45:00,797 INFO Received command c on object id p1
2025-05-24 00:45:00,981 INFO Batch 348 written to PostgreSQL
2025-05-24 00:45:03,095 INFO Received command c on object id p0
2025-05-24 00:45:03,100 INFO Sample rows for batch 349:
2025-05-24 00:45:08,790 INFO Received command c on object id p1
2025-05-24 00:45:08,970 INFO Batch 349 written to PostgreSQL
2025-05-24 00:45:11,258 INFO Received command c on object id p0
2025-05-24 00:45:11,262 INFO Sample rows for batch 350:
2025-05-24 00:45:17,376 INFO Received command c on object id p1
2025-05-24 00:45:17,599 INFO Batch 350 written to PostgreSQL
2025-05-24 00:45:20,351 INFO Received command c on object id p0
2025-05-24 00:45:20,356 INFO Sample rows for batch 351:
2025-05-24 00:45:26,604 INFO Received command c on object id p1
2025-05-24 00:45:26,802 INFO Batch 351 written to PostgreSQL
2025-05-24 00:45:29,401 INFO Received command c on object id p0
2025-05-24 00:45:29,405 INFO Sample rows for batch 352:
2025-05-24 00:45:35,781 INFO Received command c on object id p1
2025-05-24 00:45:35,968 INFO Batch 352 written to PostgreSQL
2025-05-24 00:45:38,527 INFO Received command c on object id p0
2025-05-24 00:45:38,532 INFO Sample rows for batch 353:
2025-05-24 00:45:43,566 INFO Received command c on object id p1
2025-05-24 00:45:43,769 INFO Batch 353 written to PostgreSQL
2025-05-24 00:45:45,827 INFO Received command c on object id p0
2025-05-24 00:45:45,831 INFO Sample rows for batch 354:
2025-05-24 00:45:51,720 INFO Received command c on object id p1
2025-05-24 00:45:51,920 INFO Batch 354 written to PostgreSQL
2025-05-24 00:45:54,255 INFO Received command c on object id p0
2025-05-24 00:45:54,259 INFO Sample rows for batch 355:
2025-05-24 00:46:00,829 INFO Received command c on object id p1
2025-05-24 00:46:01,112 INFO Batch 355 written to PostgreSQL
2025-05-24 00:46:02,923 INFO Received command c on object id p0
2025-05-24 00:46:02,928 INFO Sample rows for batch 356:
2025-05-24 00:46:08,921 INFO Received command c on object id p1
2025-05-24 00:46:09,099 INFO Batch 356 written to PostgreSQL
2025-05-24 00:46:10,956 INFO Received command c on object id p0
2025-05-24 00:46:10,962 INFO Sample rows for batch 357:
2025-05-24 00:46:17,857 INFO Received command c on object id p1
2025-05-24 00:46:18,051 INFO Batch 357 written to PostgreSQL
2025-05-24 00:46:19,722 INFO Received command c on object id p0
2025-05-24 00:46:19,725 INFO Sample rows for batch 358:
2025-05-24 00:46:24,509 INFO Received command c on object id p1
2025-05-24 00:46:24,689 INFO Batch 358 written to PostgreSQL
2025-05-24 00:46:25,903 INFO Received command c on object id p0
2025-05-24 00:46:25,907 INFO Sample rows for batch 359:
2025-05-24 00:46:32,902 INFO Received command c on object id p1
2025-05-24 00:46:33,096 INFO Batch 359 written to PostgreSQL
2025-05-24 00:46:41,883 INFO Received command c on object id p1
2025-05-24 00:46:42,127 INFO Batch 360 written to PostgreSQL
2025-05-24 00:46:42,607 INFO Received command c on object id p0
2025-05-24 00:46:42,611 INFO Sample rows for batch 360:
2025-05-24 00:46:48,607 INFO Received command c on object id p1
2025-05-24 00:46:48,821 INFO Batch 361 written to PostgreSQL
2025-05-24 00:46:49,172 INFO Received command c on object id p0
2025-05-24 00:46:49,184 INFO Sample rows for batch 361:
2025-05-24 00:46:56,608 INFO Received command c on object id p1
2025-05-24 00:46:56,809 INFO Batch 362 written to PostgreSQL
2025-05-24 00:46:56,976 INFO Received command c on object id p0
2025-05-24 00:46:56,981 INFO Sample rows for batch 362:
2025-05-24 00:47:05,613 INFO Received command c on object id p1
2025-05-24 00:47:05,740 INFO Received command c on object id p0
2025-05-24 00:47:05,744 INFO Sample rows for batch 363:
2025-05-24 00:47:05,809 INFO Batch 363 written to PostgreSQL
2025-05-24 00:47:08,760 INFO Received command c on object id p1
2025-05-24 00:47:08,766 INFO Received command c on object id p0
2025-05-24 00:47:08,772 INFO Sample rows for batch 364:
2025-05-24 00:47:08,961 INFO Batch 364 written to PostgreSQL
2025-05-24 00:47:15,258 INFO Received command c on object id p0
2025-05-24 00:47:15,263 INFO Sample rows for batch 365:
2025-05-24 00:47:15,392 INFO Received command c on object id p1
2025-05-24 00:47:15,622 INFO Batch 365 written to PostgreSQL
2025-05-24 00:47:24,307 INFO Received command c on object id p0
2025-05-24 00:47:24,312 INFO Sample rows for batch 366:
2025-05-24 00:47:24,452 INFO Received command c on object id p1
2025-05-24 00:47:24,628 INFO Batch 366 written to PostgreSQL
2025-05-24 00:47:32,375 INFO Received command c on object id p0
2025-05-24 00:47:32,380 INFO Sample rows for batch 367:
2025-05-24 00:47:32,634 INFO Received command c on object id p1
2025-05-24 00:47:32,825 INFO Batch 367 written to PostgreSQL
2025-05-24 00:47:41,192 INFO Received command c on object id p0
2025-05-24 00:47:41,196 INFO Sample rows for batch 368:
2025-05-24 00:47:41,400 INFO Received command c on object id p1
2025-05-24 00:47:41,588 INFO Batch 368 written to PostgreSQL
2025-05-24 00:47:49,299 INFO Received command c on object id p0
2025-05-24 00:47:49,306 INFO Sample rows for batch 369:
2025-05-24 00:47:49,553 INFO Received command c on object id p1
2025-05-24 00:47:49,753 INFO Batch 369 written to PostgreSQL
2025-05-24 00:47:57,910 INFO Received command c on object id p0
2025-05-24 00:47:57,914 INFO Sample rows for batch 370:
2025-05-24 00:47:58,332 INFO Received command c on object id p1
2025-05-24 00:47:58,670 INFO Batch 370 written to PostgreSQL
2025-05-24 00:48:07,277 INFO Received command c on object id p0
2025-05-24 00:48:07,286 INFO Sample rows for batch 371:
2025-05-24 00:48:08,167 INFO Received command c on object id p1
2025-05-24 00:48:08,376 INFO Batch 371 written to PostgreSQL
2025-05-24 00:48:15,430 INFO Received command c on object id p0
2025-05-24 00:48:15,434 INFO Sample rows for batch 372:
2025-05-24 00:48:16,208 INFO Received command c on object id p1
2025-05-24 00:48:16,429 INFO Batch 372 written to PostgreSQL
2025-05-24 00:48:24,140 INFO Received command c on object id p0
2025-05-24 00:48:24,151 INFO Sample rows for batch 373:
2025-05-24 00:48:25,405 INFO Received command c on object id p1
2025-05-24 00:48:25,681 INFO Batch 373 written to PostgreSQL
2025-05-24 00:48:33,689 INFO Received command c on object id p0
2025-05-24 00:48:33,695 INFO Sample rows for batch 374:
2025-05-24 00:48:34,821 INFO Received command c on object id p1
2025-05-24 00:48:35,040 INFO Batch 374 written to PostgreSQL
2025-05-24 00:48:42,412 INFO Received command c on object id p0
2025-05-24 00:48:42,422 INFO Sample rows for batch 375:
2025-05-24 00:48:43,779 INFO Received command c on object id p1
2025-05-24 00:48:44,032 INFO Batch 375 written to PostgreSQL
2025-05-24 00:48:51,828 INFO Received command c on object id p0
2025-05-24 00:48:51,833 INFO Sample rows for batch 376:
2025-05-24 00:48:53,022 INFO Received command c on object id p1
2025-05-24 00:48:53,201 INFO Batch 376 written to PostgreSQL
2025-05-24 00:49:00,365 INFO Received command c on object id p0
2025-05-24 00:49:00,370 INFO Sample rows for batch 377:
2025-05-24 00:49:01,368 INFO Received command c on object id p1
2025-05-24 00:49:01,532 INFO Batch 377 written to PostgreSQL
2025-05-24 00:49:08,613 INFO Received command c on object id p0
2025-05-24 00:49:08,620 INFO Sample rows for batch 378:
2025-05-24 00:49:09,846 INFO Received command c on object id p1
2025-05-24 00:49:10,022 INFO Batch 378 written to PostgreSQL
2025-05-24 00:49:17,121 INFO Received command c on object id p0
2025-05-24 00:49:17,125 INFO Sample rows for batch 379:
2025-05-24 00:49:18,346 INFO Received command c on object id p1
2025-05-24 00:49:18,617 INFO Batch 379 written to PostgreSQL
2025-05-24 00:49:25,645 INFO Received command c on object id p0
2025-05-24 00:49:25,650 INFO Sample rows for batch 380:
2025-05-24 00:49:26,854 INFO Received command c on object id p1
2025-05-24 00:49:27,011 INFO Batch 380 written to PostgreSQL
2025-05-24 00:49:34,219 INFO Received command c on object id p0
2025-05-24 00:49:34,223 INFO Sample rows for batch 381:
2025-05-24 00:49:35,631 INFO Received command c on object id p1
2025-05-24 00:49:35,920 INFO Batch 381 written to PostgreSQL
2025-05-24 00:49:42,859 INFO Received command c on object id p0
2025-05-24 00:49:42,865 INFO Sample rows for batch 382:
2025-05-24 00:49:44,558 INFO Received command c on object id p1
2025-05-24 00:49:44,744 INFO Batch 382 written to PostgreSQL
2025-05-24 00:49:51,205 INFO Received command c on object id p0
2025-05-24 00:49:51,210 INFO Sample rows for batch 383:
2025-05-24 00:49:53,582 INFO Received command c on object id p1
2025-05-24 00:49:53,758 INFO Batch 383 written to PostgreSQL
2025-05-24 00:50:00,066 INFO Received command c on object id p0
2025-05-24 00:50:00,072 INFO Sample rows for batch 384:
2025-05-24 00:50:02,046 INFO Received command c on object id p1
2025-05-24 00:50:02,290 INFO Batch 384 written to PostgreSQL
2025-05-24 00:50:08,518 INFO Received command c on object id p0
2025-05-24 00:50:08,523 INFO Sample rows for batch 385:
2025-05-24 00:50:11,524 INFO Received command c on object id p1
2025-05-24 00:50:11,922 INFO Batch 385 written to PostgreSQL
2025-05-24 00:50:18,396 INFO Received command c on object id p0
2025-05-24 00:50:18,400 INFO Sample rows for batch 386:
2025-05-24 00:50:21,444 INFO Received command c on object id p1
2025-05-24 00:50:21,607 INFO Batch 386 written to PostgreSQL
2025-05-24 00:50:26,848 INFO Received command c on object id p0
2025-05-24 00:50:26,852 INFO Sample rows for batch 387:
2025-05-24 00:50:29,365 INFO Received command c on object id p1
2025-05-24 00:50:29,517 INFO Batch 387 written to PostgreSQL
2025-05-24 00:50:36,456 INFO Received command c on object id p0
2025-05-24 00:50:36,466 INFO Sample rows for batch 388:
2025-05-24 00:50:38,870 INFO Received command c on object id p1
2025-05-24 00:50:39,054 INFO Batch 388 written to PostgreSQL
2025-05-24 00:50:45,665 INFO Received command c on object id p0
2025-05-24 00:50:45,670 INFO Sample rows for batch 389:
2025-05-24 00:50:47,921 INFO Received command c on object id p1
2025-05-24 00:50:48,092 INFO Batch 389 written to PostgreSQL
2025-05-24 00:50:55,408 INFO Received command c on object id p0
2025-05-24 00:50:55,421 INFO Sample rows for batch 390:
2025-05-24 00:50:57,778 INFO Received command c on object id p1
2025-05-24 00:50:57,961 INFO Batch 390 written to PostgreSQL
2025-05-24 00:51:04,558 INFO Received command c on object id p0
2025-05-24 00:51:04,563 INFO Sample rows for batch 391:
2025-05-24 00:51:07,704 INFO Received command c on object id p1
2025-05-24 00:51:07,945 INFO Batch 391 written to PostgreSQL
2025-05-24 00:51:13,762 INFO Received command c on object id p0
2025-05-24 00:51:13,769 INFO Sample rows for batch 392:
2025-05-24 00:51:17,584 INFO Received command c on object id p1
2025-05-24 00:51:17,891 INFO Batch 392 written to PostgreSQL
2025-05-24 00:51:22,560 INFO Received command c on object id p0
2025-05-24 00:51:22,566 INFO Sample rows for batch 393:
2025-05-24 00:51:26,241 INFO Received command c on object id p1
2025-05-24 00:51:26,581 INFO Batch 393 written to PostgreSQL
2025-05-24 00:51:31,173 INFO Received command c on object id p0
2025-05-24 00:51:31,178 INFO Sample rows for batch 394:
2025-05-24 00:51:34,046 INFO Received command c on object id p1
2025-05-24 00:51:34,347 INFO Batch 394 written to PostgreSQL
2025-05-24 00:51:40,206 INFO Received command c on object id p0
2025-05-24 00:51:40,213 INFO Sample rows for batch 395:
2025-05-24 00:51:44,199 INFO Received command c on object id p1
2025-05-24 00:51:44,435 INFO Batch 395 written to PostgreSQL
2025-05-24 00:51:49,778 INFO Received command c on object id p0
2025-05-24 00:51:49,788 INFO Sample rows for batch 396:
2025-05-24 00:51:53,391 INFO Received command c on object id p1
2025-05-24 00:51:53,605 INFO Batch 396 written to PostgreSQL
2025-05-24 00:51:58,706 INFO Received command c on object id p0
2025-05-24 00:51:58,711 INFO Sample rows for batch 397:
2025-05-24 00:52:02,328 INFO Received command c on object id p1
2025-05-24 00:52:02,516 INFO Batch 397 written to PostgreSQL
2025-05-24 00:52:08,250 INFO Received command c on object id p0
2025-05-24 00:52:08,255 INFO Sample rows for batch 398:
2025-05-24 00:52:11,368 INFO Received command c on object id p1
2025-05-24 00:52:11,566 INFO Batch 398 written to PostgreSQL
2025-05-24 00:52:17,046 INFO Received command c on object id p0
2025-05-24 00:52:17,051 INFO Sample rows for batch 399:
2025-05-24 00:52:20,249 INFO Received command c on object id p1
2025-05-24 00:52:20,418 INFO Batch 399 written to PostgreSQL
2025-05-24 00:52:26,023 INFO Received command c on object id p0
2025-05-24 00:52:26,028 INFO Sample rows for batch 400:
2025-05-24 00:52:29,810 INFO Received command c on object id p1
2025-05-24 00:52:30,053 INFO Batch 400 written to PostgreSQL
2025-05-24 00:52:34,993 INFO Received command c on object id p0
2025-05-24 00:52:34,997 INFO Sample rows for batch 401:
2025-05-24 00:52:39,170 INFO Received command c on object id p1
2025-05-24 00:52:39,329 INFO Batch 401 written to PostgreSQL
2025-05-24 00:52:43,523 INFO Received command c on object id p0
2025-05-24 00:52:43,528 INFO Sample rows for batch 402:
2025-05-24 00:52:48,546 INFO Received command c on object id p1
2025-05-24 00:52:48,831 INFO Batch 402 written to PostgreSQL
2025-05-24 00:52:52,529 INFO Received command c on object id p0
2025-05-24 00:52:52,533 INFO Sample rows for batch 403:
2025-05-24 00:52:56,577 INFO Received command c on object id p1
2025-05-24 00:52:56,731 INFO Batch 403 written to PostgreSQL
2025-05-24 00:53:00,516 INFO Received command c on object id p0
2025-05-24 00:53:00,524 INFO Sample rows for batch 404:
2025-05-24 00:53:06,113 INFO Received command c on object id p1
2025-05-24 00:53:06,279 INFO Batch 404 written to PostgreSQL
2025-05-24 00:53:10,078 INFO Received command c on object id p0
2025-05-24 00:53:10,085 INFO Sample rows for batch 405:
2025-05-24 00:53:14,978 INFO Received command c on object id p1
2025-05-24 00:53:15,154 INFO Batch 405 written to PostgreSQL
2025-05-24 00:53:18,984 INFO Received command c on object id p0
2025-05-24 00:53:18,991 INFO Sample rows for batch 406:
2025-05-24 00:53:24,244 INFO Received command c on object id p1
2025-05-24 00:53:24,429 INFO Batch 406 written to PostgreSQL
2025-05-24 00:53:28,640 INFO Received command c on object id p0
2025-05-24 00:53:28,648 INFO Sample rows for batch 407:
2025-05-24 00:53:33,876 INFO Received command c on object id p1
2025-05-24 00:53:34,027 INFO Batch 407 written to PostgreSQL
2025-05-24 00:53:38,536 INFO Received command c on object id p0
2025-05-24 00:53:38,541 INFO Sample rows for batch 408:
2025-05-24 00:53:42,826 INFO Received command c on object id p1
2025-05-24 00:53:43,035 INFO Batch 408 written to PostgreSQL
2025-05-24 00:53:47,303 INFO Received command c on object id p0
2025-05-24 00:53:47,311 INFO Sample rows for batch 409:
2025-05-24 00:53:52,898 INFO Received command c on object id p1
2025-05-24 00:53:53,171 INFO Batch 409 written to PostgreSQL
2025-05-24 00:53:57,038 INFO Received command c on object id p0
2025-05-24 00:53:57,042 INFO Sample rows for batch 410:
2025-05-24 00:54:02,325 INFO Received command c on object id p1
2025-05-24 00:54:02,564 INFO Batch 410 written to PostgreSQL
2025-05-24 00:54:05,140 INFO Received command c on object id p0
2025-05-24 00:54:05,144 INFO Sample rows for batch 411:
2025-05-24 00:54:10,743 INFO Received command c on object id p1
2025-05-24 00:54:11,120 INFO Batch 411 written to PostgreSQL
2025-05-24 00:54:14,512 INFO Received command c on object id p0
2025-05-24 00:54:14,521 INFO Sample rows for batch 412:
2025-05-24 00:54:21,058 INFO Received command c on object id p1
2025-05-24 00:54:21,232 INFO Batch 412 written to PostgreSQL
2025-05-24 00:54:23,828 INFO Received command c on object id p0
2025-05-24 00:54:23,836 INFO Sample rows for batch 413:
2025-05-24 00:54:30,898 INFO Received command c on object id p1
2025-05-24 00:54:31,085 INFO Batch 413 written to PostgreSQL
2025-05-24 00:54:33,654 INFO Received command c on object id p0
2025-05-24 00:54:33,658 INFO Sample rows for batch 414:
2025-05-24 00:54:40,458 INFO Received command c on object id p1
2025-05-24 00:54:40,692 INFO Batch 414 written to PostgreSQL
2025-05-24 00:54:43,287 INFO Received command c on object id p0
2025-05-24 00:54:43,297 INFO Sample rows for batch 415:
2025-05-24 00:54:49,095 INFO Received command c on object id p1
2025-05-24 00:54:49,268 INFO Batch 415 written to PostgreSQL
2025-05-24 00:54:52,127 INFO Received command c on object id p0
2025-05-24 00:54:52,136 INFO Sample rows for batch 416:
2025-05-24 00:54:59,247 INFO Received command c on object id p1
2025-05-24 00:54:59,552 INFO Batch 416 written to PostgreSQL
2025-05-24 00:55:02,143 INFO Received command c on object id p0
2025-05-24 00:55:02,151 INFO Sample rows for batch 417:
2025-05-24 00:55:08,683 INFO Received command c on object id p1
2025-05-24 00:55:08,868 INFO Batch 417 written to PostgreSQL
2025-05-24 00:55:11,141 INFO Received command c on object id p0
2025-05-24 00:55:11,145 INFO Sample rows for batch 418:
2025-05-24 00:55:18,782 INFO Received command c on object id p1
2025-05-24 00:55:19,027 INFO Batch 418 written to PostgreSQL
2025-05-24 00:55:21,054 INFO Received command c on object id p0
2025-05-24 00:55:21,061 INFO Sample rows for batch 419:
2025-05-24 00:55:28,973 INFO Received command c on object id p1
2025-05-24 00:55:29,164 INFO Batch 419 written to PostgreSQL
2025-05-24 00:55:30,559 INFO Received command c on object id p0
2025-05-24 00:55:30,565 INFO Sample rows for batch 420:
2025-05-24 00:55:38,795 INFO Received command c on object id p1
2025-05-24 00:55:38,979 INFO Batch 420 written to PostgreSQL
2025-05-24 00:55:40,921 INFO Received command c on object id p0
2025-05-24 00:55:40,926 INFO Sample rows for batch 421:
2025-05-24 00:55:48,525 INFO Received command c on object id p1
2025-05-24 00:55:48,768 INFO Batch 421 written to PostgreSQL
2025-05-24 00:55:49,476 INFO Received command c on object id p0
2025-05-24 00:55:49,480 INFO Sample rows for batch 422:
2025-05-24 00:55:56,619 INFO Received command c on object id p1
2025-05-24 00:55:56,838 INFO Batch 422 written to PostgreSQL
2025-05-24 00:55:57,909 INFO Received command c on object id p0
2025-05-24 00:55:57,913 INFO Sample rows for batch 423:
2025-05-24 00:56:04,984 INFO Received command c on object id p1
2025-05-24 00:56:05,242 INFO Batch 423 written to PostgreSQL
2025-05-24 00:56:06,412 INFO Received command c on object id p0
2025-05-24 00:56:06,421 INFO Sample rows for batch 424:
2025-05-24 00:56:14,324 INFO Received command c on object id p1
2025-05-24 00:56:14,494 INFO Batch 424 written to PostgreSQL
2025-05-24 00:56:14,789 INFO Received command c on object id p0
2025-05-24 00:56:14,794 INFO Sample rows for batch 425:
2025-05-24 00:56:22,271 INFO Received command c on object id p1
2025-05-24 00:56:22,485 INFO Batch 425 written to PostgreSQL
2025-05-24 00:56:22,564 INFO Received command c on object id p0
2025-05-24 00:56:22,568 INFO Sample rows for batch 426:
2025-05-24 00:56:32,985 INFO Received command c on object id p1
2025-05-24 00:56:33,182 INFO Received command c on object id p0
2025-05-24 00:56:33,183 INFO Batch 426 written to PostgreSQL
2025-05-24 00:56:33,186 INFO Sample rows for batch 427:
2025-05-24 00:56:42,713 INFO Received command c on object id p1
2025-05-24 00:56:42,823 INFO Received command c on object id p0
2025-05-24 00:56:42,827 INFO Sample rows for batch 428:
2025-05-24 00:56:42,884 INFO Batch 427 written to PostgreSQL
2025-05-24 00:56:48,976 INFO Received command c on object id p1
2025-05-24 00:56:49,079 INFO Received command c on object id p0
2025-05-24 00:56:49,086 INFO Sample rows for batch 429:
2025-05-24 00:56:49,193 INFO Batch 428 written to PostgreSQL
2025-05-24 00:56:57,826 INFO Received command c on object id p0
2025-05-24 00:56:57,830 INFO Sample rows for batch 430:
2025-05-24 00:56:57,897 INFO Received command c on object id p1
2025-05-24 00:56:58,154 INFO Batch 429 written to PostgreSQL
2025-05-24 00:57:07,431 INFO Received command c on object id p0
2025-05-24 00:57:07,435 INFO Sample rows for batch 431:
2025-05-24 00:57:07,625 INFO Received command c on object id p1
2025-05-24 00:57:07,819 INFO Batch 430 written to PostgreSQL
2025-05-24 00:57:15,964 INFO Received command c on object id p0
2025-05-24 00:57:15,969 INFO Sample rows for batch 432:
2025-05-24 00:57:16,311 INFO Received command c on object id p1
2025-05-24 00:57:16,574 INFO Batch 431 written to PostgreSQL
2025-05-24 00:57:25,288 INFO Received command c on object id p0
2025-05-24 00:57:25,295 INFO Sample rows for batch 433:
2025-05-24 00:57:25,843 INFO Received command c on object id p1
2025-05-24 00:57:26,094 INFO Batch 432 written to PostgreSQL
2025-05-24 00:57:35,728 INFO Received command c on object id p0
2025-05-24 00:57:35,732 INFO Sample rows for batch 434:
2025-05-24 00:57:36,569 INFO Received command c on object id p1
2025-05-24 00:57:36,760 INFO Batch 433 written to PostgreSQL
2025-05-24 00:57:45,873 INFO Received command c on object id p0
2025-05-24 00:57:45,877 INFO Sample rows for batch 435:
2025-05-24 00:57:46,831 INFO Received command c on object id p1
2025-05-24 00:57:47,002 INFO Batch 434 written to PostgreSQL
2025-05-24 00:57:56,427 INFO Received command c on object id p0
2025-05-24 00:57:56,437 INFO Sample rows for batch 436:
2025-05-24 00:57:57,973 INFO Received command c on object id p1
2025-05-24 00:57:58,146 INFO Batch 435 written to PostgreSQL
2025-05-24 00:58:05,297 INFO Received command c on object id p0
2025-05-24 00:58:05,304 INFO Sample rows for batch 437:
2025-05-24 00:58:06,184 INFO Received command c on object id p1
2025-05-24 00:58:06,346 INFO Batch 436 written to PostgreSQL
2025-05-24 00:58:13,184 INFO Received command c on object id p0
2025-05-24 00:58:13,190 INFO Sample rows for batch 438:
2025-05-24 00:58:14,373 INFO Received command c on object id p1
2025-05-24 00:58:14,619 INFO Batch 437 written to PostgreSQL
2025-05-24 00:58:23,787 INFO Received command c on object id p0
2025-05-24 00:58:23,792 INFO Sample rows for batch 439:
2025-05-24 00:58:25,204 INFO Received command c on object id p1
2025-05-24 00:58:25,391 INFO Batch 438 written to PostgreSQL
2025-05-24 00:58:33,797 INFO Received command c on object id p0
2025-05-24 00:58:33,802 INFO Sample rows for batch 440:
2025-05-24 00:58:35,334 INFO Received command c on object id p1
2025-05-24 00:58:35,607 INFO Batch 439 written to PostgreSQL
2025-05-24 00:58:42,981 INFO Received command c on object id p0
2025-05-24 00:58:42,985 INFO Sample rows for batch 441:
2025-05-24 00:58:44,632 INFO Received command c on object id p1
2025-05-24 00:58:44,789 INFO Batch 440 written to PostgreSQL
2025-05-24 00:58:50,609 INFO Received command c on object id p0
2025-05-24 00:58:50,612 INFO Sample rows for batch 442:
2025-05-24 00:58:52,628 INFO Received command c on object id p1
2025-05-24 00:58:52,796 INFO Batch 441 written to PostgreSQL
2025-05-24 00:58:59,363 INFO Received command c on object id p0
2025-05-24 00:58:59,369 INFO Sample rows for batch 443:
2025-05-24 00:59:02,357 INFO Received command c on object id p1
2025-05-24 00:59:02,533 INFO Batch 442 written to PostgreSQL
2025-05-24 00:59:08,555 INFO Received command c on object id p0
2025-05-24 00:59:08,559 INFO Sample rows for batch 444:
2025-05-24 00:59:11,483 INFO Received command c on object id p1
2025-05-24 00:59:11,644 INFO Batch 443 written to PostgreSQL
2025-05-24 00:59:19,138 INFO Received command c on object id p0
2025-05-24 00:59:19,142 INFO Sample rows for batch 445:
2025-05-24 00:59:21,623 INFO Received command c on object id p1
2025-05-24 00:59:21,847 INFO Batch 444 written to PostgreSQL
2025-05-24 00:59:29,452 INFO Received command c on object id p0
2025-05-24 00:59:29,460 INFO Sample rows for batch 446:
2025-05-24 00:59:31,343 INFO Received command c on object id p1
2025-05-24 00:59:31,520 INFO Batch 445 written to PostgreSQL
2025-05-24 00:59:39,075 INFO Received command c on object id p0
2025-05-24 00:59:39,079 INFO Sample rows for batch 447:
2025-05-24 00:59:41,485 INFO Received command c on object id p1
2025-05-24 00:59:41,642 INFO Batch 446 written to PostgreSQL
2025-05-24 00:59:48,866 INFO Received command c on object id p0
2025-05-24 00:59:48,870 INFO Sample rows for batch 448:
2025-05-24 00:59:51,986 INFO Received command c on object id p1
2025-05-24 00:59:52,207 INFO Batch 447 written to PostgreSQL
2025-05-24 00:59:59,515 INFO Received command c on object id p0
2025-05-24 00:59:59,519 INFO Sample rows for batch 449:
2025-05-24 01:00:02,539 INFO Received command c on object id p1
2025-05-24 01:00:02,726 INFO Batch 448 written to PostgreSQL
2025-05-24 01:00:09,113 INFO Received command c on object id p0
2025-05-24 01:00:09,117 INFO Sample rows for batch 450:
2025-05-24 01:00:11,904 INFO Received command c on object id p1
2025-05-24 01:00:12,112 INFO Batch 449 written to PostgreSQL
2025-05-24 01:00:19,318 INFO Received command c on object id p0
2025-05-24 01:00:19,322 INFO Sample rows for batch 451:
2025-05-24 01:00:21,787 INFO Received command c on object id p1
2025-05-24 01:00:22,011 INFO Batch 450 written to PostgreSQL
2025-05-24 01:00:28,959 INFO Received command c on object id p0
2025-05-24 01:00:28,963 INFO Sample rows for batch 452:
2025-05-24 01:00:32,134 INFO Received command c on object id p1
2025-05-24 01:00:32,364 INFO Batch 451 written to PostgreSQL
2025-05-24 01:00:39,213 INFO Received command c on object id p0
2025-05-24 01:00:39,217 INFO Sample rows for batch 453:
2025-05-24 01:00:43,453 INFO Received command c on object id p1
2025-05-24 01:00:43,643 INFO Batch 452 written to PostgreSQL
2025-05-24 01:00:50,156 INFO Received command c on object id p0
2025-05-24 01:00:50,160 INFO Sample rows for batch 454:
2025-05-24 01:00:54,308 INFO Received command c on object id p1
2025-05-24 01:00:54,499 INFO Batch 453 written to PostgreSQL
2025-05-24 01:01:01,192 INFO Received command c on object id p0
2025-05-24 01:01:01,196 INFO Sample rows for batch 455:
2025-05-24 01:01:04,051 INFO Received command c on object id p1
2025-05-24 01:01:04,240 INFO Batch 454 written to PostgreSQL
2025-05-24 01:01:11,307 INFO Received command c on object id p0
2025-05-24 01:01:11,315 INFO Sample rows for batch 456:
2025-05-24 01:01:14,287 INFO Received command c on object id p1
2025-05-24 01:01:14,494 INFO Batch 455 written to PostgreSQL
2025-05-24 01:01:19,931 INFO Received command c on object id p0
2025-05-24 01:01:19,935 INFO Sample rows for batch 457:
2025-05-24 01:01:25,313 INFO Received command c on object id p1
2025-05-24 01:01:25,474 INFO Batch 456 written to PostgreSQL
2025-05-24 01:01:30,388 INFO Received command c on object id p0
2025-05-24 01:01:30,392 INFO Sample rows for batch 458:
2025-05-24 01:01:34,300 INFO Received command c on object id p1
2025-05-24 01:01:34,467 INFO Batch 457 written to PostgreSQL
2025-05-24 01:01:40,642 INFO Received command c on object id p0
2025-05-24 01:01:40,651 INFO Sample rows for batch 459:
2025-05-24 01:01:44,504 INFO Received command c on object id p1
2025-05-24 01:01:44,730 INFO Batch 458 written to PostgreSQL
2025-05-24 01:01:50,795 INFO Received command c on object id p0
2025-05-24 01:01:50,804 INFO Sample rows for batch 460:
2025-05-24 01:01:54,568 INFO Received command c on object id p1
2025-05-24 01:01:54,745 INFO Batch 459 written to PostgreSQL
2025-05-24 01:02:00,529 INFO Received command c on object id p0
2025-05-24 01:02:00,534 INFO Sample rows for batch 461:
2025-05-24 01:02:05,156 INFO Received command c on object id p1
2025-05-24 01:02:05,536 INFO Batch 460 written to PostgreSQL
2025-05-24 01:02:09,788 INFO Received command c on object id p0
2025-05-24 01:02:09,792 INFO Sample rows for batch 462:
2025-05-24 01:02:15,612 INFO Received command c on object id p1
2025-05-24 01:02:15,870 INFO Batch 461 written to PostgreSQL
2025-05-24 01:02:20,002 INFO Received command c on object id p0
2025-05-24 01:02:20,007 INFO Sample rows for batch 463:
2025-05-24 01:02:25,393 INFO Received command c on object id p1
2025-05-24 01:02:25,542 INFO Batch 462 written to PostgreSQL
2025-05-24 01:02:31,448 INFO Received command c on object id p0
2025-05-24 01:02:31,457 INFO Sample rows for batch 464:
2025-05-24 01:02:36,001 INFO Received command c on object id p1
2025-05-24 01:02:36,182 INFO Batch 463 written to PostgreSQL
2025-05-24 01:02:41,889 INFO Received command c on object id p0
2025-05-24 01:02:41,896 INFO Sample rows for batch 465:
2025-05-24 01:02:46,636 INFO Received command c on object id p1
2025-05-24 01:02:46,913 INFO Batch 464 written to PostgreSQL
2025-05-24 01:02:52,048 INFO Received command c on object id p0
2025-05-24 01:02:52,054 INFO Sample rows for batch 466:
2025-05-24 01:02:57,821 INFO Received command c on object id p1
2025-05-24 01:02:58,028 INFO Batch 465 written to PostgreSQL
2025-05-24 01:03:01,950 INFO Received command c on object id p0
2025-05-24 01:03:01,954 INFO Sample rows for batch 467:
2025-05-24 01:03:06,745 INFO Received command c on object id p1
2025-05-24 01:03:06,962 INFO Batch 466 written to PostgreSQL
2025-05-24 01:03:10,952 INFO Received command c on object id p0
2025-05-24 01:03:10,960 INFO Sample rows for batch 468:
2025-05-24 01:03:16,780 INFO Received command c on object id p1
2025-05-24 01:03:17,076 INFO Batch 467 written to PostgreSQL
2025-05-24 01:03:22,418 INFO Received command c on object id p0
2025-05-24 01:03:22,422 INFO Sample rows for batch 469:
2025-05-24 01:03:26,933 INFO Received command c on object id p1
2025-05-24 01:03:27,204 INFO Batch 468 written to PostgreSQL
2025-05-24 01:03:31,595 INFO Received command c on object id p0
2025-05-24 01:03:31,601 INFO Sample rows for batch 470:
2025-05-24 01:03:37,439 INFO Received command c on object id p1
2025-05-24 01:03:37,685 INFO Batch 469 written to PostgreSQL
2025-05-24 01:03:41,824 INFO Received command c on object id p0
2025-05-24 01:03:41,828 INFO Sample rows for batch 471:
2025-05-24 01:03:48,845 INFO Received command c on object id p1
2025-05-24 01:03:49,091 INFO Batch 470 written to PostgreSQL
2025-05-24 01:03:53,142 INFO Received command c on object id p0
2025-05-24 01:03:53,148 INFO Sample rows for batch 472:
2025-05-24 01:03:59,323 INFO Received command c on object id p1
2025-05-24 01:03:59,562 INFO Batch 471 written to PostgreSQL
2025-05-24 01:04:04,586 INFO Received command c on object id p0
2025-05-24 01:04:04,591 INFO Sample rows for batch 473:
2025-05-24 01:04:10,697 INFO Received command c on object id p1
2025-05-24 01:04:11,034 INFO Batch 472 written to PostgreSQL
2025-05-24 01:04:14,615 INFO Received command c on object id p0
2025-05-24 01:04:14,620 INFO Sample rows for batch 474:
2025-05-24 01:04:22,098 INFO Received command c on object id p1
2025-05-24 01:04:22,285 INFO Batch 473 written to PostgreSQL
2025-05-24 01:04:25,517 INFO Received command c on object id p0
2025-05-24 01:04:25,527 INFO Sample rows for batch 475:
2025-05-24 01:04:31,937 INFO Received command c on object id p1
2025-05-24 01:04:32,084 INFO Batch 474 written to PostgreSQL
2025-05-24 01:04:35,365 INFO Received command c on object id p0
2025-05-24 01:04:35,375 INFO Sample rows for batch 476:
2025-05-24 01:04:42,428 INFO Received command c on object id p1
2025-05-24 01:04:42,770 INFO Batch 475 written to PostgreSQL
2025-05-24 01:04:46,456 INFO Received command c on object id p0
2025-05-24 01:04:46,460 INFO Sample rows for batch 477:
2025-05-24 01:04:53,858 INFO Received command c on object id p1
2025-05-24 01:04:54,133 INFO Batch 476 written to PostgreSQL
2025-05-24 01:04:56,905 INFO Received command c on object id p0
2025-05-24 01:04:56,911 INFO Sample rows for batch 478:
2025-05-24 01:05:03,963 INFO Received command c on object id p1
2025-05-24 01:05:04,111 INFO Batch 477 written to PostgreSQL
2025-05-24 01:05:06,721 INFO Received command c on object id p0
2025-05-24 01:05:06,728 INFO Sample rows for batch 479:
2025-05-24 01:05:13,940 INFO Received command c on object id p1
2025-05-24 01:05:14,107 INFO Batch 478 written to PostgreSQL
2025-05-24 01:05:17,139 INFO Received command c on object id p0
2025-05-24 01:05:17,143 INFO Sample rows for batch 480:
2025-05-24 01:05:24,936 INFO Received command c on object id p1
2025-05-24 01:05:25,297 INFO Batch 479 written to PostgreSQL
2025-05-24 01:05:28,390 INFO Received command c on object id p0
2025-05-24 01:05:28,394 INFO Sample rows for batch 481:
2025-05-24 01:05:35,618 INFO Received command c on object id p1
2025-05-24 01:05:35,811 INFO Batch 480 written to PostgreSQL
2025-05-24 01:05:37,960 INFO Received command c on object id p0
2025-05-24 01:05:37,968 INFO Sample rows for batch 482:
2025-05-24 01:05:46,044 INFO Received command c on object id p1
2025-05-24 01:05:46,254 INFO Batch 481 written to PostgreSQL
2025-05-24 01:05:49,321 INFO Received command c on object id p0
2025-05-24 01:05:49,324 INFO Sample rows for batch 483:
2025-05-24 01:05:57,492 INFO Received command c on object id p1
2025-05-24 01:05:57,743 INFO Batch 482 written to PostgreSQL
2025-05-24 01:06:00,680 INFO Received command c on object id p0
2025-05-24 01:06:00,685 INFO Sample rows for batch 484:
2025-05-24 01:06:08,866 INFO Received command c on object id p1
2025-05-24 01:06:09,136 INFO Batch 483 written to PostgreSQL
2025-05-24 01:06:11,018 INFO Received command c on object id p0
2025-05-24 01:06:11,024 INFO Sample rows for batch 485:
2025-05-24 01:06:19,232 INFO Received command c on object id p1
2025-05-24 01:06:19,539 INFO Batch 484 written to PostgreSQL
2025-05-24 01:06:21,512 INFO Received command c on object id p0
2025-05-24 01:06:21,524 INFO Sample rows for batch 486:
2025-05-24 01:06:29,022 INFO Received command c on object id p1
2025-05-24 01:06:29,240 INFO Batch 485 written to PostgreSQL
2025-05-24 01:06:31,536 INFO Received command c on object id p0
2025-05-24 01:06:31,542 INFO Sample rows for batch 487:
2025-05-24 01:06:39,202 INFO Received command c on object id p1
2025-05-24 01:06:39,458 INFO Batch 486 written to PostgreSQL
2025-05-24 01:06:41,618 INFO Received command c on object id p0
2025-05-24 01:06:41,623 INFO Sample rows for batch 488:
2025-05-24 01:06:48,681 INFO Received command c on object id p1
2025-05-24 01:06:49,098 INFO Batch 487 written to PostgreSQL
2025-05-24 01:06:51,092 INFO Received command c on object id p0
2025-05-24 01:06:51,096 INFO Sample rows for batch 489:
2025-05-24 01:06:59,488 INFO Received command c on object id p1
2025-05-24 01:06:59,695 INFO Batch 488 written to PostgreSQL
2025-05-24 01:07:00,965 INFO Received command c on object id p0
2025-05-24 01:07:00,969 INFO Sample rows for batch 490:
2025-05-24 01:07:09,419 INFO Received command c on object id p1
2025-05-24 01:07:09,579 INFO Batch 489 written to PostgreSQL
2025-05-24 01:07:11,878 INFO Received command c on object id p0
2025-05-24 01:07:11,882 INFO Sample rows for batch 491:
2025-05-24 01:07:21,648 INFO Received command c on object id p1
2025-05-24 01:07:22,017 INFO Batch 490 written to PostgreSQL
2025-05-24 01:07:23,870 INFO Received command c on object id p0
2025-05-24 01:07:23,874 INFO Sample rows for batch 492:
2025-05-24 01:07:33,362 INFO Received command c on object id p1
2025-05-24 01:07:33,586 INFO Batch 491 written to PostgreSQL
2025-05-24 01:07:34,690 INFO Received command c on object id p0
2025-05-24 01:07:34,694 INFO Sample rows for batch 493:
2025-05-24 01:07:42,491 INFO Received command c on object id p1
2025-05-24 01:07:42,735 INFO Batch 492 written to PostgreSQL
2025-05-24 01:07:43,743 INFO Received command c on object id p0
2025-05-24 01:07:43,748 INFO Sample rows for batch 494:
2025-05-24 01:07:52,307 INFO Received command c on object id p1
2025-05-24 01:07:52,499 INFO Batch 493 written to PostgreSQL
2025-05-24 01:07:53,573 INFO Received command c on object id p0
2025-05-24 01:07:53,577 INFO Sample rows for batch 495:
2025-05-24 01:08:00,788 INFO Received command c on object id p1
2025-05-24 01:08:00,954 INFO Batch 494 written to PostgreSQL
2025-05-24 01:08:01,597 INFO Received command c on object id p0
2025-05-24 01:08:01,600 INFO Sample rows for batch 496:
2025-05-24 01:08:10,776 INFO Received command c on object id p1
2025-05-24 01:08:11,151 INFO Batch 495 written to PostgreSQL
2025-05-24 01:08:12,102 INFO Received command c on object id p0
2025-05-24 01:08:12,107 INFO Sample rows for batch 497:
2025-05-24 01:08:21,699 INFO Received command c on object id p1
2025-05-24 01:08:21,875 INFO Batch 496 written to PostgreSQL
2025-05-24 01:08:22,453 INFO Received command c on object id p0
2025-05-24 01:08:22,459 INFO Sample rows for batch 498:
2025-05-24 01:08:32,852 INFO Received command c on object id p1
2025-05-24 01:08:33,129 INFO Batch 497 written to PostgreSQL
2025-05-24 01:08:33,623 INFO Received command c on object id p0
2025-05-24 01:08:33,627 INFO Sample rows for batch 499:
2025-05-24 01:08:44,426 INFO Received command c on object id p1
2025-05-24 01:08:44,587 INFO Batch 498 written to PostgreSQL
2025-05-24 01:08:44,856 INFO Received command c on object id p0
2025-05-24 01:08:44,861 INFO Sample rows for batch 500:
2025-05-24 01:08:54,209 INFO Received command c on object id p1
2025-05-24 01:08:54,530 INFO Batch 499 written to PostgreSQL
2025-05-24 01:08:54,732 INFO Received command c on object id p0
2025-05-24 01:08:54,737 INFO Sample rows for batch 501:
2025-05-24 01:09:06,583 INFO Received command c on object id p1
2025-05-24 01:09:06,758 INFO Batch 500 written to PostgreSQL
2025-05-24 01:09:06,822 INFO Received command c on object id p0
2025-05-24 01:09:06,829 INFO Sample rows for batch 502:
2025-05-24 01:09:16,331 INFO Received command c on object id p1
2025-05-24 01:09:16,488 INFO Received command c on object id p0
2025-05-24 01:09:16,494 INFO Sample rows for batch 503:
2025-05-24 01:09:16,512 INFO Batch 501 written to PostgreSQL
2025-05-24 01:09:27,825 INFO Received command c on object id p0
2025-05-24 01:09:27,830 INFO Sample rows for batch 504:
2025-05-24 01:09:27,843 INFO Received command c on object id p1
2025-05-24 01:09:28,003 INFO Batch 502 written to PostgreSQL
2025-05-24 01:09:39,197 INFO Received command c on object id p0
2025-05-24 01:09:39,202 INFO Sample rows for batch 505:
2025-05-24 01:09:39,344 INFO Received command c on object id p1
2025-05-24 01:09:39,508 INFO Batch 503 written to PostgreSQL
2025-05-24 01:09:49,612 INFO Received command c on object id p0
2025-05-24 01:09:49,617 INFO Sample rows for batch 506:
2025-05-24 01:09:49,963 INFO Received command c on object id p1
2025-05-24 01:09:50,170 INFO Batch 504 written to PostgreSQL
2025-05-24 01:09:59,286 INFO Received command c on object id p0
2025-05-24 01:09:59,292 INFO Sample rows for batch 507:
2025-05-24 01:10:00,084 INFO Received command c on object id p1
2025-05-24 01:10:00,255 INFO Batch 505 written to PostgreSQL
2025-05-24 01:10:09,483 INFO Received command c on object id p0
2025-05-24 01:10:09,487 INFO Sample rows for batch 508:
2025-05-24 01:10:10,381 INFO Received command c on object id p1
2025-05-24 01:10:10,680 INFO Batch 506 written to PostgreSQL
2025-05-24 01:10:20,472 INFO Received command c on object id p0
2025-05-24 01:10:20,485 INFO Sample rows for batch 509:
2025-05-24 01:10:21,514 INFO Received command c on object id p1
2025-05-24 01:10:21,677 INFO Batch 507 written to PostgreSQL
2025-05-24 01:10:31,021 INFO Received command c on object id p0
2025-05-24 01:10:31,027 INFO Sample rows for batch 510:
2025-05-24 01:10:32,253 INFO Received command c on object id p1
2025-05-24 01:10:32,486 INFO Batch 508 written to PostgreSQL
2025-05-24 01:10:41,221 INFO Received command c on object id p0
2025-05-24 01:10:41,225 INFO Sample rows for batch 511:
2025-05-24 01:10:43,174 INFO Received command c on object id p1
2025-05-24 01:10:43,390 INFO Batch 509 written to PostgreSQL
2025-05-24 01:10:52,317 INFO Received command c on object id p0
2025-05-24 01:10:52,322 INFO Sample rows for batch 512:
2025-05-24 01:10:54,153 INFO Received command c on object id p1
2025-05-24 01:10:54,336 INFO Batch 510 written to PostgreSQL
2025-05-24 01:11:01,609 INFO Received command c on object id p0
2025-05-24 01:11:01,614 INFO Sample rows for batch 513:
2025-05-24 01:11:02,848 INFO Received command c on object id p1
2025-05-24 01:11:03,028 INFO Batch 511 written to PostgreSQL
2025-05-24 01:11:11,838 INFO Received command c on object id p0
2025-05-24 01:11:11,843 INFO Sample rows for batch 514:
2025-05-24 01:11:13,573 INFO Received command c on object id p1
2025-05-24 01:11:13,762 INFO Batch 512 written to PostgreSQL
2025-05-24 01:11:21,683 INFO Received command c on object id p0
2025-05-24 01:11:21,689 INFO Sample rows for batch 515:
2025-05-24 01:11:23,671 INFO Received command c on object id p1
2025-05-24 01:11:23,873 INFO Batch 513 written to PostgreSQL
2025-05-24 01:11:29,329 INFO Received command c on object id p0
2025-05-24 01:11:29,333 INFO Sample rows for batch 516:
2025-05-24 01:11:31,380 INFO Received command c on object id p1
2025-05-24 01:11:31,675 INFO Batch 514 written to PostgreSQL
2025-05-24 01:11:38,483 INFO Received command c on object id p0
2025-05-24 01:11:38,487 INFO Sample rows for batch 517:
2025-05-24 01:11:41,093 INFO Received command c on object id p1
2025-05-24 01:11:41,342 INFO Batch 515 written to PostgreSQL
2025-05-24 01:11:48,662 INFO Received command c on object id p0
2025-05-24 01:11:48,667 INFO Sample rows for batch 518:
2025-05-24 01:11:50,654 INFO Received command c on object id p1
2025-05-24 01:11:50,817 INFO Batch 516 written to PostgreSQL
2025-05-24 01:11:57,475 INFO Received command c on object id p0
2025-05-24 01:11:57,484 INFO Sample rows for batch 519:
2025-05-24 01:12:00,025 INFO Received command c on object id p1
2025-05-24 01:12:00,223 INFO Batch 517 written to PostgreSQL
2025-05-24 01:12:04,920 INFO Received command c on object id p0
2025-05-24 01:12:04,926 INFO Sample rows for batch 520:
2025-05-24 01:12:07,442 INFO Received command c on object id p1
2025-05-24 01:12:07,612 INFO Batch 518 written to PostgreSQL
2025-05-24 01:12:14,450 INFO Received command c on object id p0
2025-05-24 01:12:14,459 INFO Sample rows for batch 521:
2025-05-24 01:12:17,395 INFO Received command c on object id p1
2025-05-24 01:12:17,612 INFO Batch 519 written to PostgreSQL
2025-05-24 01:12:23,897 INFO Received command c on object id p0
2025-05-24 01:12:23,902 INFO Sample rows for batch 522:
2025-05-24 01:12:26,173 INFO Received command c on object id p1
2025-05-24 01:12:26,427 INFO Batch 520 written to PostgreSQL
2025-05-24 01:12:32,107 INFO Received command c on object id p0
2025-05-24 01:12:32,111 INFO Sample rows for batch 523:
2025-05-24 01:12:35,051 INFO Received command c on object id p1
2025-05-24 01:12:35,216 INFO Batch 521 written to PostgreSQL
2025-05-24 01:12:41,425 INFO Received command c on object id p0
2025-05-24 01:12:41,428 INFO Sample rows for batch 524:
2025-05-24 01:12:44,578 INFO Received command c on object id p1
2025-05-24 01:12:44,824 INFO Batch 522 written to PostgreSQL
2025-05-24 01:12:50,448 INFO Received command c on object id p0
2025-05-24 01:12:50,454 INFO Sample rows for batch 525:
2025-05-24 01:12:54,552 INFO Received command c on object id p1
2025-05-24 01:12:54,753 INFO Batch 523 written to PostgreSQL
2025-05-24 01:12:59,705 INFO Received command c on object id p0
2025-05-24 01:12:59,708 INFO Sample rows for batch 526:
2025-05-24 01:13:03,522 INFO Received command c on object id p1
2025-05-24 01:13:03,784 INFO Batch 524 written to PostgreSQL
2025-05-24 01:13:09,988 INFO Received command c on object id p0
2025-05-24 01:13:09,992 INFO Sample rows for batch 527:
2025-05-24 01:13:13,208 INFO Received command c on object id p1
2025-05-24 01:13:13,384 INFO Batch 525 written to PostgreSQL
2025-05-24 01:13:20,166 INFO Received command c on object id p0
2025-05-24 01:13:20,172 INFO Sample rows for batch 528:
2025-05-24 01:13:23,700 INFO Received command c on object id p1
2025-05-24 01:13:23,906 INFO Batch 526 written to PostgreSQL
2025-05-24 01:13:30,066 INFO Received command c on object id p0
2025-05-24 01:13:30,071 INFO Sample rows for batch 529:
2025-05-24 01:13:35,018 INFO Received command c on object id p1
2025-05-24 01:13:35,407 INFO Batch 527 written to PostgreSQL
2025-05-24 01:13:41,650 INFO Received command c on object id p0
2025-05-24 01:13:41,658 INFO Sample rows for batch 530:
2025-05-24 01:13:46,336 INFO Received command c on object id p1
2025-05-24 01:13:46,531 INFO Batch 528 written to PostgreSQL
2025-05-24 01:13:53,623 INFO Received command c on object id p0
2025-05-24 01:13:53,629 INFO Sample rows for batch 531:
2025-05-24 01:13:58,064 INFO Received command c on object id p1
2025-05-24 01:13:58,288 INFO Batch 529 written to PostgreSQL
2025-05-24 01:14:04,903 INFO Received command c on object id p0
2025-05-24 01:14:04,908 INFO Sample rows for batch 532:
2025-05-24 01:14:08,517 INFO Received command c on object id p1
2025-05-24 01:14:08,728 INFO Batch 530 written to PostgreSQL
2025-05-24 01:14:13,061 INFO Received command c on object id p0
2025-05-24 01:14:13,065 INFO Sample rows for batch 533:
2025-05-24 01:14:16,835 INFO Received command c on object id p1
2025-05-24 01:14:16,995 INFO Batch 531 written to PostgreSQL
2025-05-24 01:14:22,693 INFO Received command c on object id p0
2025-05-24 01:14:22,701 INFO Sample rows for batch 534:
2025-05-24 01:14:27,413 INFO Received command c on object id p1
2025-05-24 01:14:27,754 INFO Batch 532 written to PostgreSQL
2025-05-24 01:14:33,894 INFO Received command c on object id p0
2025-05-24 01:14:33,898 INFO Sample rows for batch 535:
2025-05-24 01:14:37,542 INFO Received command c on object id p1
2025-05-24 01:14:37,762 INFO Batch 533 written to PostgreSQL
2025-05-24 01:14:42,491 INFO Received command c on object id p0
2025-05-24 01:14:42,503 INFO Sample rows for batch 536:
2025-05-24 01:14:47,962 INFO Received command c on object id p1
2025-05-24 01:14:48,144 INFO Batch 534 written to PostgreSQL
2025-05-24 01:14:53,275 INFO Received command c on object id p0
2025-05-24 01:14:53,281 INFO Sample rows for batch 537:
2025-05-24 01:14:59,626 INFO Received command c on object id p1
2025-05-24 01:14:59,790 INFO Batch 535 written to PostgreSQL
2025-05-24 01:15:06,197 INFO Received command c on object id p0
2025-05-24 01:15:06,201 INFO Sample rows for batch 538:
2025-05-24 01:15:11,284 INFO Received command c on object id p1
2025-05-24 01:15:11,575 INFO Batch 536 written to PostgreSQL
2025-05-24 01:15:17,977 INFO Received command c on object id p0
2025-05-24 01:15:17,982 INFO Sample rows for batch 539:
2025-05-24 01:15:22,810 INFO Received command c on object id p1
2025-05-24 01:15:23,204 INFO Batch 537 written to PostgreSQL
2025-05-24 01:15:29,208 INFO Received command c on object id p0
2025-05-24 01:15:29,212 INFO Sample rows for batch 540:
2025-05-24 01:15:35,126 INFO Received command c on object id p1
2025-05-24 01:15:35,301 INFO Batch 538 written to PostgreSQL
2025-05-24 01:15:41,657 INFO Received command c on object id p0
2025-05-24 01:15:41,665 INFO Sample rows for batch 541:
2025-05-24 01:15:46,001 INFO Received command c on object id p1
2025-05-24 01:15:46,271 INFO Batch 539 written to PostgreSQL
2025-05-24 01:15:51,488 INFO Received command c on object id p0
2025-05-24 01:15:51,493 INFO Sample rows for batch 542:
2025-05-24 01:15:57,756 INFO Received command c on object id p1
2025-05-24 01:15:58,007 INFO Batch 540 written to PostgreSQL
2025-05-24 01:16:02,881 INFO Received command c on object id p0
2025-05-24 01:16:02,886 INFO Sample rows for batch 543:
2025-05-24 01:16:09,495 INFO Received command c on object id p1
2025-05-24 01:16:09,698 INFO Batch 541 written to PostgreSQL
2025-05-24 01:16:15,805 INFO Received command c on object id p0
2025-05-24 01:16:15,808 INFO Sample rows for batch 544:
2025-05-24 01:16:20,328 INFO Received command c on object id p1
2025-05-24 01:16:20,530 INFO Batch 542 written to PostgreSQL
2025-05-24 01:16:25,151 INFO Received command c on object id p0
2025-05-24 01:16:25,157 INFO Sample rows for batch 545:
2025-05-24 01:16:31,826 INFO Received command c on object id p1
2025-05-24 01:16:32,160 INFO Batch 543 written to PostgreSQL
2025-05-24 01:16:36,527 INFO Received command c on object id p0
2025-05-24 01:16:36,532 INFO Sample rows for batch 546:
2025-05-24 01:16:43,000 INFO Received command c on object id p1
2025-05-24 01:16:43,235 INFO Batch 544 written to PostgreSQL
2025-05-24 01:16:46,908 INFO Received command c on object id p0
2025-05-24 01:16:46,912 INFO Sample rows for batch 547:
2025-05-24 01:16:52,516 INFO Received command c on object id p1
2025-05-24 01:16:52,775 INFO Batch 545 written to PostgreSQL
2025-05-24 01:16:57,807 INFO Received command c on object id p0
2025-05-24 01:16:57,812 INFO Sample rows for batch 548:
2025-05-24 01:17:05,737 INFO Received command c on object id p1
2025-05-24 01:17:05,940 INFO Batch 546 written to PostgreSQL
2025-05-24 01:17:09,721 INFO Received command c on object id p0
2025-05-24 01:17:09,725 INFO Sample rows for batch 549:
2025-05-24 01:17:16,411 INFO Received command c on object id p1
2025-05-24 01:17:16,730 INFO Batch 547 written to PostgreSQL
2025-05-24 01:17:19,650 INFO Received command c on object id p0
2025-05-24 01:17:19,654 INFO Sample rows for batch 550:
2025-05-24 01:17:26,651 INFO Received command c on object id p1
2025-05-24 01:17:26,816 INFO Batch 548 written to PostgreSQL
2025-05-24 01:17:30,809 INFO Received command c on object id p0
2025-05-24 01:17:30,818 INFO Sample rows for batch 551:
2025-05-24 01:17:38,329 INFO Received command c on object id p1
2025-05-24 01:17:38,507 INFO Batch 549 written to PostgreSQL
2025-05-24 01:17:41,596 INFO Received command c on object id p0
2025-05-24 01:17:41,603 INFO Sample rows for batch 552:
2025-05-24 01:17:49,948 INFO Received command c on object id p1
2025-05-24 01:17:50,224 INFO Batch 550 written to PostgreSQL
2025-05-24 01:17:52,788 INFO Received command c on object id p0
2025-05-24 01:17:52,792 INFO Sample rows for batch 553:
2025-05-24 01:18:00,810 INFO Received command c on object id p1
2025-05-24 01:18:00,981 INFO Batch 551 written to PostgreSQL
2025-05-24 01:18:04,038 INFO Received command c on object id p0
2025-05-24 01:18:04,042 INFO Sample rows for batch 554:
2025-05-24 01:18:10,614 INFO Received command c on object id p1
2025-05-24 01:18:10,855 INFO Batch 552 written to PostgreSQL
2025-05-24 01:18:13,590 INFO Received command c on object id p0
2025-05-24 01:18:13,595 INFO Sample rows for batch 555:
2025-05-24 01:18:22,657 INFO Received command c on object id p1
2025-05-24 01:18:22,813 INFO Batch 553 written to PostgreSQL
2025-05-24 01:18:25,787 INFO Received command c on object id p0
2025-05-24 01:18:25,791 INFO Sample rows for batch 556:
2025-05-24 01:18:33,061 INFO Received command c on object id p1
2025-05-24 01:18:33,264 INFO Batch 554 written to PostgreSQL
2025-05-24 01:18:34,779 INFO Received command c on object id p0
2025-05-24 01:18:34,784 INFO Sample rows for batch 557:
2025-05-24 01:18:43,091 INFO Received command c on object id p1
2025-05-24 01:18:43,373 INFO Batch 555 written to PostgreSQL
2025-05-24 01:18:44,943 INFO Received command c on object id p0
2025-05-24 01:18:44,948 INFO Sample rows for batch 558:
2025-05-24 01:18:52,994 INFO Received command c on object id p1
2025-05-24 01:18:53,166 INFO Batch 556 written to PostgreSQL
2025-05-24 01:18:54,372 INFO Received command c on object id p0
2025-05-24 01:18:54,378 INFO Sample rows for batch 559:
2025-05-24 01:19:01,786 INFO Received command c on object id p1
2025-05-24 01:19:02,030 INFO Batch 557 written to PostgreSQL
2025-05-24 01:19:03,011 INFO Received command c on object id p0
2025-05-24 01:19:03,015 INFO Sample rows for batch 560:
2025-05-24 01:19:10,079 INFO Received command c on object id p1
2025-05-24 01:19:10,374 INFO Batch 558 written to PostgreSQL
2025-05-24 01:19:11,296 INFO Received command c on object id p0
2025-05-24 01:19:11,301 INFO Sample rows for batch 561:
2025-05-24 01:19:18,942 INFO Received command c on object id p1
2025-05-24 01:19:19,116 INFO Batch 559 written to PostgreSQL
2025-05-24 01:19:19,802 INFO Received command c on object id p0
2025-05-24 01:19:19,807 INFO Sample rows for batch 562:
2025-05-24 01:19:27,560 INFO Received command c on object id p1
2025-05-24 01:19:27,746 INFO Batch 560 written to PostgreSQL
2025-05-24 01:19:28,320 INFO Received command c on object id p0
2025-05-24 01:19:28,324 INFO Sample rows for batch 563:
2025-05-24 01:19:37,184 INFO Received command c on object id p1
2025-05-24 01:19:37,383 INFO Batch 561 written to PostgreSQL
2025-05-24 01:19:37,997 INFO Received command c on object id p0
2025-05-24 01:19:38,001 INFO Sample rows for batch 564:
2025-05-24 01:19:45,166 INFO Received command c on object id p1
2025-05-24 01:19:45,362 INFO Batch 562 written to PostgreSQL
2025-05-24 01:19:45,752 INFO Received command c on object id p0
2025-05-24 01:19:45,756 INFO Sample rows for batch 565:
2025-05-24 01:19:55,388 INFO Received command c on object id p1
2025-05-24 01:19:55,600 INFO Batch 563 written to PostgreSQL
2025-05-24 01:19:55,777 INFO Received command c on object id p0
2025-05-24 01:19:55,781 INFO Sample rows for batch 566:
2025-05-24 01:20:06,849 INFO Received command c on object id p1
2025-05-24 01:20:07,003 INFO Batch 564 written to PostgreSQL
2025-05-24 01:20:07,182 INFO Received command c on object id p0
2025-05-24 01:20:07,188 INFO Sample rows for batch 567:
2025-05-24 01:20:18,100 INFO Received command c on object id p1
2025-05-24 01:20:18,324 INFO Batch 565 written to PostgreSQL
2025-05-24 01:20:18,438 INFO Received command c on object id p0
2025-05-24 01:20:18,444 INFO Sample rows for batch 568:
2025-05-24 01:20:31,539 INFO Received command c on object id p1
2025-05-24 01:20:31,706 INFO Batch 566 written to PostgreSQL
2025-05-24 01:20:31,710 INFO Received command c on object id p0
2025-05-24 01:20:31,714 INFO Sample rows for batch 569:
2025-05-24 01:20:43,392 INFO Received command c on object id p1
2025-05-24 01:20:43,471 INFO Received command c on object id p0
2025-05-24 01:20:43,476 INFO Sample rows for batch 570:
2025-05-24 01:20:43,578 INFO Batch 567 written to PostgreSQL
2025-05-24 01:20:49,411 INFO Received command c on object id p1
2025-05-24 01:20:49,420 INFO Received command c on object id p0
2025-05-24 01:20:49,426 INFO Sample rows for batch 571:
2025-05-24 01:20:49,649 INFO Batch 568 written to PostgreSQL
2025-05-24 01:21:15,009 INFO Received command c on object id p0
2025-05-24 01:21:15,019 INFO Sample rows for batch 572:
2025-05-24 01:21:15,219 INFO Received command c on object id p1
2025-05-24 01:21:15,403 INFO Batch 569 written to PostgreSQL
2025-05-24 01:21:28,419 INFO Received command c on object id p0
2025-05-24 01:21:28,423 INFO Sample rows for batch 573:
2025-05-24 01:21:28,631 INFO Received command c on object id p1
2025-05-24 01:21:28,832 INFO Batch 570 written to PostgreSQL
2025-05-24 01:21:39,005 INFO Received command c on object id p0
2025-05-24 01:21:39,009 INFO Sample rows for batch 574:
2025-05-24 01:21:39,423 INFO Received command c on object id p1
2025-05-24 01:21:39,658 INFO Batch 571 written to PostgreSQL
2025-05-24 01:21:49,352 INFO Received command c on object id p0
2025-05-24 01:21:49,357 INFO Sample rows for batch 575:
2025-05-24 01:21:49,882 INFO Received command c on object id p1
2025-05-24 01:21:50,042 INFO Batch 572 written to PostgreSQL
2025-05-24 01:22:00,784 INFO Received command c on object id p0
2025-05-24 01:22:00,795 INFO Sample rows for batch 576:
2025-05-24 01:22:02,480 INFO Received command c on object id p1
2025-05-24 01:22:02,713 INFO Batch 573 written to PostgreSQL
2025-05-24 01:22:14,518 INFO Received command c on object id p0
2025-05-24 01:22:14,523 INFO Sample rows for batch 577:
2025-05-24 01:22:15,354 INFO Received command c on object id p1
2025-05-24 01:22:15,560 INFO Batch 574 written to PostgreSQL
2025-05-24 01:22:26,443 INFO Received command c on object id p0
2025-05-24 01:22:26,450 INFO Sample rows for batch 578:
2025-05-24 01:22:27,696 INFO Received command c on object id p1
2025-05-24 01:22:27,899 INFO Batch 575 written to PostgreSQL
2025-05-24 01:22:37,170 INFO Received command c on object id p0
2025-05-24 01:22:37,176 INFO Sample rows for batch 579:
2025-05-24 01:22:38,661 INFO Received command c on object id p1
2025-05-24 01:22:38,859 INFO Batch 576 written to PostgreSQL
2025-05-24 01:22:49,723 INFO Received command c on object id p0
2025-05-24 01:22:49,727 INFO Sample rows for batch 580:
2025-05-24 01:22:51,706 INFO Received command c on object id p1
2025-05-24 01:22:51,993 INFO Batch 577 written to PostgreSQL
2025-05-24 01:23:00,198 INFO Received command c on object id p0
2025-05-24 01:23:00,205 INFO Sample rows for batch 581:
2025-05-24 01:23:01,392 INFO Received command c on object id p1
2025-05-24 01:23:01,571 INFO Batch 578 written to PostgreSQL
2025-05-24 01:23:11,415 INFO Received command c on object id p0
2025-05-24 01:23:11,424 INFO Sample rows for batch 582:
2025-05-24 01:23:12,795 INFO Received command c on object id p1
2025-05-24 01:23:12,974 INFO Batch 579 written to PostgreSQL
2025-05-24 01:23:21,760 INFO Received command c on object id p0
2025-05-24 01:23:21,766 INFO Sample rows for batch 583:
2025-05-24 01:23:23,432 INFO Received command c on object id p1
2025-05-24 01:23:23,602 INFO Batch 580 written to PostgreSQL
2025-05-24 01:23:32,945 INFO Received command c on object id p0
2025-05-24 01:23:32,953 INFO Sample rows for batch 584:
2025-05-24 01:23:34,835 INFO Received command c on object id p1
2025-05-24 01:23:35,033 INFO Batch 581 written to PostgreSQL
2025-05-24 01:23:44,638 INFO Received command c on object id p0
2025-05-24 01:23:44,642 INFO Sample rows for batch 585:
2025-05-24 01:23:46,358 INFO Received command c on object id p1
2025-05-24 01:23:46,571 INFO Batch 582 written to PostgreSQL
2025-05-24 01:23:55,733 INFO Received command c on object id p0
2025-05-24 01:23:55,738 INFO Sample rows for batch 586:
2025-05-24 01:23:58,272 INFO Received command c on object id p1
2025-05-24 01:23:58,459 INFO Batch 583 written to PostgreSQL
2025-05-24 01:24:05,894 INFO Received command c on object id p0
2025-05-24 01:24:05,907 INFO Sample rows for batch 587:
2025-05-24 01:24:08,084 INFO Received command c on object id p1
2025-05-24 01:24:08,336 INFO Batch 584 written to PostgreSQL
2025-05-24 01:24:17,015 INFO Received command c on object id p0
2025-05-24 01:24:17,030 INFO Sample rows for batch 588:
2025-05-24 01:24:19,405 INFO Received command c on object id p1
2025-05-24 01:24:19,579 INFO Batch 585 written to PostgreSQL
2025-05-24 01:24:29,804 INFO Received command c on object id p0
2025-05-24 01:24:29,813 INFO Sample rows for batch 589:
2025-05-24 01:24:33,363 INFO Received command c on object id p1
2025-05-24 01:24:33,549 INFO Batch 586 written to PostgreSQL
2025-05-24 01:24:41,973 INFO Received command c on object id p0
2025-05-24 01:24:41,978 INFO Sample rows for batch 590:
2025-05-24 01:24:44,726 INFO Received command c on object id p1
2025-05-24 01:24:45,037 INFO Batch 587 written to PostgreSQL
2025-05-24 01:24:54,780 INFO Received command c on object id p0
2025-05-24 01:24:54,791 INFO Sample rows for batch 591:
2025-05-24 01:24:58,354 INFO Received command c on object id p1
2025-05-24 01:24:58,527 INFO Batch 588 written to PostgreSQL
2025-05-24 01:25:07,145 INFO Received command c on object id p0
2025-05-24 01:25:07,150 INFO Sample rows for batch 592:
2025-05-24 01:25:10,156 INFO Received command c on object id p1
2025-05-24 01:25:10,433 INFO Batch 589 written to PostgreSQL
2025-05-24 01:25:18,654 INFO Received command c on object id p0
2025-05-24 01:25:18,658 INFO Sample rows for batch 593:
2025-05-24 01:25:21,860 INFO Received command c on object id p1
2025-05-24 01:25:22,036 INFO Batch 590 written to PostgreSQL
2025-05-24 01:25:29,121 INFO Received command c on object id p0
2025-05-24 01:25:29,137 INFO Sample rows for batch 594:
2025-05-24 01:25:32,488 INFO Received command c on object id p1
2025-05-24 01:25:32,674 INFO Batch 591 written to PostgreSQL
2025-05-24 01:25:41,353 INFO Received command c on object id p0
2025-05-24 01:25:41,357 INFO Sample rows for batch 595:
2025-05-24 01:25:44,309 INFO Received command c on object id p1
2025-05-24 01:25:44,672 INFO Batch 592 written to PostgreSQL
2025-05-24 01:25:52,906 INFO Received command c on object id p0
2025-05-24 01:25:52,911 INFO Sample rows for batch 596:
2025-05-24 01:25:57,298 INFO Received command c on object id p1
2025-05-24 01:25:57,470 INFO Batch 593 written to PostgreSQL
2025-05-24 01:26:05,112 INFO Received command c on object id p0
2025-05-24 01:26:05,117 INFO Sample rows for batch 597:
2025-05-24 01:26:09,436 INFO Received command c on object id p1
2025-05-24 01:26:09,603 INFO Batch 594 written to PostgreSQL
2025-05-24 01:26:16,486 INFO Received command c on object id p0
2025-05-24 01:26:16,494 INFO Sample rows for batch 598:
2025-05-24 01:26:21,892 INFO Received command c on object id p1
2025-05-24 01:26:22,086 INFO Batch 595 written to PostgreSQL
